"month","town","flat_type","block","street_name","storey_range","floor_area_sqm","flat_model","lease_commence_date","remaining_lease","resale_price"
"2017-01","BEDOK","3 ROOM","116","BEDOK RESERVOIR RD","10 TO 12",67,"New Generation",1986,"68 years 02 months",3e+05
"2017-01","BEDOK","3 ROOM","105","BEDOK NTH AVE 4","04 TO 06",67,"New Generation",1977,"59 years 08 months",305000
"2017-01","BISHAN","5 ROOM","214","BISHAN ST 23","04 TO 06",139,"Model A",1992,"74 years 04 months",650000
"2017-01","BUKIT BATOK","4 ROOM","193","BT BATOK WEST AVE 6","13 TO 15",99,"Model A",1997,"79 years 05 months",465000
"2017-01","BUKIT MERAH","3 ROOM","61","TELOK BLANGAH HTS","07 TO 09",67,"New Generation",1976,"58 years 08 months",340000
"2017-01","BUKIT MERAH","4 ROOM","106","HENDERSON CRES","07 TO 09",81,"Improved",1975,"57 years",470000
"2017-01","GEYLANG","3 ROOM","30","BALAM RD","07 TO 09",57,"Standard",1973,"55 years 06 months",272000
"2017-01","GEYLANG","4 ROOM","40","SIMS DR","01 TO 03",109,"Model A",1990,"72 years 05 months",420000
"2017-01","HOUGANG","3 ROOM","644","HOUGANG AVE 8","01 TO 03",60,"Improved",1987,"69 years",268000
"2017-01","HOUGANG","3 ROOM","24","HOUGANG AVE 3","01 TO 03",67,"New Generation",1978,"60 years 05 months",269000
"2017-01","HOUGANG","5 ROOM","572","HOUGANG ST 51","10 TO 12",118,"Improved",1997,"79 years 01 month",450000
"2017-01","JURONG WEST","3 ROOM","915","JURONG WEST ST 91","10 TO 12",73,"Model A",1988,"70 years 07 months",280000
"2017-01","JURONG WEST","5 ROOM","273C","JURONG WEST AVE 3","13 TO 15",111,"Improved",2001,"83 years 11 months",410000
"2017-01","KALLANG/WHAMPOA","3 ROOM","3","ST. GEORGE'S RD","13 TO 15",59,"Improved",1976,"58 years 04 months",286000
"2017-01","KALLANG/WHAMPOA","EXECUTIVE","105","JLN RAJAH","04 TO 06",150,"Maisonette",1984,"66 years 07 months",8e+05
"2017-01","PUNGGOL","4 ROOM","305D","PUNGGOL DR","04 TO 06",93,"Premium Apartment",2012,"94 years 06 months",5e+05
"2017-01","QUEENSTOWN","3 ROOM","1","DOVER RD","10 TO 12",65,"Improved",1975,"57 years 06 months",355000
"2017-01","SEMBAWANG","4 ROOM","489","ADMIRALTY LINK","04 TO 06",96,"Model A",2010,"92 years 07 months",363000
"2017-01","SEMBAWANG","4 ROOM","467","ADMIRALTY DR","10 TO 12",102,"Premium Apartment",2001,"83 years 06 months",365000
"2017-01","SEMBAWANG","5 ROOM","357A","ADMIRALTY DR","10 TO 12",110,"Premium Apartment",2001,"83 years 05 months",415000
"2017-01","SENGKANG","4 ROOM","158C","RIVERVALE CRES","01 TO 03",90,"Premium Apartment",2003,"85 years 08 months",343000
"2017-01","SENGKANG","4 ROOM","296C","COMPASSVALE CRES","13 TO 15",91,"Model A",2002,"84 years 02 months",373000
"2017-01","SENGKANG","4 ROOM","211A","COMPASSVALE LANE","04 TO 06",93,"Model A",2013,"95 years 02 months",421000
"2017-01","SENGKANG","5 ROOM","320D","ANCHORVALE DR","01 TO 03",110,"Improved",2002,"84 years 08 months",415000
"2017-01","SENGKANG","5 ROOM","205C","COMPASSVALE LANE","13 TO 15",123,"Improved",1999,"81 years 05 months",428000
"2017-01","WOODLANDS","4 ROOM","554","WOODLANDS DR 53","07 TO 09",90,"Model A2",1999,"81 years 11 months",350000
"2017-01","WOODLANDS","4 ROOM","792","WOODLANDS AVE 6","10 TO 12",101,"Model A",1997,"79 years 10 months",388888
"2017-01","WOODLANDS","EXECUTIVE","865","WOODLANDS ST 83","04 TO 06",145,"Apartment",1996,"78 years 02 months",528000
"2017-01","YISHUN","3 ROOM","725","YISHUN ST 71","07 TO 09",64,"Simplified",1987,"69 years 09 months",281000
"2017-02","BEDOK","3 ROOM","122","BEDOK NTH ST 2","10 TO 12",67,"New Generation",1978,"60 years 01 month",312300
"2017-02","BEDOK","4 ROOM","156","BEDOK STH AVE 3","10 TO 12",84,"Simplified",1985,"67 years 10 months",470000
"2017-02","BEDOK","4 ROOM","654","JLN TENAGA","07 TO 09",108,"Model A",1996,"78 years 10 months",490000
"2017-02","BISHAN","3 ROOM","110","BISHAN ST 12","07 TO 09",64,"Simplified",1986,"68 years",4e+05
"2017-02","BUKIT PANJANG","3 ROOM","112","PENDING RD","01 TO 03",64,"Simplified",1988,"70 years 09 months",255000
"2017-02","HOUGANG","4 ROOM","922","HOUGANG ST 91","13 TO 15",100,"Model A",1998,"80 years",378000
"2017-02","JURONG WEST","3 ROOM","515","JURONG WEST ST 52","01 TO 03",74,"Model A",1984,"66 years 04 months",263000
"2017-02","MARINE PARADE","4 ROOM","60","MARINE DR","10 TO 12",87,"Improved",1976,"57 years 11 months",618000
"2017-02","PASIR RIS","EXECUTIVE","779","PASIR RIS ST 71","13 TO 15",144,"Apartment",1996,"78 years 06 months",670000
"2017-02","PUNGGOL","4 ROOM","613A","PUNGGOL DR","07 TO 09",93,"Model A",2012,"94 years 10 months",430000
"2017-02","QUEENSTOWN","3 ROOM","4","HOLLAND CL","13 TO 15",65,"Improved",1974,"56 years 03 months",428000
"2017-02","SERANGOON","4 ROOM","226","SERANGOON AVE 4","13 TO 15",91,"New Generation",1984,"66 years 05 months",410000
"2017-02","TOA PAYOH","3 ROOM","115","POTONG PASIR AVE 1","10 TO 12",67,"New Generation",1984,"66 years 08 months",320000
"2017-02","WOODLANDS","3 ROOM","159","WOODLANDS ST 13","10 TO 12",73,"Model A",1990,"72 years 03 months",303000
"2017-02","WOODLANDS","4 ROOM","690F","WOODLANDS DR 75","16 TO 18",90,"Premium Apartment",2004,"85 years 11 months",345000
"2017-02","YISHUN","4 ROOM","766","YISHUN AVE 3","01 TO 03",84,"Simplified",1985,"67 years 07 months",314000
"2017-02","YISHUN","4 ROOM","628","YISHUN ST 61","10 TO 12",103,"Model A",1988,"70 years 01 month",425000
"2017-03","ANG MO KIO","3 ROOM","128","ANG MO KIO AVE 3","04 TO 06",67,"New Generation",1978,"60 years 06 months",312888
"2017-03","ANG MO KIO","5 ROOM","553","ANG MO KIO AVE 10","25 TO 27",119,"Improved",1980,"62 years 05 months",643800
"2017-03","BEDOK","3 ROOM","122","BEDOK NTH ST 2","07 TO 09",67,"New Generation",1978,"60 years",335000
"2017-03","BEDOK","4 ROOM","64","NEW UPP CHANGI RD","13 TO 15",92,"New Generation",1978,"60 years 03 months",430000
"2017-03","BISHAN","4 ROOM","111","BISHAN ST 12","07 TO 09",105,"Model A",1986,"67 years 10 months",695000
"2017-03","BISHAN","5 ROOM","179","BISHAN ST 13","10 TO 12",121,"Improved",1987,"69 years 05 months",813000
"2017-03","BUKIT BATOK","4 ROOM","148","BT BATOK WEST AVE 6","10 TO 12",93,"New Generation",1984,"66 years 04 months",368000
"2017-03","BUKIT MERAH","4 ROOM","65","TELOK BLANGAH DR","10 TO 12",92,"New Generation",1978,"60 years 04 months",5e+05
"2017-03","BUKIT PANJANG","3 ROOM","109","GANGSA RD","04 TO 06",64,"Simplified",1988,"70 years",275000
"2017-03","BUKIT PANJANG","EXECUTIVE","470","SEGAR RD","13 TO 15",130,"Premium Apartment",2002,"84 years 01 month",470000
"2017-03","CHOA CHU KANG","4 ROOM","688A","CHOA CHU KANG DR","01 TO 03",90,"Model A",2002,"84 years",305000
"2017-03","CLEMENTI","3 ROOM","366","CLEMENTI AVE 2","10 TO 12",61,"Model A",2003,"85 years",345000
"2017-03","GEYLANG","4 ROOM","2B","GEYLANG SERAI","10 TO 12",93,"Model A",2011,"93 years 09 months",645000
"2017-03","HOUGANG","4 ROOM","835","HOUGANG CTRL","07 TO 09",104,"Model A",1992,"74 years 06 months",465000
"2017-03","HOUGANG","EXECUTIVE","141","LOR AH SOO","04 TO 06",146,"Maisonette",1985,"66 years 10 months",650000
"2017-03","JURONG WEST","4 ROOM","685A","JURONG WEST ST 64","07 TO 09",93,"Premium Apartment",2000,"82 years 05 months",436000
"2017-03","KALLANG/WHAMPOA","3 ROOM","53","JLN MA'MOR","01 TO 03",111,"Terrace",1972,"54 years 04 months",750000
"2017-03","KALLANG/WHAMPOA","5 ROOM","18","JLN TENTERAM","19 TO 21",105,"Improved",2004,"86 years 04 months",6e+05
"2017-03","PASIR RIS","EXECUTIVE","607","ELIAS RD","01 TO 03",154,"Apartment",1995,"77 years 04 months",643000
"2017-03","PUNGGOL","4 ROOM","601D","PUNGGOL CTRL","04 TO 06",93,"Model A",2012,"94 years 04 months",4e+05
"2017-03","PUNGGOL","4 ROOM","615A","EDGEFIELD PLAINS","07 TO 09",92,"Model A",2012,"94 years 09 months",445000
"2017-03","PUNGGOL","4 ROOM","269C","PUNGGOL FIELD","10 TO 12",93,"Premium Apartment",2013,"94 years 10 months",472000
"2017-03","PUNGGOL","5 ROOM","173D","PUNGGOL FIELD","10 TO 12",110,"Improved",2003,"85 years 07 months",395000
"2017-03","PUNGGOL","5 ROOM","175D","PUNGGOL FIELD","04 TO 06",110,"Improved",2003,"85 years 03 months",401500
"2017-03","QUEENSTOWN","3 ROOM","12","HOLLAND AVE","10 TO 12",65,"Improved",1975,"56 years 10 months",445000
"2017-03","QUEENSTOWN","4 ROOM","28","GHIM MOH LINK","31 TO 33",92,"Model A",2013,"95 years 01 month",788000
"2017-03","SEMBAWANG","4 ROOM","589A","MONTREAL DR","07 TO 09",86,"Model A2",2002,"84 years 09 months",365000
"2017-03","SENGKANG","4 ROOM","154","RIVERVALE CRES","01 TO 03",91,"Model A",2005,"87 years 09 months",335000
"2017-03","SENGKANG","4 ROOM","183B","RIVERVALE CRES","13 TO 15",90,"Model A",2003,"85 years 02 months",351000
"2017-03","SENGKANG","5 ROOM","195","RIVERVALE DR","01 TO 03",110,"Improved",2001,"83 years 04 months",365000
"2017-03","SENGKANG","5 ROOM","317B","ANCHORVALE RD","10 TO 12",110,"Premium Apartment",2003,"85 years 03 months",460000
"2017-03","SENGKANG","5 ROOM","260B","SENGKANG EAST WAY","10 TO 12",110,"Improved",2001,"82 years 10 months",508000
"2017-03","SERANGOON","4 ROOM","553","SERANGOON NTH AVE 3","04 TO 06",100,"Model A",1997,"79 years 06 months",390000
"2017-03","TAMPINES","5 ROOM","341","TAMPINES ST 33","01 TO 03",127,"Improved",1995,"77 years 09 months",495000
"2017-03","TAMPINES","EXECUTIVE","857","TAMPINES ST 83","01 TO 03",146,"Maisonette",1988,"69 years 11 months",776888
"2017-03","TOA PAYOH","4 ROOM","79E","TOA PAYOH CTRL","34 TO 36",76,"Model A",2009,"91 years 01 month",680000
"2017-03","TOA PAYOH","EXECUTIVE","237","LOR 1 TOA PAYOH","04 TO 06",146,"Maisonette",1986,"68 years 05 months",768000
"2017-03","WOODLANDS","4 ROOM","584","WOODLANDS DR 16","10 TO 12",91,"Model A",2001,"83 years 04 months",365000
"2017-03","WOODLANDS","4 ROOM","894C","WOODLANDS DR 50","10 TO 12",100,"Model A",1996,"78 years 05 months",395000
"2017-03","WOODLANDS","5 ROOM","580","WOODLANDS DR 16","10 TO 12",110,"Improved",2001,"83 years 01 month",430000
"2017-03","WOODLANDS","5 ROOM","502A","WOODLANDS DR 14","07 TO 09",123,"Improved",1998,"80 years 08 months",443000
"2017-03","WOODLANDS","5 ROOM","521","WOODLANDS DR 14","10 TO 12",126,"Premium Apartment",2000,"82 years 03 months",462000
"2017-03","YISHUN","4 ROOM","365","YISHUN RING RD","10 TO 12",105,"Model A",1989,"71 years 01 month",355000
"2017-04","ANG MO KIO","3 ROOM","542","ANG MO KIO AVE 10","04 TO 06",68,"New Generation",1981,"62 years 10 months",270000
"2017-04","ANG MO KIO","5 ROOM","588C","ANG MO KIO ST 52","13 TO 15",112,"DBSS",2011,"93 years 04 months",790000
"2017-04","BEDOK","5 ROOM","658","JLN TENAGA","07 TO 09",127,"Improved",1996,"78 years 06 months",558000
"2017-04","BUKIT BATOK","4 ROOM","308","BT BATOK ST 31","01 TO 03",93,"New Generation",1985,"67 years 02 months",350000
"2017-04","BUKIT PANJANG","3 ROOM","219","PETIR RD","10 TO 12",73,"Model A",1988,"70 years",285000
"2017-04","BUKIT PANJANG","4 ROOM","406","FAJAR RD","04 TO 06",104,"Model A",1989,"70 years 09 months",345000
"2017-04","CENTRAL AREA","3 ROOM","668","CHANDER RD","10 TO 12",75,"Model A",1984,"66 years 06 months",375000
"2017-04","CENTRAL AREA","3 ROOM","5","TG PAGAR PLAZA","10 TO 12",59,"Improved",1977,"58 years 10 months",430000
"2017-04","CENTRAL AREA","4 ROOM","668","CHANDER RD","10 TO 12",103,"Model A",1984,"66 years 07 months",5e+05
"2017-04","CHOA CHU KANG","5 ROOM","626","CHOA CHU KANG ST 62","01 TO 03",121,"Improved",1997,"79 years 01 month",442800
"2017-04","CLEMENTI","4 ROOM","707","CLEMENTI WEST ST 2","07 TO 09",92,"New Generation",1980,"62 years 03 months",445000
"2017-04","CLEMENTI","EXECUTIVE","116","CLEMENTI ST 13","10 TO 12",151,"Maisonette",1984,"66 years 03 months",827000
"2017-04","HOUGANG","4 ROOM","701","HOUGANG AVE 2","07 TO 09",91,"New Generation",1985,"67 years 06 months",390088.88
"2017-04","JURONG EAST","3 ROOM","248","JURONG EAST ST 24","04 TO 06",67,"New Generation",1983,"64 years 11 months",255000
"2017-04","JURONG EAST","EXECUTIVE","285D","TOH GUAN RD","01 TO 03",144,"Apartment",1998,"80 years 08 months",680000
"2017-04","JURONG WEST","3 ROOM","207","BOON LAY PL","04 TO 06",74,"Improved",1976,"58 years 01 month",258888
"2017-04","JURONG WEST","3 ROOM","515","JURONG WEST ST 52","01 TO 03",74,"Model A",1984,"66 years 02 months",317000
"2017-04","JURONG WEST","3 ROOM","339D","KANG CHING RD","10 TO 12",67,"Model A",2012,"93 years 11 months",358000
"2017-04","JURONG WEST","4 ROOM","486","JURONG WEST AVE 1","10 TO 12",91,"New Generation",1985,"66 years 10 months",390000
"2017-04","JURONG WEST","4 ROOM","478","JURONG WEST ST 41","07 TO 09",91,"New Generation",1985,"66 years 11 months",392000
"2017-04","JURONG WEST","5 ROOM","988C","JURONG WEST ST 93","10 TO 12",110,"Premium Apartment",2008,"90 years 04 months",478000
"2017-04","KALLANG/WHAMPOA","3 ROOM","72","GEYLANG BAHRU","04 TO 06",59,"Improved",1974,"56 years",265000
"2017-04","KALLANG/WHAMPOA","3 ROOM","1","BEACH RD","07 TO 09",68,"Improved",1979,"61 years 05 months",340000
"2017-04","MARINE PARADE","3 ROOM","31","MARINE CRES","13 TO 15",76,"Improved",1975,"57 years 01 month",460000
"2017-04","MARINE PARADE","5 ROOM","3","MARINE TER","10 TO 12",120,"Standard",1975,"56 years 10 months",750000
"2017-04","PUNGGOL","4 ROOM","176C","EDGEFIELD PLAINS","07 TO 09",90,"Model A",2003,"85 years 04 months",355000
"2017-04","PUNGGOL","4 ROOM","132","EDGEDALE PLAINS","16 TO 18",91,"Premium Apartment",2003,"85 years 07 months",360000
"2017-04","PUNGGOL","4 ROOM","603B","PUNGGOL RD","10 TO 12",93,"Model A",2012,"94 years 07 months",410000
"2017-04","PUNGGOL","5 ROOM","199B","PUNGGOL FIELD","04 TO 06",110,"Improved",2003,"85 years 01 month",421000
"2017-04","PUNGGOL","5 ROOM","637B","PUNGGOL DR","13 TO 15",111,"Premium Apartment",2005,"86 years 09 months",442000
"2017-04","QUEENSTOWN","3 ROOM","8","HOLLAND AVE","10 TO 12",59,"Improved",1974,"56 years 01 month",405000
"2017-04","QUEENSTOWN","4 ROOM","22","GHIM MOH LINK","19 TO 21",92,"Model A",2013,"95 years",766000
"2017-04","TAMPINES","4 ROOM","270","TAMPINES ST 21","01 TO 03",116,"Model A",1985,"67 years 08 months",445000
"2017-04","TOA PAYOH","3 ROOM","71","LOR 4 TOA PAYOH","01 TO 03",58,"Standard",1969,"50 years 09 months",255000
"2017-04","TOA PAYOH","4 ROOM","222","LOR 8 TOA PAYOH","10 TO 12",82,"Improved",1976,"57 years 11 months",375000
"2017-04","TOA PAYOH","4 ROOM","146","LOR 2 TOA PAYOH","25 TO 27",86,"Model A",2006,"87 years 09 months",718000
"2017-04","WOODLANDS","5 ROOM","511","WOODLANDS DR 14","04 TO 06",125,"Premium Apartment",1999,"80 years 11 months",468000
"2017-04","WOODLANDS","EXECUTIVE","308","WOODLANDS AVE 1","07 TO 09",192,"Apartment",1994,"75 years 09 months",729000
"2017-04","YISHUN","4 ROOM","766","YISHUN AVE 3","07 TO 09",104,"Model A",1985,"67 years 04 months",398000
"2017-04","YISHUN","5 ROOM","310","YISHUN RING RD","04 TO 06",134,"Model A",1995,"76 years 10 months",421000
"2017-05","ANG MO KIO","3 ROOM","728","ANG MO KIO AVE 6","04 TO 06",82,"New Generation",1980,"62 years 05 months",345000
"2017-05","ANG MO KIO","4 ROOM","588D","ANG MO KIO ST 52","25 TO 27",91,"DBSS",2011,"93 years 03 months",735000
"2017-05","ANG MO KIO","5 ROOM","588C","ANG MO KIO ST 52","22 TO 24",117,"DBSS",2011,"93 years 03 months",855000
"2017-05","BEDOK","3 ROOM","42","CHAI CHEE ST","01 TO 03",67,"New Generation",1985,"67 years 01 month",3e+05
"2017-05","BEDOK","3 ROOM","107","BEDOK NTH RD","07 TO 09",67,"New Generation",1977,"59 years 02 months",310800
"2017-05","BEDOK","4 ROOM","521","BEDOK NTH AVE 1","07 TO 09",92,"New Generation",1979,"61 years 02 months",418000
"2017-05","BEDOK","EXECUTIVE","29A","CHAI CHEE AVE","10 TO 12",146,"Maisonette",1996,"78 years 05 months",760000
"2017-05","BISHAN","EXECUTIVE","261","BISHAN ST 22","01 TO 03",146,"Maisonette",1992,"74 years 03 months",815000
"2017-05","BUKIT MERAH","3 ROOM","148","SILAT AVE","10 TO 12",67,"New Generation",1982,"64 years 05 months",380888
"2017-05","BUKIT PANJANG","4 ROOM","502","JELAPANG RD","16 TO 18",102,"Model A",1998,"79 years 09 months",370000
"2017-05","CHOA CHU KANG","5 ROOM","785","CHOA CHU KANG DR","07 TO 09",135,"Model A",1997,"78 years 08 months",472000
"2017-05","HOUGANG","4 ROOM","544","HOUGANG AVE 8","16 TO 18",104,"Model A",1992,"74 years 05 months",470000
"2017-05","HOUGANG","5 ROOM","531","HOUGANG AVE 6","07 TO 09",121,"Improved",1988,"69 years 09 months",538000
"2017-05","JURONG EAST","EXECUTIVE","337","JURONG EAST AVE 1","04 TO 06",147,"Maisonette",1985,"67 years 02 months",575000
"2017-05","JURONG WEST","3 ROOM","516","JURONG WEST ST 52","10 TO 12",74,"Model A",1984,"66 years 03 months",355000
"2017-05","JURONG WEST","4 ROOM","693","JURONG WEST CTRL 1","01 TO 03",100,"Premium Apartment",1998,"79 years 10 months",408000
"2017-05","JURONG WEST","5 ROOM","677C","JURONG WEST ST 64","10 TO 12",110,"Premium Apartment",2008,"90 years 01 month",438000
"2017-05","JURONG WEST","5 ROOM","674A","JURONG WEST ST 65","10 TO 12",110,"Improved",2002,"84 years",440000
"2017-05","JURONG WEST","5 ROOM","705","JURONG WEST ST 71","01 TO 03",135,"Model A",1995,"77 years 02 months",456000
"2017-05","KALLANG/WHAMPOA","2 ROOM","6","BEACH RD","16 TO 18",42,"Standard",1979,"61 years 04 months",260000
"2017-05","KALLANG/WHAMPOA","4 ROOM","14A","UPP BOON KENG RD","01 TO 03",101,"Model A",1999,"81 years 01 month",515000
"2017-05","PASIR RIS","4 ROOM","105","PASIR RIS ST 12","10 TO 12",104,"Model A",1989,"70 years 09 months",420000
"2017-05","PUNGGOL","4 ROOM","613D","PUNGGOL DR","10 TO 12",93,"Model A",2012,"94 years 08 months",443000
"2017-05","PUNGGOL","4 ROOM","619B","PUNGGOL DR","07 TO 09",93,"Premium Apartment",2013,"95 years 04 months",448000
"2017-05","PUNGGOL","4 ROOM","289B","PUNGGOL PL","07 TO 09",96,"Premium Apartment",2013,"94 years 10 months",505000
"2017-05","SEMBAWANG","4 ROOM","403","ADMIRALTY LINK","07 TO 09",90,"Model A",2001,"82 years 10 months",320800
"2017-05","SENGKANG","4 ROOM","146","RIVERVALE DR","13 TO 15",100,"Model A",1999,"81 years 04 months",366888
"2017-05","SENGKANG","5 ROOM","213A","COMPASSVALE LANE","10 TO 12",115,"Premium Apartment",2012,"94 years 05 months",539000
"2017-05","SENGKANG","EXECUTIVE","313D","ANCHORVALE RD","07 TO 09",125,"Premium Apartment",2003,"85 years 01 month",545000
"2017-05","SENGKANG","EXECUTIVE","189A","RIVERVALE DR","01 TO 03",130,"Apartment",2000,"82 years 03 months",468000
"2017-05","SERANGOON","4 ROOM","111","SERANGOON NTH AVE 1","04 TO 06",91,"New Generation",1985,"67 years 03 months",365000
"2017-05","SERANGOON","4 ROOM","225","SERANGOON AVE 4","07 TO 09",96,"New Generation",1985,"66 years 10 months",433888
"2017-05","SERANGOON","5 ROOM","532","SERANGOON NTH AVE 4","07 TO 09",122,"Improved",1992,"74 years 06 months",518000
"2017-05","TAMPINES","4 ROOM","725","TAMPINES ST 71","01 TO 03",104,"Model A",1997,"79 years 03 months",395000
"2017-05","TAMPINES","4 ROOM","271","TAMPINES ST 21","04 TO 06",104,"Model A",1984,"66 years 05 months",455000
"2017-05","TAMPINES","5 ROOM","143","TAMPINES ST 12","04 TO 06",134,"Model A",1984,"66 years 02 months",6e+05
"2017-05","TAMPINES","5 ROOM","515B","TAMPINES CTRL 7","04 TO 06",108,"DBSS",2008,"90 years 07 months",660000
"2017-05","TAMPINES","EXECUTIVE","311","TAMPINES ST 33","04 TO 06",148,"Apartment",1993,"75 years 02 months",643000
"2017-05","TAMPINES","EXECUTIVE","144","SIMEI ST 2","01 TO 03",146,"Maisonette",1987,"69 years 07 months",715000
"2017-05","TOA PAYOH","3 ROOM","121","POTONG PASIR AVE 1","04 TO 06",75,"Model A",1984,"66 years",358000
"2017-05","WOODLANDS","5 ROOM","367","WOODLANDS AVE 5","04 TO 06",126,"Improved",1996,"78 years 01 month",494000
"2017-05","YISHUN","3 ROOM","629","YISHUN ST 61","01 TO 03",73,"Model A",1988,"69 years 11 months",283000
"2017-05","YISHUN","3 ROOM","287","YISHUN AVE 6","07 TO 09",74,"Model A",1985,"67 years 03 months",285888
"2017-05","YISHUN","4 ROOM","609","YISHUN ST 61","04 TO 06",84,"Simplified",1986,"68 years 01 month",298000
"2017-05","YISHUN","5 ROOM","932","YISHUN CTRL 1","01 TO 03",122,"Improved",1993,"74 years 09 months",5e+05
"2017-05","YISHUN","EXECUTIVE","360","YISHUN RING RD","04 TO 06",146,"Maisonette",1988,"70 years 03 months",590000
"2017-06","ANG MO KIO","3 ROOM","434","ANG MO KIO AVE 10","10 TO 12",82,"New Generation",1979,"60 years 07 months",370000
"2017-06","ANG MO KIO","3 ROOM","424","ANG MO KIO AVE 3","04 TO 06",73,"New Generation",1979,"60 years 07 months",383000
"2017-06","ANG MO KIO","5 ROOM","588D","ANG MO KIO ST 52","13 TO 15",117,"DBSS",2011,"93 years 02 months",860000
"2017-06","BEDOK","3 ROOM","151","BEDOK RESERVOIR RD","01 TO 03",63,"Simplified",1988,"70 years 04 months",272000
"2017-06","BEDOK","5 ROOM","651","JLN TENAGA","07 TO 09",127,"Improved",1996,"78 years 04 months",590000
"2017-06","BUKIT BATOK","4 ROOM","329","BT BATOK ST 33","10 TO 12",84,"Simplified",1986,"68 years 06 months",330000
"2017-06","BUKIT BATOK","4 ROOM","289G","BT BATOK ST 25","07 TO 09",101,"Model A",1998,"80 years 01 month",431000
"2017-06","BUKIT MERAH","4 ROOM","111A","DEPOT RD","07 TO 09",100,"Model A",2006,"87 years 08 months",570000
"2017-06","CHOA CHU KANG","4 ROOM","669","CHOA CHU KANG CRES","16 TO 18",104,"Premium Apartment",1999,"81 years 04 months",381000
"2017-06","GEYLANG","5 ROOM","22","EUNOS CRES","10 TO 12",123,"Standard",1977,"58 years 11 months",528000
"2017-06","JURONG EAST","3 ROOM","211","JURONG EAST ST 21","04 TO 06",67,"New Generation",1983,"64 years 10 months",275000
"2017-06","JURONG EAST","4 ROOM","283","TOH GUAN RD","13 TO 15",90,"Model A2",1998,"80 years 05 months",435000
"2017-06","JURONG WEST","3 ROOM","174","BOON LAY DR","04 TO 06",59,"Improved",1978,"60 years 02 months",235000
"2017-06","KALLANG/WHAMPOA","3 ROOM","76","LOR LIMAU","13 TO 15",65,"Improved",1973,"55 years 01 month",315000
"2017-06","KALLANG/WHAMPOA","4 ROOM","12","FARRER PK RD","13 TO 15",90,"Model A",2004,"86 years",643800
"2017-06","PASIR RIS","EXECUTIVE","578","PASIR RIS ST 53","10 TO 12",144,"Apartment",1995,"77 years 04 months",708000
"2017-06","PUNGGOL","4 ROOM","604C","PUNGGOL RD","04 TO 06",92,"Model A",2012,"94 years 03 months",408000
"2017-06","PUNGGOL","4 ROOM","601D","PUNGGOL CTRL","16 TO 18",94,"Model A",2012,"94 years 01 month",470000
"2017-06","PUNGGOL","4 ROOM","273B","PUNGGOL PL","13 TO 15",94,"Premium Apartment",2013,"95 years 01 month",520000
"2017-06","PUNGGOL","4 ROOM","601D","PUNGGOL CTRL","16 TO 18",94,"Model A",2012,"94 years 01 month",470000
"2017-06","SENGKANG","5 ROOM","409A","FERNVALE RD","19 TO 21",115,"Premium Apartment",2004,"86 years 06 months",450000
"2017-06","SERANGOON","3 ROOM","152","SERANGOON NTH AVE 1","04 TO 06",64,"Simplified",1986,"68 years 07 months",256000
"2017-06","TAMPINES","3 ROOM","438","TAMPINES ST 43","07 TO 09",74,"Model A",1985,"67 years 06 months",315000
"2017-06","TAMPINES","4 ROOM","450C","TAMPINES ST 42","01 TO 03",105,"Model A",1996,"78 years 03 months",420000
"2017-06","TAMPINES","5 ROOM","359","TAMPINES ST 34","07 TO 09",132,"Model A",1996,"77 years 09 months",525000
"2017-06","TOA PAYOH","2 ROOM","55","LOR 5 TOA PAYOH","04 TO 06",43,"Standard",1967,"49 years",220000
"2017-06","TOA PAYOH","3 ROOM","98","LOR 1 TOA PAYOH","13 TO 15",78,"Improved",1970,"51 years 07 months",338000
"2017-06","TOA PAYOH","4 ROOM","214","LOR 8 TOA PAYOH","04 TO 06",82,"Improved",1975,"57 years 02 months",345000
"2017-06","TOA PAYOH","4 ROOM","35","LOR 5 TOA PAYOH","04 TO 06",102,"Model A",1997,"79 years 03 months",515000
"2017-06","WOODLANDS","4 ROOM","353","WOODLANDS AVE 1","01 TO 03",105,"Model A",1996,"78 years 02 months",390000
"2017-06","WOODLANDS","4 ROOM","12C","MARSILING LANE","16 TO 18",93,"Model A",2013,"95 years",410000
"2017-06","WOODLANDS","5 ROOM","625B","WOODLANDS DR 52","07 TO 09",122,"Improved",1998,"80 years 04 months",390000
"2017-06","WOODLANDS","5 ROOM","725","WOODLANDS AVE 6","10 TO 12",121,"Improved",1997,"79 years 02 months",445000
"2017-06","WOODLANDS","5 ROOM","535","WOODLANDS DR 14","10 TO 12",125,"Premium Apartment",1999,"81 years 02 months",445588
"2017-06","YISHUN","3 ROOM","117","YISHUN RING RD","04 TO 06",77,"Model A",1983,"65 years",290000
"2017-07","ANG MO KIO","4 ROOM","109","ANG MO KIO AVE 4","07 TO 09",92,"New Generation",1978,"60 years 01 month",450000
"2017-07","BEDOK","4 ROOM","404","BEDOK NTH AVE 3","04 TO 06",92,"New Generation",1980,"61 years 09 months",420000
"2017-07","BEDOK","4 ROOM","724","BEDOK RESERVOIR RD","07 TO 09",103,"Model A",1984,"66 years",455000
"2017-07","BEDOK","4 ROOM","408","BEDOK NTH AVE 2","07 TO 09",92,"New Generation",1980,"61 years 09 months",475000
"2017-07","BEDOK","4 ROOM","763","BEDOK RESERVOIR VIEW","07 TO 09",105,"Premium Apartment",2000,"82 years 05 months",510000
"2017-07","BUKIT MERAH","4 ROOM","69","REDHILL CL","01 TO 03",85,"Model A",2001,"82 years 07 months",612000
"2017-07","BUKIT PANJANG","5 ROOM","610","SENJA RD","10 TO 12",110,"Improved",2002,"83 years 09 months",460000
"2017-07","CHOA CHU KANG","EXECUTIVE","436","CHOA CHU KANG AVE 4","10 TO 12",148,"Apartment",1993,"74 years 11 months",571000
"2017-07","GEYLANG","5 ROOM","33","BALAM RD","19 TO 21",120,"Improved",1996,"77 years 11 months",670000
"2017-07","HOUGANG","4 ROOM","910","HOUGANG ST 91","04 TO 06",90,"Model A2",1997,"79 years 04 months",368000
"2017-07","JURONG EAST","3 ROOM","410","PANDAN GDNS","07 TO 09",72,"Improved",1979,"60 years 10 months",270000
"2017-07","JURONG EAST","3 ROOM","102","JURONG EAST ST 13","01 TO 03",68,"New Generation",1982,"63 years 10 months",290000
"2017-07","JURONG WEST","3 ROOM","121","YUAN CHING RD","04 TO 06",61,"Improved",1974,"55 years 11 months",240000
"2017-07","JURONG WEST","4 ROOM","739","JURONG WEST ST 73","13 TO 15",106,"Model A",1995,"76 years 11 months",360000
"2017-07","JURONG WEST","4 ROOM","664A","JURONG WEST ST 64","13 TO 15",90,"Model A",2000,"82 years",440800
"2017-07","JURONG WEST","4 ROOM","685B","JURONG WEST ST 64","07 TO 09",94,"Premium Apartment",2000,"82 years 01 month",450000
"2017-07","JURONG WEST","4 ROOM","339A","KANG CHING RD","10 TO 12",89,"Model A",2012,"93 years 09 months",450000
"2017-07","JURONG WEST","EXECUTIVE","689","JURONG WEST CTRL 1","04 TO 06",139,"Premium Apartment",1998,"79 years 10 months",610000
"2017-07","KALLANG/WHAMPOA","5 ROOM","19","JLN TENTERAM","16 TO 18",105,"Improved",2004,"86 years",588000
"2017-07","PASIR RIS","4 ROOM","118","PASIR RIS ST 11","04 TO 06",105,"Model A",1989,"71 years",385000
"2017-07","PASIR RIS","4 ROOM","254","PASIR RIS ST 21","04 TO 06",106,"Model A",1993,"75 years 05 months",395000
"2017-07","PASIR RIS","4 ROOM","467","PASIR RIS DR 6","10 TO 12",116,"Model A",1989,"70 years 11 months",440000
"2017-07","PASIR RIS","4 ROOM","481","PASIR RIS DR 4","07 TO 09",105,"Model A",1992,"74 years 05 months",443000
"2017-07","PUNGGOL","4 ROOM","268D","PUNGGOL FIELD","04 TO 06",97,"Premium Apartment",2013,"94 years 06 months",505888
"2017-07","PUNGGOL","4 ROOM","305B","PUNGGOL RD","04 TO 06",95,"Premium Apartment",2012,"94 years",470000
"2017-07","PUNGGOL","5 ROOM","288A","PUNGGOL PL","13 TO 15",112,"Premium Apartment",2013,"94 years 08 months",605000
"2017-07","QUEENSTOWN","3 ROOM","42","HOLLAND DR","04 TO 06",59,"Improved",1975,"56 years 11 months",375000
"2017-07","QUEENSTOWN","3 ROOM","61C","STRATHMORE AVE","19 TO 21",70,"Model A",2011,"93 years 01 month",550000
"2017-07","SEMBAWANG","5 ROOM","409","SEMBAWANG DR","13 TO 15",110,"Improved",2001,"82 years 09 months",390000
"2017-07","SENGKANG","4 ROOM","207B","COMPASSVALE LANE","01 TO 03",92,"Model A",2005,"86 years 07 months",335000
"2017-07","SENGKANG","4 ROOM","403D","FERNVALE LANE","10 TO 12",92,"Premium Apartment",2004,"85 years 11 months",343000
"2017-07","SENGKANG","4 ROOM","212C","COMPASSVALE DR","13 TO 15",99,"Premium Apartment",2012,"94 years 03 months",461000
"2017-07","SENGKANG","5 ROOM","151","RIVERVALE CRES","04 TO 06",110,"Improved",2005,"87 years 06 months",410000
"2017-07","SERANGOON","4 ROOM","512","SERANGOON NTH AVE 4","04 TO 06",100,"Model A",1997,"79 years",398000
"2017-07","TAMPINES","3 ROOM","826","TAMPINES ST 81","01 TO 03",67,"New Generation",1987,"68 years 10 months",315000
"2017-07","TAMPINES","EXECUTIVE","336","TAMPINES ST 32","04 TO 06",149,"Apartment",1996,"77 years 06 months",655000
"2017-07","TOA PAYOH","5 ROOM","244","KIM KEAT LINK","01 TO 03",122,"Improved",1989,"70 years 07 months",550000
"2017-07","WOODLANDS","4 ROOM","623","WOODLANDS DR 52","10 TO 12",102,"Model A",1998,"80 years 02 months",340000
"2017-07","WOODLANDS","4 ROOM","363","WOODLANDS AVE 5","07 TO 09",106,"Model A",1996,"78 years 04 months",438000
"2017-07","WOODLANDS","5 ROOM","545","WOODLANDS DR 16","10 TO 12",120,"Improved",2000,"82 years 02 months",415000
"2017-07","WOODLANDS","5 ROOM","686A","WOODLANDS DR 73","10 TO 12",113,"Premium Apartment",2003,"84 years 07 months",432000
"2017-08","ANG MO KIO","2 ROOM","314","ANG MO KIO AVE 3","07 TO 09",44,"Improved",1978,"59 years 05 months",230000
"2017-08","BEDOK","3 ROOM","702","BEDOK RESERVOIR RD","04 TO 06",68,"New Generation",1980,"62 years 03 months",310000
"2017-08","BEDOK","4 ROOM","93","BEDOK NTH AVE 4","01 TO 03",92,"New Generation",1979,"61 years",375000
"2017-08","BEDOK","4 ROOM","180","BEDOK NTH RD","01 TO 03",85,"Model A",2006,"87 years 05 months",488000
"2017-08","BUKIT BATOK","4 ROOM","308","BT BATOK ST 31","01 TO 03",93,"New Generation",1985,"66 years 10 months",320000
"2017-08","BUKIT BATOK","4 ROOM","212","BT BATOK ST 21","04 TO 06",96,"New Generation",1985,"67 years",406000
"2017-08","BUKIT MERAH","3 ROOM","28","JLN BT MERAH","04 TO 06",60,"Standard",1967,"48 years 10 months",280000
"2017-08","BUKIT PANJANG","3 ROOM","104","GANGSA RD","04 TO 06",73,"Model A",1988,"69 years 07 months",295000
"2017-08","CENTRAL AREA","5 ROOM","1D","CANTONMENT RD","13 TO 15",107,"Type S2",2011,"92 years 05 months",960000
"2017-08","CHOA CHU KANG","3 ROOM","535","CHOA CHU KANG ST 51","07 TO 09",69,"Model A",2011,"93 years 01 month",298000
"2017-08","CHOA CHU KANG","4 ROOM","675","CHOA CHU KANG CRES","01 TO 03",103,"Premium Apartment",1999,"81 years 02 months",330000
"2017-08","CHOA CHU KANG","4 ROOM","431","CHOA CHU KANG AVE 4","04 TO 06",104,"Model A",1993,"74 years 10 months",368888
"2017-08","GEYLANG","5 ROOM","7","PINE CL","01 TO 03",113,"Improved",2000,"82 years",777000
"2017-08","HOUGANG","4 ROOM","341","HOUGANG AVE 7","07 TO 09",91,"New Generation",1985,"67 years",360000
"2017-08","HOUGANG","4 ROOM","831","HOUGANG CTRL","01 TO 03",104,"Model A",1992,"74 years 01 month",405000
"2017-08","JURONG WEST","3 ROOM","210","BOON LAY PL","04 TO 06",65,"Improved",1977,"59 years 01 month",238000
"2017-08","JURONG WEST","3 ROOM","120","HO CHING RD","04 TO 06",76,"Improved",1972,"53 years 05 months",263888
"2017-08","JURONG WEST","4 ROOM","271D","JURONG WEST ST 24","10 TO 12",94,"Premium Apartment",2003,"85 years 02 months",350000
"2017-08","JURONG WEST","4 ROOM","337D","TAH CHING RD","07 TO 09",94,"Model A",2010,"91 years 08 months",410000
"2017-08","JURONG WEST","4 ROOM","691","JURONG WEST CTRL 1","10 TO 12",99,"Premium Apartment",1998,"79 years 10 months",470000
"2017-08","JURONG WEST","5 ROOM","271A","JURONG WEST ST 24","10 TO 12",112,"Premium Apartment",2003,"85 years 02 months",385000
"2017-08","JURONG WEST","5 ROOM","645","JURONG WEST ST 61","04 TO 06",121,"Improved",1998,"80 years 02 months",478000
"2017-08","MARINE PARADE","3 ROOM","47","MARINE CRES","07 TO 09",65,"Improved",1975,"56 years 10 months",415000
"2017-08","PASIR RIS","EXECUTIVE","206","PASIR RIS ST 21","04 TO 06",147,"Apartment",1993,"75 years 02 months",550000
"2017-08","PUNGGOL","4 ROOM","612D","PUNGGOL DR","04 TO 06",93,"Model A",2012,"94 years 04 months",380000
"2017-08","PUNGGOL","4 ROOM","270B","PUNGGOL FIELD","01 TO 03",93,"Premium Apartment",2013,"94 years 05 months",415000
"2017-08","PUNGGOL","5 ROOM","641A","PUNGGOL DR","04 TO 06",111,"Premium Apartment",2005,"86 years 05 months",405000
"2017-08","QUEENSTOWN","3 ROOM","164","STIRLING RD","07 TO 09",76,"Improved",1970,"51 years 06 months",283000
"2017-08","QUEENSTOWN","4 ROOM","90","TANGLIN HALT RD","01 TO 03",85,"Model A",2008,"90 years",618000
"2017-08","QUEENSTOWN","5 ROOM","28","GHIM MOH LINK","22 TO 24",113,"Improved",2013,"94 years 08 months",918000
"2017-08","SEMBAWANG","4 ROOM","483","ADMIRALTY LINK","16 TO 18",91,"Model A",2004,"85 years 09 months",338000
"2017-08","SEMBAWANG","4 ROOM","359C","ADMIRALTY DR","04 TO 06",95,"Premium Apartment",2001,"83 years 01 month",343888
"2017-08","SEMBAWANG","5 ROOM","354A","ADMIRALTY DR","13 TO 15",113,"Improved",2002,"83 years 05 months",488000
"2017-08","SENGKANG","4 ROOM","317B","ANCHORVALE RD","01 TO 03",92,"Premium Apartment",2003,"84 years 10 months",365000
"2017-08","SENGKANG","4 ROOM","439B","SENGKANG WEST AVE","19 TO 21",94,"Model A",2011,"92 years 07 months",435000
"2017-08","SENGKANG","5 ROOM","246","COMPASSVALE RD","10 TO 12",116,"Improved",2000,"81 years 10 months",475000
"2017-08","SERANGOON","5 ROOM","523","SERANGOON NTH AVE 4","04 TO 06",122,"Improved",1992,"74 years 03 months",480000
"2017-08","SERANGOON","5 ROOM","511","SERANGOON NTH AVE 4","07 TO 09",121,"Improved",1997,"78 years 09 months",5e+05
"2017-08","TAMPINES","5 ROOM","497A","TAMPINES ST 45","04 TO 06",122,"Premium Apartment",1996,"77 years 10 months",515000
"2017-08","TAMPINES","EXECUTIVE","312","TAMPINES ST 33","07 TO 09",143,"Apartment",1993,"75 years",655000
"2017-08","TOA PAYOH","5 ROOM","139A","LOR 1A TOA PAYOH","13 TO 15",113,"DBSS",2012,"93 years 09 months",938000
"2017-08","WOODLANDS","4 ROOM","760","WOODLANDS AVE 6","10 TO 12",101,"Model A",1998,"79 years 06 months",320000
"2017-08","WOODLANDS","4 ROOM","874","WOODLANDS ST 82","10 TO 12",111,"Model A",1996,"77 years 07 months",320000
"2017-08","WOODLANDS","4 ROOM","730","WOODLANDS CIRCLE","01 TO 03",91,"Model A2",1997,"79 years 02 months",325000
"2017-08","WOODLANDS","4 ROOM","682D","WOODLANDS DR 73","04 TO 06",105,"Premium Apartment",2000,"81 years 06 months",378000
"2017-08","WOODLANDS","4 ROOM","511","WOODLANDS DR 14","04 TO 06",105,"Premium Apartment",1999,"80 years 07 months",390000
"2017-08","YISHUN","3 ROOM","274","YISHUN ST 22","07 TO 09",74,"Model A",1986,"67 years 06 months",255000
"2017-08","YISHUN","4 ROOM","244","YISHUN RING RD","10 TO 12",84,"Simplified",1985,"66 years 07 months",323000
"2017-08","YISHUN","4 ROOM","829","YISHUN ST 81","04 TO 06",103,"Model A",1988,"69 years 06 months",402000
"2017-09","ANG MO KIO","4 ROOM","426","ANG MO KIO AVE 3","10 TO 12",92,"New Generation",1978,"60 years 01 month",466000
"2017-09","BEDOK","3 ROOM","537","BEDOK NTH ST 3","04 TO 06",68,"New Generation",1980,"61 years 04 months",290000
"2017-09","BEDOK","4 ROOM","53","NEW UPP CHANGI RD","10 TO 12",84,"Improved",1977,"59 years",339800
"2017-09","BEDOK","5 ROOM","553","BEDOK NTH AVE 1","04 TO 06",121,"Improved",1980,"61 years 09 months",480000
"2017-09","BISHAN","EXECUTIVE","212","BISHAN ST 23","04 TO 06",149,"Maisonette",1992,"73 years 07 months",880000
"2017-09","BISHAN","EXECUTIVE","186","BISHAN ST 13","01 TO 03",146,"Maisonette",1987,"68 years 11 months",905000
"2017-09","BUKIT BATOK","4 ROOM","268","BT BATOK EAST AVE 4","07 TO 09",84,"Simplified",1985,"66 years 11 months",315000
"2017-09","BUKIT BATOK","4 ROOM","391","BT BATOK WEST AVE 5","16 TO 18",92,"Model A",2004,"86 years",420500
"2017-09","BUKIT TIMAH","3 ROOM","8","EMPRESS RD","07 TO 09",65,"Improved",1976,"57 years 07 months",370000
"2017-09","CLEMENTI","3 ROOM","329","CLEMENTI AVE 2","01 TO 03",82,"New Generation",1978,"59 years 10 months",375000
"2017-09","CLEMENTI","4 ROOM","417","CLEMENTI AVE 1","04 TO 06",100,"Model A",2013,"95 years",659500
"2017-09","HOUGANG","EXECUTIVE","974","HOUGANG ST 91","04 TO 06",137,"Apartment",1999,"81 years 02 months",570000
"2017-09","JURONG WEST","3 ROOM","916","JURONG WEST ST 91","07 TO 09",73,"Model A",1988,"69 years 10 months",270000
"2017-09","JURONG WEST","4 ROOM","813","JURONG WEST ST 81","10 TO 12",104,"Model A",1990,"71 years 05 months",325000
"2017-09","JURONG WEST","4 ROOM","675A","JURONG WEST ST 64","07 TO 09",91,"Premium Apartment",2008,"89 years 09 months",390000
"2017-09","JURONG WEST","4 ROOM","517C","JURONG WEST ST 52","04 TO 06",95,"Model A",2000,"81 years 09 months",520000
"2017-09","JURONG WEST","5 ROOM","676B","JURONG WEST ST 64","10 TO 12",110,"Premium Apartment",2008,"89 years 09 months",456000
"2017-09","JURONG WEST","5 ROOM","683B","JURONG WEST CTRL 1","10 TO 12",111,"Premium Apartment",2000,"82 years 01 month",530000
"2017-09","KALLANG/WHAMPOA","3 ROOM","467","NTH BRIDGE RD","04 TO 06",68,"Improved",1978,"60 years 01 month",420000
"2017-09","PASIR RIS","4 ROOM","121","PASIR RIS ST 11","07 TO 09",105,"Model A",1989,"70 years 07 months",4e+05
"2017-09","PUNGGOL","4 ROOM","268D","PUNGGOL FIELD","07 TO 09",96,"Premium Apartment",2013,"94 years 04 months",478000
"2017-09","PUNGGOL","5 ROOM","173A","PUNGGOL FIELD","04 TO 06",110,"Improved",2003,"85 years 03 months",420000
"2017-09","PUNGGOL","5 ROOM","178","EDGEFIELD PLAINS","13 TO 15",110,"Premium Apartment",2003,"85 years 02 months",425888
"2017-09","QUEENSTOWN","4 ROOM","56","STRATHMORE AVE","07 TO 09",85,"Model A",2002,"83 years 08 months",6e+05
"2017-09","QUEENSTOWN","5 ROOM","20","HOLLAND DR","16 TO 18",117,"Standard",1975,"56 years 05 months",825000
"2017-09","SENGKANG","4 ROOM","275D","COMPASSVALE LINK","04 TO 06",90,"Premium Apartment",2009,"90 years 09 months",528000
"2017-09","SENGKANG","5 ROOM","299A","COMPASSVALE ST","16 TO 18",114,"Premium Apartment",2001,"82 years 11 months",450000
"2017-09","TAMPINES","4 ROOM","340","TAMPINES ST 33","07 TO 09",108,"Model A",1995,"77 years 04 months",405000
"2017-09","TOA PAYOH","3 ROOM","27","TOA PAYOH EAST","01 TO 03",67,"Improved",1971,"52 years 04 months",250000
"2017-09","WOODLANDS","3 ROOM","151","WOODLANDS ST 13","10 TO 12",73,"Model A",1985,"66 years 06 months",278000
"2017-09","YISHUN","4 ROOM","457","YISHUN ST 41","04 TO 06",93,"Model A",2013,"95 years",372000
"2017-10","ANG MO KIO","3 ROOM","644","ANG MO KIO AVE 4","07 TO 09",75,"New Generation",1980,"62 years 02 months",338000
"2017-10","ANG MO KIO","5 ROOM","459","ANG MO KIO AVE 10","13 TO 15",120,"Improved",1980,"61 years 03 months",605000
"2017-10","BEDOK","5 ROOM","146","BEDOK RESERVOIR RD","04 TO 06",122,"Improved",1986,"68 years 02 months",450000
"2017-10","BISHAN","3 ROOM","171","BISHAN ST 13","10 TO 12",64,"Simplified",1988,"69 years 03 months",415000
"2017-10","BUKIT BATOK","3 ROOM","421","BT BATOK WEST AVE 2","07 TO 09",68,"New Generation",1988,"69 years 06 months",278000
"2017-10","BUKIT BATOK","4 ROOM","113","BT BATOK WEST AVE 6","01 TO 03",104,"Model A",1984,"65 years 10 months",416000
"2017-10","BUKIT BATOK","4 ROOM","289E","BT BATOK ST 25","10 TO 12",102,"Model A",1998,"79 years 04 months",430000
"2017-10","BUKIT MERAH","3 ROOM","65","TELOK BLANGAH DR","07 TO 09",67,"New Generation",1978,"59 years 09 months",368000
"2017-10","BUKIT MERAH","3 ROOM","26A","JLN MEMBINA","16 TO 18",60,"Model A",2008,"90 years 02 months",508000
"2017-10","BUKIT MERAH","4 ROOM","26C","JLN MEMBINA","01 TO 03",85,"Model A",2009,"90 years 03 months",550000
"2017-10","BUKIT MERAH","5 ROOM","27B","JLN MEMBINA","19 TO 21",110,"Improved",2008,"90 years",888000
"2017-10","BUKIT PANJANG","4 ROOM","614","SENJA RD","13 TO 15",91,"Model A",2002,"83 years 06 months",368000
"2017-10","BUKIT PANJANG","4 ROOM","167","PETIR RD","07 TO 09",100,"Model A",1998,"79 years 10 months",455000
"2017-10","BUKIT PANJANG","5 ROOM","178","LOMPANG RD","13 TO 15",110,"Improved",2001,"83 years 02 months",616000
"2017-10","BUKIT TIMAH","4 ROOM","11","TOH YI DR","01 TO 03",104,"Model A",1989,"70 years 08 months",609888
"2017-10","CHOA CHU KANG","4 ROOM","476C","CHOA CHU KANG AVE 5","10 TO 12",92,"Model A",2013,"94 years 09 months",4e+05
"2017-10","GEYLANG","3 ROOM","36","CIRCUIT RD","04 TO 06",63.1,"Standard",1971,"52 years 03 months",226000
"2017-10","GEYLANG","4 ROOM","11","EUNOS CRES","10 TO 12",92,"New Generation",1977,"58 years 07 months",468000
"2017-10","HOUGANG","4 ROOM","172","HOUGANG AVE 1","07 TO 09",101,"Model A",1997,"79 years 02 months",420000
"2017-10","HOUGANG","5 ROOM","312","HOUGANG AVE 5","01 TO 03",137,"Improved-Maisonette",1983,"64 years 06 months",652000
"2017-10","HOUGANG","EXECUTIVE","132","LOR AH SOO","01 TO 03",142,"Apartment",1984,"66 years",596000
"2017-10","JURONG EAST","3 ROOM","306","JURONG EAST ST 32","01 TO 03",68,"New Generation",1983,"64 years 11 months",235000
"2017-10","JURONG WEST","3 ROOM","208","BOON LAY PL","01 TO 03",65,"Improved",1976,"58 years 02 months",218000
"2017-10","JURONG WEST","3 ROOM","495","JURONG WEST ST 41","04 TO 06",64,"Simplified",1986,"67 years 09 months",248000
"2017-10","JURONG WEST","5 ROOM","181","YUNG SHENG RD","13 TO 15",115,"Improved",2001,"82 years 06 months",479000
"2017-10","PASIR RIS","EXECUTIVE","505","PASIR RIS ST 52","07 TO 09",145,"Apartment",1993,"75 years 01 month",672000
"2017-10","PUNGGOL","4 ROOM","271D","PUNGGOL WALK","04 TO 06",92,"Premium Apartment",2014,"95 years 06 months",460000
"2017-10","PUNGGOL","4 ROOM","272B","PUNGGOL WALK","13 TO 15",93,"Premium Apartment",2014,"95 years 06 months",508000
"2017-10","PUNGGOL","5 ROOM","296","PUNGGOL CTRL","01 TO 03",110,"Premium Apartment",2003,"85 years",425000
"2017-10","PUNGGOL","5 ROOM","288A","PUNGGOL PL","16 TO 18",112,"Premium Apartment",2013,"94 years 05 months",635000
"2017-10","QUEENSTOWN","3 ROOM","21","GHIM MOH RD","04 TO 06",65,"Improved",1977,"58 years 08 months",335000
"2017-10","SEMBAWANG","4 ROOM","407","SEMBAWANG DR","01 TO 03",91,"Model A",2001,"82 years 07 months",308000
"2017-10","SEMBAWANG","4 ROOM","486","ADMIRALTY LINK","13 TO 15",90,"Model A",2004,"85 years 06 months",321000
"2017-10","SEMBAWANG","4 ROOM","402","ADMIRALTY LINK","10 TO 12",90,"Model A",2001,"82 years 06 months",333000
"2017-10","SENGKANG","4 ROOM","305D","ANCHORVALE LINK","16 TO 18",90,"Model A",2002,"83 years 04 months",360000
"2017-10","SENGKANG","5 ROOM","267B","COMPASSVALE LINK","04 TO 06",110,"Premium Apartment",2006,"87 years 04 months",475000
"2017-10","SERANGOON","EXECUTIVE","520","SERANGOON NTH AVE 4","07 TO 09",147,"Maisonette",1992,"73 years 11 months",720000
"2017-10","TAMPINES","4 ROOM","467","TAMPINES ST 44","04 TO 06",105,"Model A",1987,"68 years 07 months",420000
"2017-10","TOA PAYOH","2 ROOM","161","LOR 1 TOA PAYOH","01 TO 03",41,"Improved",1972,"53 years 03 months",186000
"2017-10","TOA PAYOH","4 ROOM","247","KIM KEAT LINK","07 TO 09",104,"Model A",1989,"70 years 04 months",480000
"2017-10","TOA PAYOH","4 ROOM","139B","LOR 1A TOA PAYOH","28 TO 30",91,"DBSS",2012,"93 years 06 months",760000
"2017-10","TOA PAYOH","5 ROOM","84B","LOR 2 TOA PAYOH","22 TO 24",122,"Improved",1997,"78 years 07 months",890000
"2017-10","TOA PAYOH","EXECUTIVE","99A","LOR 2 TOA PAYOH","16 TO 18",142,"Apartment",1993,"74 years 06 months",935000
"2017-10","WOODLANDS","4 ROOM","723","WOODLANDS AVE 6","10 TO 12",101,"Model A",1997,"78 years 09 months",350000
"2017-10","WOODLANDS","4 ROOM","681C","WOODLANDS DR 62","04 TO 06",105,"Premium Apartment",2000,"81 years 04 months",380000
"2017-10","WOODLANDS","4 ROOM","514","WOODLANDS DR 14","10 TO 12",107,"Premium Apartment",1999,"80 years 06 months",420000
"2017-10","YISHUN","3 ROOM","122","YISHUN ST 11","07 TO 09",67,"New Generation",1984,"66 years 01 month",263000
"2017-10","YISHUN","4 ROOM","217","YISHUN ST 21","07 TO 09",93,"New Generation",1985,"67 years",383000
"2017-10","YISHUN","4 ROOM","208","YISHUN ST 21","07 TO 09",93,"New Generation",1985,"67 years",399000
"2017-10","YISHUN","4 ROOM","446","YISHUN AVE 11","04 TO 06",92,"Model A",2012,"93 years 09 months",418000
"2017-11","ANG MO KIO","3 ROOM","302","ANG MO KIO AVE 3","01 TO 03",73,"New Generation",1978,"59 years 06 months",280000
"2017-11","ANG MO KIO","3 ROOM","461","ANG MO KIO AVE 10","04 TO 06",82,"New Generation",1980,"61 years 03 months",330000
"2017-11","ANG MO KIO","4 ROOM","202","ANG MO KIO AVE 3","04 TO 06",81,"New Generation",1977,"58 years 05 months",370000
"2017-11","ANG MO KIO","4 ROOM","438","ANG MO KIO AVE 10","04 TO 06",92,"New Generation",1979,"60 years 03 months",425000
"2017-11","BEDOK","3 ROOM","522","BEDOK NTH AVE 1","07 TO 09",67,"New Generation",1979,"60 years 10 months",298000
"2017-11","BEDOK","3 ROOM","18","BEDOK STH RD","10 TO 12",65,"Improved",1976,"57 years 02 months",315000
"2017-11","BISHAN","4 ROOM","237","BISHAN ST 22","04 TO 06",114,"Model A",1992,"73 years 06 months",688000
"2017-11","BUKIT BATOK","3 ROOM","313","BT BATOK ST 32","07 TO 09",68,"New Generation",1986,"67 years 04 months",290000
"2017-11","BUKIT MERAH","4 ROOM","103","HENDERSON CRES","01 TO 03",74,"Standard",1970,"51 years 08 months",440000
"2017-11","BUKIT MERAH","4 ROOM","57","TELOK BLANGAH HTS","04 TO 06",92,"New Generation",1976,"57 years 10 months",450000
"2017-11","BUKIT MERAH","5 ROOM","1","DELTA AVE","01 TO 03",119,"Improved",1983,"64 years 07 months",698000
"2017-11","BUKIT PANJANG","4 ROOM","403","FAJAR RD","10 TO 12",84,"Simplified",1988,"69 years 08 months",321000
"2017-11","BUKIT PANJANG","5 ROOM","609","BT PANJANG RING RD","13 TO 15",111,"Improved",2001,"83 years 01 month",468000
"2017-11","CHOA CHU KANG","3 ROOM","6","TECK WHYE AVE","10 TO 12",74,"Model A",1984,"65 years 04 months",268000
"2017-11","CHOA CHU KANG","3 ROOM","111","TECK WHYE LANE","04 TO 06",73,"Model A",1989,"70 years 10 months",280000
"2017-11","CHOA CHU KANG","4 ROOM","770","CHOA CHU KANG ST 54","01 TO 03",105,"Model A",1996,"77 years 11 months",336000
"2017-11","GEYLANG","3 ROOM","102","ALJUNIED CRES","07 TO 09",67,"New Generation",1978,"59 years 02 months",303000
"2017-11","GEYLANG","4 ROOM","324","UBI AVE 1","04 TO 06",84,"Simplified",1985,"66 years 07 months",377000
"2017-11","HOUGANG","3 ROOM","2","HOUGANG AVE 3","04 TO 06",59,"Improved",1975,"56 years 08 months",260000
"2017-11","HOUGANG","3 ROOM","667","HOUGANG AVE 4","07 TO 09",74,"Model A",1987,"68 years 07 months",313000
"2017-11","HOUGANG","5 ROOM","956","HOUGANG ST 91","13 TO 15",116,"Improved",1999,"80 years 06 months",475000
"2017-11","JURONG WEST","3 ROOM","187","BOON LAY AVE","16 TO 18",59,"Improved",1978,"59 years 09 months",245000
"2017-11","JURONG WEST","4 ROOM","908","JURONG WEST ST 91","04 TO 06",103,"Model A",1989,"70 years 06 months",3e+05
"2017-11","JURONG WEST","5 ROOM","273B","JURONG WEST AVE 3","10 TO 12",111,"Improved",2001,"83 years 01 month",360000
"2017-11","JURONG WEST","EXECUTIVE","665A","JURONG WEST ST 64","04 TO 06",130,"Apartment",2000,"81 years 05 months",539000
"2017-11","KALLANG/WHAMPOA","5 ROOM","104","WHAMPOA DR","07 TO 09",121,"Improved",1998,"79 years 11 months",665000
"2017-11","KALLANG/WHAMPOA","5 ROOM","807","KING GEORGE'S AVE","22 TO 24",115,"Improved",1981,"62 years 09 months",761800
"2017-11","PUNGGOL","4 ROOM","604A","PUNGGOL RD","04 TO 06",93,"Model A",2012,"93 years 10 months",410000
"2017-11","PUNGGOL","4 ROOM","619B","PUNGGOL DR","07 TO 09",93,"Premium Apartment",2013,"94 years 10 months",438000
"2017-11","PUNGGOL","4 ROOM","289D","PUNGGOL PL","13 TO 15",96,"Premium Apartment",2013,"94 years 04 months",520000
"2017-11","QUEENSTOWN","3 ROOM","12","HOLLAND AVE","19 TO 21",65,"Improved",1975,"56 years 02 months",408000
"2017-11","SENGKANG","4 ROOM","210B","COMPASSVALE LANE","04 TO 06",93,"Model A",2013,"94 years 03 months",425000
"2017-11","SERANGOON","EXECUTIVE","148","SERANGOON NTH AVE 1","01 TO 03",146,"Maisonette",1987,"68 years 03 months",602000
"2017-11","SERANGOON","EXECUTIVE","516","SERANGOON NTH AVE 4","07 TO 09",146,"Apartment",1992,"74 years",648000
"2017-11","TAMPINES","5 ROOM","372","TAMPINES ST 34","04 TO 06",136,"Model A",1995,"76 years 10 months",525000
"2017-11","TOA PAYOH","3 ROOM","51","LOR 6 TOA PAYOH","01 TO 03",63,"Standard",1983,"64 years 07 months",263000
"2017-11","TOA PAYOH","4 ROOM","79C","TOA PAYOH CTRL","25 TO 27",91,"Model A",2009,"90 years 05 months",745000
"2017-11","TOA PAYOH","5 ROOM","138A","LOR 1A TOA PAYOH","07 TO 09",110,"DBSS",2012,"93 years 07 months",830000
"2017-11","WOODLANDS","4 ROOM","855","WOODLANDS ST 83","04 TO 06",84,"Simplified",1993,"74 years 09 months",310000
"2017-11","WOODLANDS","4 ROOM","632","WOODLANDS RING RD","01 TO 03",101,"Model A",1999,"80 years 10 months",323000
"2017-11","WOODLANDS","4 ROOM","897B","WOODLANDS DR 50","04 TO 06",97,"Model A",1997,"78 years 08 months",342000
"2017-11","WOODLANDS","4 ROOM","684B","WOODLANDS DR 73","01 TO 03",101,"Premium Apartment",2000,"81 years 03 months",350000
"2017-11","WOODLANDS","4 ROOM","602","WOODLANDS DR 42","07 TO 09",102,"Model A",1997,"78 years 05 months",354000
"2017-11","WOODLANDS","EXECUTIVE","797","WOODLANDS DR 72","10 TO 12",141,"Apartment",1997,"79 years",530000
"2017-11","YISHUN","MULTI-GENERATION","666","YISHUN AVE 4","01 TO 03",179,"Multi Generation",1987,"69 years 01 month",695000
"2017-12","BEDOK","3 ROOM","520","BEDOK NTH AVE 1","04 TO 06",67,"New Generation",1979,"60 years 07 months",291000
"2017-12","BISHAN","4 ROOM","271","BISHAN ST 24","07 TO 09",111,"Model A",1992,"73 years 08 months",605000
"2017-12","BUKIT PANJANG","4 ROOM","419","FAJAR RD","10 TO 12",104,"Model A",1989,"70 years 03 months",340000
"2017-12","BUKIT PANJANG","EXECUTIVE","474","SEGAR RD","04 TO 06",128,"Premium Apartment",2003,"84 years 01 month",440000
"2017-12","BUKIT TIMAH","4 ROOM","3","QUEEN'S RD","04 TO 06",91,"Improved",1974,"55 years 04 months",520000
"2017-12","CHOA CHU KANG","EXECUTIVE","604","CHOA CHU KANG ST 62","07 TO 09",146,"Maisonette",1996,"77 years 01 month",605000
"2017-12","CLEMENTI","3 ROOM","371","CLEMENTI AVE 4","01 TO 03",68,"New Generation",1981,"62 years 09 months",342000
"2017-12","GEYLANG","3 ROOM","32","EUNOS CRES","16 TO 18",60,"Model A",2007,"88 years 02 months",458888
"2017-12","HOUGANG","EXECUTIVE","449","HOUGANG AVE 10","10 TO 12",146,"Maisonette",1991,"72 years 01 month",720000
"2017-12","JURONG EAST","3 ROOM","225","JURONG EAST ST 21","04 TO 06",67,"New Generation",1984,"65 years 09 months",260000
"2017-12","JURONG WEST","3 ROOM","534","JURONG WEST ST 52","10 TO 12",82,"New Generation",1982,"63 years 05 months",308000
"2017-12","JURONG WEST","4 ROOM","663B","JURONG WEST ST 65","07 TO 09",91,"Model A",2000,"81 years 08 months",434000
"2017-12","KALLANG/WHAMPOA","3 ROOM","9","BOON KENG RD","01 TO 03",70,"DBSS",2011,"92 years 01 month",573000
"2017-12","KALLANG/WHAMPOA","5 ROOM","106","TOWNER RD","07 TO 09",138,"Model A-Maisonette",1983,"64 years 06 months",862000
"2017-12","PASIR RIS","4 ROOM","759","PASIR RIS ST 71","04 TO 06",104,"Model A",1996,"77 years 11 months",430000
"2017-12","PUNGGOL","4 ROOM","624A","PUNGGOL CTRL","16 TO 18",96,"Model A",2014,"95 years 04 months",450000
"2017-12","PUNGGOL","4 ROOM","205A","PUNGGOL FIELD","16 TO 18",90,"Model A",2004,"85 years 10 months",365000
"2017-12","PUNGGOL","4 ROOM","267C","PUNGGOL FIELD","07 TO 09",99,"Premium Apartment",2013,"94 years 01 month",510000
"2017-12","QUEENSTOWN","3 ROOM","1","DOVER RD","04 TO 06",65,"Improved",1975,"56 years 07 months",310000
"2017-12","SENGKANG","4 ROOM","303B","ANCHORVALE LINK","13 TO 15",86,"Model A2",2001,"82 years 08 months",372000
"2017-12","SENGKANG","4 ROOM","200A","SENGKANG EAST RD","13 TO 15",90,"Model A",2001,"82 years 08 months",390000
"2017-12","TAMPINES","3 ROOM","262","TAMPINES ST 21","07 TO 09",74,"Model A",1984,"66 years",318000
"2017-12","TAMPINES","3 ROOM","255","TAMPINES ST 21","01 TO 03",72,"New Generation",1984,"65 years 07 months",320000
"2017-12","TAMPINES","4 ROOM","361","TAMPINES ST 34","07 TO 09",107,"Model A",1996,"77 years 05 months",380000
"2017-12","TAMPINES","5 ROOM","154","SIMEI ST 1","07 TO 09",123,"Improved",1988,"69 years 04 months",585000
"2017-12","TOA PAYOH","3 ROOM","138B","LOR 1A TOA PAYOH","07 TO 09",70,"DBSS",2012,"93 years 05 months",590000
"2017-12","TOA PAYOH","3 ROOM","96","LOR 3 TOA PAYOH","13 TO 15",78,"Improved",1970,"51 years 01 month",350000
"2017-12","TOA PAYOH","4 ROOM","14","LOR 7 TOA PAYOH","04 TO 06",104,"Model A",1998,"79 years 07 months",558000
"2017-12","TOA PAYOH","5 ROOM","245","KIM KEAT LINK","04 TO 06",122,"Improved",1989,"70 years 01 month",6e+05
"2017-12","WOODLANDS","4 ROOM","729","WOODLANDS CIRCLE","07 TO 09",91,"Model A2",1997,"78 years 11 months",318000
"2017-12","WOODLANDS","4 ROOM","164","WOODLANDS ST 13","01 TO 03",91,"New Generation",1985,"66 years 06 months",350000
"2017-12","YISHUN","4 ROOM","225","YISHUN ST 21","10 TO 12",93,"New Generation",1985,"67 years",380000
"2017-12","YISHUN","4 ROOM","609","YISHUN ST 61","04 TO 06",104,"Model A",1986,"67 years 06 months",350000
"2018-01","BEDOK","3 ROOM","55","CHAI CHEE DR","07 TO 09",76,"Model A",1984,"65 years 04 months",310000
"2018-01","BEDOK","4 ROOM","762","BEDOK RESERVOIR VIEW","04 TO 06",105,"Premium Apartment",2000,"81 years 11 months",497000
"2018-01","BUKIT BATOK","EXECUTIVE","402","BT BATOK WEST AVE 7","04 TO 06",150,"Apartment",1993,"74 years 03 months",562000
"2018-01","BUKIT MERAH","3 ROOM","12","TELOK BLANGAH CRES","07 TO 09",59,"Improved",1975,"56 years 04 months",335000
"2018-01","BUKIT MERAH","3 ROOM","65","TELOK BLANGAH DR","10 TO 12",67,"New Generation",1978,"59 years 06 months",370000
"2018-01","CENTRAL AREA","4 ROOM","1D","CANTONMENT RD","07 TO 09",95,"Type S1",2011,"92 years",838000
"2018-01","CHOA CHU KANG","4 ROOM","681","CHOA CHU KANG CRES","10 TO 12",102,"Premium Apartment",1999,"80 years 09 months",335000
"2018-01","HOUGANG","4 ROOM","373","HOUGANG ST 31","04 TO 06",101,"Model A",2000,"81 years 01 month",410000
"2018-01","JURONG WEST","3 ROOM","498","JURONG WEST ST 41","01 TO 03",64,"Simplified",1986,"67 years 07 months",238000
"2018-01","KALLANG/WHAMPOA","3 ROOM","65","KALLANG BAHRU","04 TO 06",65,"Improved",1981,"62 years",290000
"2018-01","MARINE PARADE","3 ROOM","19","MARINE TER","04 TO 06",76,"Improved",1975,"56 years 01 month",4e+05
"2018-01","PUNGGOL","3 ROOM","207C","PUNGGOL PL","07 TO 09",67,"Model A",2014,"95 years 05 months",328000
"2018-01","PUNGGOL","4 ROOM","615A","EDGEFIELD PLAINS","10 TO 12",92,"Model A",2012,"93 years 11 months",455000
"2018-01","QUEENSTOWN","4 ROOM","18","DOVER CRES","04 TO 06",92,"Model A",2003,"84 years 08 months",588000
"2018-01","SENGKANG","4 ROOM","272A","SENGKANG CTRL","04 TO 06",90,"Premium Apartment",2009,"91 years 01 month",405000
"2018-01","SENGKANG","4 ROOM","443A","FERNVALE RD","13 TO 15",94,"Model A",2012,"93 years 10 months",410000
"2018-01","SENGKANG","5 ROOM","241","COMPASSVALE WALK","04 TO 06",122,"Improved",1999,"80 years 10 months",440000
"2018-01","SENGKANG","5 ROOM","261D","SENGKANG EAST WAY","10 TO 12",110,"Improved",2001,"82 years",528888
"2018-01","SERANGOON","4 ROOM","401","SERANGOON AVE 1","04 TO 06",103,"Model A",1989,"70 years 01 month",550000
"2018-01","SERANGOON","EXECUTIVE","506A","SERANGOON NTH AVE 4","13 TO 15",146,"Apartment",1992,"73 years 10 months",725000
"2018-01","TAMPINES","4 ROOM","921","TAMPINES ST 91","04 TO 06",103,"Model A",1984,"65 years 09 months",435000
"2018-01","TOA PAYOH","3 ROOM","194","KIM KEAT AVE","07 TO 09",66,"Improved",1973,"54 years 06 months",238000
"2018-01","TOA PAYOH","4 ROOM","227","LOR 8 TOA PAYOH","10 TO 12",82,"Improved",1976,"57 years 04 months",345000
"2018-01","TOA PAYOH","5 ROOM","122","LOR 2 TOA PAYOH","07 TO 09",124,"Improved",1999,"80 years 11 months",798000
"2018-01","WOODLANDS","4 ROOM","711","WOODLANDS DR 70","07 TO 09",101,"Model A",1997,"78 years 02 months",340000
"2018-01","YISHUN","4 ROOM","246","YISHUN AVE 9","04 TO 06",84,"Simplified",1985,"66 years 03 months",288888
"2018-02","ANG MO KIO","3 ROOM","112","ANG MO KIO AVE 4","01 TO 03",74,"New Generation",1978,"59 years",274000
"2018-02","BISHAN","4 ROOM","275A","BISHAN ST 24","31 TO 33",95,"DBSS",2011,"92 years 07 months",828000
"2018-02","BISHAN","5 ROOM","164","BISHAN ST 13","04 TO 06",131,"Improved",1988,"69 years 05 months",730000
"2018-02","BUKIT BATOK","4 ROOM","386","BT BATOK WEST AVE 5","10 TO 12",90,"Model A",2004,"85 years 11 months",420000
"2018-02","BUKIT MERAH","4 ROOM","120","KIM TIAN PL","04 TO 06",90,"Model A",2001,"82 years 01 month",660800
"2018-02","BUKIT PANJANG","5 ROOM","273","BANGKIT RD","01 TO 03",122,"Improved",1988,"69 years 09 months",430000
"2018-02","CHOA CHU KANG","5 ROOM","162","JLN TECK WHYE","16 TO 18",121,"Improved",1998,"79 years",465000
"2018-02","CHOA CHU KANG","EXECUTIVE","555","CHOA CHU KANG NTH 6","04 TO 06",146,"Apartment",1996,"77 years 01 month",555000
"2018-02","CLEMENTI","3 ROOM","310","CLEMENTI AVE 4","10 TO 12",67,"New Generation",1980,"61 years",340000
"2018-02","GEYLANG","4 ROOM","336","UBI AVE 1","07 TO 09",83,"Simplified",1986,"67 years 01 month",330000
"2018-02","JURONG WEST","3 ROOM","210","BOON LAY PL","19 TO 21",65,"Improved",1977,"58 years 07 months",235000
"2018-02","JURONG WEST","4 ROOM","321","TAH CHING RD","10 TO 12",103,"Model A",1997,"78 years 06 months",4e+05
"2018-02","JURONG WEST","5 ROOM","812","JURONG WEST ST 81","10 TO 12",121,"Improved",1990,"71 years 03 months",408000
"2018-02","JURONG WEST","EXECUTIVE","162","YUNG PING RD","07 TO 09",148,"Apartment",1997,"77 years 11 months",530000
"2018-02","MARINE PARADE","5 ROOM","29","MARINE CRES","13 TO 15",120,"Standard",1975,"56 years 01 month",845000
"2018-02","PASIR RIS","4 ROOM","122","PASIR RIS ST 11","07 TO 09",105,"Model A",1989,"70 years 04 months",405000
"2018-02","PASIR RIS","4 ROOM","252","PASIR RIS ST 21","04 TO 06",107,"Model A",1993,"74 years 10 months",412000
"2018-02","PUNGGOL","3 ROOM","289A","PUNGGOL PL","10 TO 12",73,"Premium Apartment",2013,"94 years 01 month",380000
"2018-02","PUNGGOL","4 ROOM","138","EDGEDALE PLAINS","04 TO 06",91,"Premium Apartment",2003,"84 years 09 months",340000
"2018-02","PUNGGOL","4 ROOM","615C","EDGEFIELD PLAINS","04 TO 06",93,"Model A",2012,"93 years 10 months",405000
"2018-02","PUNGGOL","5 ROOM","269C","PUNGGOL FIELD","10 TO 12",112,"Premium Apartment",2013,"93 years 11 months",601000
"2018-02","QUEENSTOWN","3 ROOM","85","C'WEALTH CL","01 TO 03",58,"Standard",1967,"48 years",298000
"2018-02","SENGKANG","4 ROOM","131","RIVERVALE ST","07 TO 09",93,"Model A2",1999,"80 years 03 months",365000
"2018-02","SENGKANG","4 ROOM","410B","FERNVALE RD","22 TO 24",96,"Premium Apartment",2012,"93 years 09 months",440000
"2018-02","SENGKANG","EXECUTIVE","298C","COMPASSVALE ST","07 TO 09",134,"Premium Apartment",2001,"82 years 06 months",560000
"2018-02","SERANGOON","4 ROOM","239","SERANGOON AVE 2","04 TO 06",105,"Model A",1985,"66 years 05 months",610000
"2018-02","TAMPINES","4 ROOM","866","TAMPINES ST 83","04 TO 06",104,"Model A",1989,"70 years 03 months",4e+05
"2018-02","TOA PAYOH","5 ROOM","82A","LOR 4 TOA PAYOH","16 TO 18",122,"Improved",1996,"77 years 07 months",850000
"2018-02","WOODLANDS","4 ROOM","34","MARSILING DR","10 TO 12",98,"New Generation",1978,"59 years 11 months",276000
"2018-02","WOODLANDS","4 ROOM","772","WOODLANDS DR 60","13 TO 15",100,"Model A",1997,"78 years 10 months",290000
"2018-02","WOODLANDS","4 ROOM","517","WOODLANDS DR 14","07 TO 09",104,"Premium Apartment",2000,"81 years 08 months",370000
"2018-02","YISHUN","3 ROOM","107","YISHUN RING RD","07 TO 09",68,"New Generation",1982,"63 years 03 months",278000
"2018-03","ANG MO KIO","3 ROOM","643","ANG MO KIO AVE 5","01 TO 03",75,"New Generation",1980,"61 years 09 months",3e+05
"2018-03","ANG MO KIO","3 ROOM","128","ANG MO KIO AVE 3","01 TO 03",82,"New Generation",1978,"59 years 06 months",345000
"2018-03","BISHAN","5 ROOM","153","BISHAN ST 13","07 TO 09",121,"Improved",1987,"68 years 08 months",690000
"2018-03","BUKIT BATOK","4 ROOM","291E","BT BATOK ST 24","04 TO 06",102,"Model A",1998,"78 years 11 months",4e+05
"2018-03","BUKIT BATOK","5 ROOM","626","BT BATOK CTRL","04 TO 06",119,"Improved",1997,"78 years 04 months",550000
"2018-03","BUKIT BATOK","EXECUTIVE","535","BT BATOK ST 52","04 TO 06",146,"Maisonette",1987,"67 years 10 months",570000
"2018-03","BUKIT BATOK","EXECUTIVE","356","BT BATOK ST 31","01 TO 03",154,"Maisonette",1986,"67 years 07 months",588000
"2018-03","BUKIT MERAH","3 ROOM","80C","TELOK BLANGAH ST 31","31 TO 33",68,"Premium Apartment",2013,"94 years 05 months",590000
"2018-03","BUKIT MERAH","4 ROOM","76A","REDHILL RD","28 TO 30",100,"Model A",2005,"86 years 09 months",793000
"2018-03","BUKIT PANJANG","4 ROOM","631","SENJA RD","25 TO 27",93,"Premium Apartment",2004,"85 years 07 months",418000
"2018-03","BUKIT PANJANG","5 ROOM","604","SENJA RD","07 TO 09",121,"Improved",1999,"80 years 02 months",580000
"2018-03","BUKIT PANJANG","5 ROOM","545","BT PANJANG RING RD","19 TO 21",120,"Improved",1999,"80 years 05 months",598000
"2018-03","BUKIT TIMAH","4 ROOM","17","TOH YI DR","07 TO 09",104,"Model A",1988,"69 years 05 months",696000
"2018-03","BUKIT TIMAH","5 ROOM","5","FARRER RD","19 TO 21",123,"Standard",1974,"55 years 01 month",883000
"2018-03","CENTRAL AREA","4 ROOM","671A","KLANG LANE","01 TO 03",75,"Model A",2003,"83 years 11 months",456000
"2018-03","CENTRAL AREA","5 ROOM","1G","CANTONMENT RD","04 TO 06",106,"Type S2",2011,"91 years 11 months",820000
"2018-03","CHOA CHU KANG","4 ROOM","621","CHOA CHU KANG ST 62","10 TO 12",107,"Model A",1996,"77 years 02 months",402000
"2018-03","CLEMENTI","4 ROOM","601","CLEMENTI WEST ST 1","04 TO 06",92,"New Generation",1979,"60 years 09 months",410000
"2018-03","GEYLANG","4 ROOM","413","EUNOS RD 5","04 TO 06",104,"Model A",1992,"73 years 05 months",539000
"2018-03","HOUGANG","4 ROOM","680","HOUGANG AVE 8","01 TO 03",104,"Model A",1987,"67 years 10 months",340000
"2018-03","JURONG EAST","5 ROOM","279","TOH GUAN RD","13 TO 15",120,"Improved",1998,"79 years 09 months",580000
"2018-03","JURONG WEST","3 ROOM","186","BOON LAY AVE","16 TO 18",68,"Improved",1975,"56 years 07 months",240000
"2018-03","JURONG WEST","3 ROOM","181A","BOON LAY DR","16 TO 18",68,"Model A",2014,"95 years 02 months",335000
"2018-03","JURONG WEST","4 ROOM","833","JURONG WEST ST 81","07 TO 09",106,"Model A",1993,"74 years 04 months",348000
"2018-03","JURONG WEST","4 ROOM","681C","JURONG WEST CTRL 1","13 TO 15",95,"Premium Apartment",2000,"81 years 04 months",418000
"2018-03","JURONG WEST","EXECUTIVE","861","JURONG WEST ST 81","04 TO 06",142,"Apartment",1996,"77 years 08 months",520000
"2018-03","MARINE PARADE","3 ROOM","32","MARINE CRES","04 TO 06",65,"Improved",1975,"56 years 02 months",355000
"2018-03","PASIR RIS","4 ROOM","125","PASIR RIS ST 11","07 TO 09",105,"Model A",1989,"70 years 01 month",395000
"2018-03","PASIR RIS","5 ROOM","747","PASIR RIS ST 71","04 TO 06",127,"Improved",1996,"77 years 08 months",465000
"2018-03","PASIR RIS","5 ROOM","554","PASIR RIS ST 51","04 TO 06",123,"Improved",1992,"73 years 09 months",480000
"2018-03","PASIR RIS","EXECUTIVE","132","PASIR RIS ST 11","04 TO 06",149,"Apartment",1994,"75 years 08 months",577000
"2018-03","PUNGGOL","5 ROOM","102B","PUNGGOL FIELD","01 TO 03",112,"Improved",2002,"83 years 08 months",375000
"2018-03","PUNGGOL","5 ROOM","203A","PUNGGOL FIELD","01 TO 03",110,"Improved",2004,"85 years 07 months",380000
"2018-03","PUNGGOL","5 ROOM","117","EDGEFIELD PLAINS","10 TO 12",113,"Premium Apartment",2003,"84 years 03 months",416500
"2018-03","PUNGGOL","5 ROOM","647","PUNGGOL CTRL","07 TO 09",110,"Premium Apartment",2005,"85 years 10 months",422000
"2018-03","QUEENSTOWN","3 ROOM","82","C'WEALTH CL","01 TO 03",60,"Standard",1967,"47 years 11 months",292000
"2018-03","QUEENSTOWN","3 ROOM","21","GHIM MOH RD","04 TO 06",65,"Improved",1977,"58 years 02 months",320000
"2018-03","QUEENSTOWN","3 ROOM","97","C'WEALTH CRES","07 TO 09",68,"Standard",1970,"51 years 03 months",328000
"2018-03","QUEENSTOWN","3 ROOM","28B","DOVER CRES","31 TO 33",70,"Model A",2012,"93 years 01 month",510000
"2018-03","QUEENSTOWN","4 ROOM","18","DOVER CRES","10 TO 12",92,"Model A",2003,"84 years 06 months",645000
"2018-03","QUEENSTOWN","EXECUTIVE","150","MEI LING ST","07 TO 09",147,"Maisonette",1995,"76 years 07 months",945000
"2018-03","SEMBAWANG","4 ROOM","356C","ADMIRALTY DR","01 TO 03",95,"Premium Apartment",2001,"82 years 03 months",334168
"2018-03","SEMBAWANG","4 ROOM","359A","ADMIRALTY DR","16 TO 18",95,"Premium Apartment",2001,"82 years 06 months",368000
"2018-03","SEMBAWANG","5 ROOM","425","CANBERRA RD","01 TO 03",110,"Improved",2001,"82 years 01 month",330000
"2018-03","SEMBAWANG","5 ROOM","483","ADMIRALTY LINK","07 TO 09",111,"Improved",2004,"85 years 02 months",363000
"2018-03","SEMBAWANG","EXECUTIVE","469A","ADMIRALTY DR","16 TO 18",137,"Premium Apartment",2001,"82 years 05 months",465000
"2018-03","SENGKANG","4 ROOM","227A","COMPASSVALE DR","07 TO 09",101,"Model A",1999,"80 years 10 months",361000
"2018-03","SENGKANG","4 ROOM","213A","COMPASSVALE LANE","01 TO 03",95,"Premium Apartment",2012,"93 years 08 months",383000
"2018-03","SENGKANG","4 ROOM","436C","FERNVALE RD","07 TO 09",96,"Model A",2010,"91 years",410000
"2018-03","SENGKANG","4 ROOM","277A","COMPASSVALE LINK","10 TO 12",92,"Premium Apartment",2009,"90 years 03 months",550000
"2018-03","SENGKANG","5 ROOM","403B","FERNVALE LANE","04 TO 06",111,"Premium Apartment",2004,"85 years 01 month",423000
"2018-03","SENGKANG","5 ROOM","133","RIVERVALE ST","07 TO 09",122,"Improved",1999,"80 years",450000
"2018-03","SERANGOON","4 ROOM","141","SERANGOON NTH AVE 2","13 TO 15",114,"Model A",1989,"70 years 02 months",470000
"2018-03","SERANGOON","EXECUTIVE","535","SERANGOON NTH AVE 4","04 TO 06",147,"Maisonette",1992,"73 years 08 months",650000
"2018-03","TAMPINES","3 ROOM","412","TAMPINES ST 41","01 TO 03",69,"Improved",1985,"66 years 08 months",270000
"2018-03","TAMPINES","4 ROOM","221","SIMEI ST 4","01 TO 03",104,"Model A",1988,"69 years 01 month",458000
"2018-03","TAMPINES","4 ROOM","505","TAMPINES CTRL 1","04 TO 06",113,"Model A",1989,"70 years 05 months",510000
"2018-03","WOODLANDS","4 ROOM","12C","MARSILING LANE","10 TO 12",93,"Model A",2013,"94 years 03 months",348000
"2018-03","WOODLANDS","EXECUTIVE","652","WOODLANDS RING RD","10 TO 12",144,"Maisonette",1998,"79 years 04 months",550000
"2018-03","YISHUN","3 ROOM","125","YISHUN ST 11","01 TO 03",72,"New Generation",1984,"65 years 10 months",260000
"2018-03","YISHUN","4 ROOM","721","YISHUN ST 71","04 TO 06",84,"Simplified",1985,"66 years 07 months",285000
"2018-03","YISHUN","4 ROOM","278","YISHUN ST 22","07 TO 09",84,"Simplified",1985,"66 years 08 months",305000
"2018-03","YISHUN","4 ROOM","446","YISHUN AVE 11","10 TO 12",97,"Model A",2012,"93 years 04 months",403000
"2018-04","ANG MO KIO","3 ROOM","182","ANG MO KIO AVE 5","10 TO 12",68,"New Generation",1981,"62 years",260000
"2018-04","BEDOK","3 ROOM","20","CHAI CHEE RD","07 TO 09",65,"Improved",1972,"53 years 03 months",275000
"2018-04","BEDOK","3 ROOM","129","BEDOK RESERVOIR RD","01 TO 03",64,"Simplified",1986,"67 years 08 months",285000
"2018-04","BEDOK","3 ROOM","57","NEW UPP CHANGI RD","13 TO 15",60,"Improved",1985,"66 years 07 months",298888
"2018-04","BEDOK","3 ROOM","121","BEDOK RESERVOIR RD","07 TO 09",82,"New Generation",1985,"66 years 03 months",370000
"2018-04","BUKIT MERAH","4 ROOM","127C","KIM TIAN RD","10 TO 12",93,"Model A",2013,"93 years 10 months",755000
"2018-04","BUKIT MERAH","4 ROOM","58","HAVELOCK RD","28 TO 30",89,"Model A",2013,"94 years 01 month",808000
"2018-04","BUKIT MERAH","5 ROOM","20","JLN MEMBINA","10 TO 12",110,"Improved",2003,"84 years 05 months",840000
"2018-04","BUKIT PANJANG","4 ROOM","505","JELAPANG RD","04 TO 06",102,"Model A",1998,"78 years 09 months",342000
"2018-04","BUKIT PANJANG","5 ROOM","605","SENJA RD","01 TO 03",121,"Improved",1999,"80 years 01 month",535000
"2018-04","BUKIT PANJANG","EXECUTIVE","617","BT PANJANG RING RD","01 TO 03",130,"Apartment",2001,"82 years 07 months",488000
"2018-04","BUKIT PANJANG","EXECUTIVE","135","CASHEW RD","10 TO 12",146,"Maisonette",1988,"69 years 02 months",728000
"2018-04","CHOA CHU KANG","5 ROOM","484","CHOA CHU KANG AVE 5","13 TO 15",116,"Improved",1999,"80 years 02 months",395000
"2018-04","CHOA CHU KANG","EXECUTIVE","759","CHOA CHU KANG NTH 5","04 TO 06",152,"Maisonette",1995,"76 years 04 months",575000
"2018-04","GEYLANG","3 ROOM","316","UBI AVE 1","01 TO 03",64,"Simplified",1985,"66 years 05 months",312000
"2018-04","GEYLANG","4 ROOM","411","EUNOS RD 5","07 TO 09",102,"Model A",1984,"65 years 06 months",545000
"2018-04","GEYLANG","4 ROOM","34","EUNOS CRES","19 TO 21",85,"Model A",2006,"87 years 07 months",7e+05
"2018-04","HOUGANG","4 ROOM","445","HOUGANG AVE 8","07 TO 09",105,"Model A",1990,"71 years",396000
"2018-04","HOUGANG","4 ROOM","987A","BUANGKOK GREEN","13 TO 15",93,"Model A",2015,"95 years 10 months",445000
"2018-04","JURONG EAST","4 ROOM","22","TEBAN GDNS RD","34 TO 36",92,"Model A",2013,"94 years 05 months",475000
"2018-04","JURONG WEST","3 ROOM","120","HO CHING RD","04 TO 06",67,"Improved",1972,"52 years 10 months",215000
"2018-04","JURONG WEST","3 ROOM","180A","BOON LAY DR","04 TO 06",68,"Model A",2014,"95 years 01 month",292000
"2018-04","JURONG WEST","EXECUTIVE","671A","JURONG WEST ST 65","04 TO 06",126,"Apartment",2002,"83 years 03 months",512000
"2018-04","JURONG WEST","EXECUTIVE","656D","JURONG WEST ST 61","10 TO 12",132,"Apartment",2002,"82 years 11 months",560000
"2018-04","KALLANG/WHAMPOA","3 ROOM","1","KG KAYU RD","01 TO 03",62,"Standard",1984,"65 years 06 months",292000
"2018-04","KALLANG/WHAMPOA","4 ROOM","38C","BENDEMEER RD","07 TO 09",89,"Model A",2012,"93 years 02 months",653000
"2018-04","PUNGGOL","4 ROOM","269A","PUNGGOL FIELD","10 TO 12",93,"Premium Apartment",2013,"93 years 09 months",450000
"2018-04","PUNGGOL","4 ROOM","267A","PUNGGOL FIELD","04 TO 06",97,"Premium Apartment",2013,"93 years 09 months",455000
"2018-04","PUNGGOL","4 ROOM","622A","PUNGGOL CTRL","10 TO 12",94,"Model A",2014,"95 years",455688
"2018-04","PUNGGOL","4 ROOM","268D","PUNGGOL FIELD","07 TO 09",99,"Premium Apartment",2013,"93 years 09 months",498000
"2018-04","QUEENSTOWN","4 ROOM","3","HOLLAND CL","25 TO 27",105,"Model A",1998,"79 years 07 months",852000
"2018-04","QUEENSTOWN","5 ROOM","27","DOVER CRES","04 TO 06",123,"Standard",1976,"57 years 04 months",630000
"2018-04","QUEENSTOWN","5 ROOM","3","GHIM MOH RD","13 TO 15",141,"Adjoined flat",1976,"57 years 03 months",810000
"2018-04","SEMBAWANG","4 ROOM","322","SEMBAWANG CL","01 TO 03",100,"Model A",1999,"80 years 01 month",310000
"2018-04","SENGKANG","4 ROOM","445A","FERNVALE RD","22 TO 24",95,"Model A",2012,"93 years 07 months",460800
"2018-04","SENGKANG","5 ROOM","314B","ANCHORVALE LINK","07 TO 09",110,"Premium Apartment",2003,"84 years 05 months",453000
"2018-04","SENGKANG","5 ROOM","319A","ANCHORVALE DR","13 TO 15",110,"Improved",2002,"83 years 06 months",465000
"2018-04","SERANGOON","5 ROOM","216","SERANGOON AVE 4","07 TO 09",121,"Improved",1985,"66 years 03 months",673000
"2018-04","SERANGOON","EXECUTIVE","321","SERANGOON AVE 2","04 TO 06",146,"Maisonette",1986,"66 years 09 months",850000
"2018-04","TAMPINES","4 ROOM","244","TAMPINES ST 21","01 TO 03",108,"Model A",1984,"65 years 02 months",446000
"2018-04","TOA PAYOH","3 ROOM","195","KIM KEAT AVE","07 TO 09",66,"Improved",1973,"54 years 03 months",250000
"2018-04","WOODLANDS","3 ROOM","31","MARSILING DR","07 TO 09",73,"New Generation",1977,"58 years 01 month",238000
"2018-04","WOODLANDS","3 ROOM","129","MARSILING RISE","04 TO 06",69,"Improved",1985,"65 years 09 months",270000
"2018-04","WOODLANDS","4 ROOM","665","WOODLANDS RING RD","04 TO 06",85,"Model A2",2000,"81 years 06 months",325000
"2018-04","WOODLANDS","4 ROOM","649","WOODLANDS RING RD","07 TO 09",100,"Model A",1998,"79 years 03 months",375000
"2018-04","WOODLANDS","5 ROOM","758","WOODLANDS AVE 6","10 TO 12",123,"Improved",1998,"78 years 11 months",388000
"2018-04","WOODLANDS","EXECUTIVE","804","WOODLANDS ST 81","04 TO 06",146,"Maisonette",1988,"69 years 07 months",535000
"2018-04","YISHUN","EXECUTIVE","325","YISHUN CTRL","10 TO 12",146,"Maisonette",1988,"69 years 08 months",560000
"2018-05","ANG MO KIO","5 ROOM","104B","ANG MO KIO ST 11","01 TO 03",128,"Improved",1996,"77 years",615000
"2018-05","BEDOK","3 ROOM","418","BEDOK NTH AVE 2","04 TO 06",67,"New Generation",1978,"59 years 06 months",305000
"2018-05","BEDOK","3 ROOM","619","BEDOK RESERVOIR RD","10 TO 12",68,"New Generation",1981,"61 years 10 months",315000
"2018-05","BEDOK","4 ROOM","79","BEDOK NTH RD","10 TO 12",91,"New Generation",1978,"59 years 01 month",405000
"2018-05","BEDOK","EXECUTIVE","94B","BEDOK NTH AVE 4","04 TO 06",143,"Apartment",1993,"74 years",685000
"2018-05","BUKIT BATOK","3 ROOM","168","BT BATOK WEST AVE 8","04 TO 06",74,"Model A",1984,"65 years 08 months",275000
"2018-05","BUKIT BATOK","4 ROOM","337","BT BATOK ST 34","01 TO 03",84,"Simplified",1986,"67 years 06 months",310000
"2018-05","BUKIT PANJANG","4 ROOM","467","SEGAR RD","01 TO 03",90,"Premium Apartment",2002,"83 years",330000
"2018-05","BUKIT PANJANG","5 ROOM","623","SENJA RD","10 TO 12",110,"Improved",2001,"82 years 07 months",455000
"2018-05","GEYLANG","4 ROOM","29","BALAM RD","01 TO 03",107,"Model A",1997,"78 years 03 months",510000
"2018-05","HOUGANG","3 ROOM","701","HOUGANG AVE 2","04 TO 06",67,"New Generation",1985,"66 years 06 months",245000
"2018-05","HOUGANG","4 ROOM","336","HOUGANG AVE 7","01 TO 03",91,"New Generation",1985,"66 years 02 months",370000
"2018-05","HOUGANG","4 ROOM","987A","BUANGKOK GREEN","01 TO 03",93,"Model A",2015,"95 years 09 months",380000
"2018-05","HOUGANG","5 ROOM","979C","BUANGKOK CRES","07 TO 09",110,"Improved",2003,"84 years 02 months",421888
"2018-05","HOUGANG","5 ROOM","310","HOUGANG AVE 5","04 TO 06",121,"Improved",1984,"64 years 10 months",465000
"2018-05","HOUGANG","5 ROOM","138","LOR AH SOO","04 TO 06",132,"Model A",1984,"65 years 05 months",575000
"2018-05","JURONG EAST","3 ROOM","330","JURONG EAST AVE 1","04 TO 06",74,"Model A",1983,"64 years 01 month",285000
"2018-05","JURONG WEST","4 ROOM","926","JURONG WEST ST 92","01 TO 03",103,"Model A",1989,"69 years 08 months",298000
"2018-05","JURONG WEST","5 ROOM","272B","JURONG WEST ST 24","13 TO 15",113,"Premium Apartment",2003,"84 years 06 months",366888
"2018-05","JURONG WEST","5 ROOM","823","JURONG WEST ST 81","10 TO 12",121,"Improved",1990,"70 years 11 months",373888
"2018-05","JURONG WEST","5 ROOM","987C","JURONG WEST ST 93","13 TO 15",110,"Premium Apartment",2006,"87 years",5e+05
"2018-05","KALLANG/WHAMPOA","4 ROOM","815","JELLICOE RD","10 TO 12",90,"Model A",2003,"83 years 10 months",690000
"2018-05","MARINE PARADE","5 ROOM","44","MARINE CRES","10 TO 12",120,"Standard",1975,"56 years 06 months",805000
"2018-05","PASIR RIS","4 ROOM","516","PASIR RIS ST 52","07 TO 09",106,"Model A",1993,"74 years 08 months",410000
"2018-05","PASIR RIS","5 ROOM","555","PASIR RIS ST 51","07 TO 09",121,"Improved",1992,"73 years 07 months",460000
"2018-05","PUNGGOL","5 ROOM","107B","EDGEFIELD PLAINS","10 TO 12",110,"Improved",2003,"83 years 10 months",438000
"2018-05","PUNGGOL","5 ROOM","274B","PUNGGOL PL","10 TO 12",114,"Premium Apartment",2013,"94 years 02 months",695000
"2018-05","SERANGOON","3 ROOM","108","SERANGOON NTH AVE 1","01 TO 03",60,"Improved",1985,"65 years 08 months",230000
"2018-05","SERANGOON","4 ROOM","101","SERANGOON NTH AVE 1","10 TO 12",93,"New Generation",1985,"65 years 10 months",355000
"2018-05","TAMPINES","3 ROOM","403","TAMPINES ST 41","01 TO 03",69,"Improved",1985,"66 years 05 months",310000
"2018-05","TAMPINES","3 ROOM","875","TAMPINES ST 84","07 TO 09",74,"Model A",1988,"69 years 03 months",340000
"2018-05","TAMPINES","5 ROOM","229","TAMPINES ST 23","04 TO 06",121,"Improved",1985,"66 years",550000
"2018-05","TOA PAYOH","4 ROOM","256","KIM KEAT AVE","10 TO 12",104,"Model A",1988,"69 years 07 months",520000
"2018-05","WOODLANDS","4 ROOM","690A","WOODLANDS DR 75","07 TO 09",90,"Premium Apartment",2004,"84 years 08 months",332000
"2018-05","WOODLANDS","4 ROOM","507","WOODLANDS DR 14","01 TO 03",101,"Model A",1999,"79 years 08 months",333000
"2018-05","YISHUN","3 ROOM","862","YISHUN AVE 4","10 TO 12",74,"Model A",1988,"69 years 03 months",295000
"2018-06","ANG MO KIO","5 ROOM","315B","ANG MO KIO ST 31","22 TO 24",110,"Improved",2006,"86 years 07 months",758000
"2018-06","BEDOK","4 ROOM","42","BEDOK STH RD","13 TO 15",84,"Improved",1977,"58 years 04 months",330000
"2018-06","BEDOK","4 ROOM","35","CHAI CHEE AVE","01 TO 03",82,"Improved",1975,"55 years 08 months",350000
"2018-06","BEDOK","4 ROOM","135","BEDOK RESERVOIR RD","04 TO 06",103,"Model A",1987,"67 years 10 months",423000
"2018-06","BISHAN","4 ROOM","260","BISHAN ST 22","13 TO 15",104,"Model A",1992,"73 years 02 months",615000
"2018-06","BISHAN","5 ROOM","303","SHUNFU RD","07 TO 09",121,"Improved",1985,"65 years 10 months",828000
"2018-06","BISHAN","EXECUTIVE","119","BISHAN ST 12","04 TO 06",144,"Apartment",1987,"68 years",894000
"2018-06","BUKIT BATOK","4 ROOM","383","BT BATOK WEST AVE 5","22 TO 24",86,"Model A",2005,"85 years 09 months",420000
"2018-06","BUKIT BATOK","5 ROOM","390","BT BATOK WEST AVE 5","16 TO 18",118,"Improved",2004,"85 years 05 months",535000
"2018-06","BUKIT MERAH","3 ROOM","58","HAVELOCK RD","16 TO 18",69,"Model A",2013,"94 years",410000
"2018-06","BUKIT MERAH","4 ROOM","139","JLN BT MERAH","13 TO 15",106,"Model A",1997,"77 years 08 months",610000
"2018-06","BUKIT MERAH","5 ROOM","36","JLN RUMAH TINGGI","22 TO 24",120,"Improved",1999,"79 years 10 months",710000
"2018-06","BUKIT PANJANG","4 ROOM","167","PETIR RD","10 TO 12",101,"Model A",1998,"79 years 03 months",518000
"2018-06","CHOA CHU KANG","4 ROOM","626","CHOA CHU KANG ST 62","07 TO 09",100,"Model A",1997,"77 years 11 months",375000
"2018-06","CHOA CHU KANG","4 ROOM","613","CHOA CHU KANG ST 62","10 TO 12",108,"Model A",1996,"77 years 01 month",381000
"2018-06","CHOA CHU KANG","5 ROOM","112","TECK WHYE LANE","01 TO 03",121,"Improved",1989,"69 years 10 months",320000
"2018-06","CHOA CHU KANG","5 ROOM","690A","CHOA CHU KANG CRES","04 TO 06",110,"Improved",2003,"84 years",367800
"2018-06","CLEMENTI","3 ROOM","339","CLEMENTI AVE 5","10 TO 12",67,"New Generation",1979,"60 years 06 months",350000
"2018-06","CLEMENTI","5 ROOM","425","CLEMENTI AVE 1","34 TO 36",113,"Improved",2013,"94 years 03 months",880000
"2018-06","JURONG EAST","3 ROOM","248","JURONG EAST ST 24","04 TO 06",67,"New Generation",1983,"63 years 10 months",280000
"2018-06","JURONG EAST","3 ROOM","101","JURONG EAST ST 13","10 TO 12",68,"New Generation",1983,"63 years 10 months",340000
"2018-06","JURONG WEST","4 ROOM","454","JURONG WEST ST 42","01 TO 03",103,"Model A",1985,"65 years 10 months",320000
"2018-06","JURONG WEST","4 ROOM","655A","JURONG WEST ST 61","01 TO 03",86,"Model A2",2002,"83 years 05 months",325000
"2018-06","JURONG WEST","4 ROOM","850","JURONG WEST ST 81","10 TO 12",108,"Model A",1996,"76 years 10 months",328000
"2018-06","JURONG WEST","4 ROOM","765","JURONG WEST ST 74","07 TO 09",104,"Model A",1996,"77 years 01 month",340000
"2018-06","JURONG WEST","4 ROOM","617","JURONG WEST ST 65","13 TO 15",85,"Model A2",2000,"81 years 06 months",4e+05
"2018-06","JURONG WEST","4 ROOM","695","JURONG WEST CTRL 1","07 TO 09",102,"Premium Apartment",1998,"78 years 09 months",460000
"2018-06","JURONG WEST","5 ROOM","271C","JURONG WEST ST 24","13 TO 15",112,"Premium Apartment",2003,"84 years 04 months",390000
"2018-06","JURONG WEST","EXECUTIVE","862","JURONG WEST ST 81","01 TO 03",146,"Maisonette",1996,"77 years 05 months",515000
"2018-06","KALLANG/WHAMPOA","3 ROOM","98","WHAMPOA DR","13 TO 15",65,"Improved",1974,"54 years 10 months",271000
"2018-06","PASIR RIS","4 ROOM","569","PASIR RIS ST 51","07 TO 09",104,"Model A",1992,"73 years 07 months",430000
"2018-06","PASIR RIS","4 ROOM","451","PASIR RIS DR 6","10 TO 12",105,"Model A",1989,"70 years 04 months",442000
"2018-06","PASIR RIS","EXECUTIVE","650","PASIR RIS DR 10","01 TO 03",146,"Apartment",1995,"76 years 04 months",543000
"2018-06","PUNGGOL","2 ROOM","601B","PUNGGOL CTRL","01 TO 03",50,"Model A",2012,"93 years 02 months",260000
"2018-06","PUNGGOL","4 ROOM","302A","PUNGGOL PL","10 TO 12",93,"Premium Apartment",2011,"91 years 10 months",490000
"2018-06","PUNGGOL","4 ROOM","289A","PUNGGOL PL","13 TO 15",99,"Premium Apartment",2013,"93 years 09 months",523000
"2018-06","QUEENSTOWN","4 ROOM","22","GHIM MOH LINK","07 TO 09",87,"Model A",2013,"93 years 11 months",738000
"2018-06","SEMBAWANG","5 ROOM","420","CANBERRA RD","07 TO 09",110,"Improved",2001,"81 years 10 months",382500
"2018-06","SENGKANG","4 ROOM","194","RIVERVALE DR","04 TO 06",91,"Model A",2001,"81 years 11 months",341000
"2018-06","SENGKANG","4 ROOM","203E","COMPASSVALE RD","04 TO 06",90,"Model A",2000,"81 years 07 months",353000
"2018-06","SENGKANG","4 ROOM","410A","FERNVALE RD","22 TO 24",96,"Premium Apartment",2012,"93 years 06 months",441200
"2018-06","SENGKANG","4 ROOM","267A","COMPASSVALE LINK","07 TO 09",90,"Premium Apartment",2006,"86 years 08 months",455000
"2018-06","SENGKANG","4 ROOM","271B","SENGKANG CTRL","10 TO 12",93,"Premium Apartment",2010,"91 years",540000
"2018-06","SENGKANG","5 ROOM","188C","RIVERVALE DR","01 TO 03",115,"Improved",2000,"81 years 03 months",368000
"2018-06","TAMPINES","4 ROOM","291","TAMPINES ST 22","04 TO 06",105,"Model A",1984,"65 years 02 months",410000
"2018-06","TAMPINES","4 ROOM","719","TAMPINES ST 72","13 TO 15",101,"Model A",1997,"77 years 11 months",440000
"2018-06","TAMPINES","4 ROOM","277","TAMPINES ST 22","10 TO 12",108,"Model A",1985,"65 years 08 months",442000
"2018-06","TAMPINES","5 ROOM","453","TAMPINES ST 42","01 TO 03",122,"Improved",1987,"68 years 06 months",460000
"2018-06","TOA PAYOH","5 ROOM","218","LOR 8 TOA PAYOH","19 TO 21",117,"Standard",1978,"58 years 08 months",560000
"2018-06","WOODLANDS","4 ROOM","821","WOODLANDS ST 82","01 TO 03",98,"New Generation",1995,"75 years 10 months",3e+05
"2018-06","WOODLANDS","4 ROOM","722","WOODLANDS AVE 6","04 TO 06",103,"Model A",1997,"78 years 01 month",313000
"2018-06","WOODLANDS","4 ROOM","639","WOODLANDS RING RD","04 TO 06",102,"Model A",1999,"80 years 01 month",327800
"2018-06","WOODLANDS","5 ROOM","687C","WOODLANDS DR 75","04 TO 06",115,"Premium Apartment",2003,"83 years 09 months",390000
"2018-06","WOODLANDS","5 ROOM","505","WOODLANDS DR 14","07 TO 09",124,"Improved",1999,"79 years 08 months",458000
"2018-06","YISHUN","3 ROOM","353","YISHUN RING RD","04 TO 06",74,"Model A",1989,"69 years 08 months",258000
"2018-06","YISHUN","5 ROOM","120","YISHUN RING RD","01 TO 03",122,"Improved",1986,"66 years 09 months",378000
"2018-07","ANG MO KIO","3 ROOM","348","ANG MO KIO AVE 3","01 TO 03",73,"New Generation",1978,"58 years 09 months",260000
"2018-07","ANG MO KIO","3 ROOM","506","ANG MO KIO AVE 8","10 TO 12",68,"New Generation",1980,"61 years 02 months",290000
"2018-07","ANG MO KIO","4 ROOM","212","ANG MO KIO AVE 3","04 TO 06",81,"New Generation",1977,"57 years 09 months",338000
"2018-07","ANG MO KIO","5 ROOM","588C","ANG MO KIO ST 52","25 TO 27",117,"DBSS",2011,"91 years 11 months",878000
"2018-07","BEDOK","3 ROOM","116","BEDOK RESERVOIR RD","13 TO 15",67,"New Generation",1986,"66 years 08 months",302000
"2018-07","BEDOK","4 ROOM","764","BEDOK RESERVOIR VIEW","04 TO 06",105,"Premium Apartment",2000,"81 years 06 months",535000
"2018-07","BEDOK","4 ROOM","115","LENGKONG TIGA","01 TO 03",104,"Model A",1989,"69 years 10 months",620000
"2018-07","BISHAN","EXECUTIVE","174","BISHAN ST 13","01 TO 03",152,"Maisonette",1986,"67 years 05 months",660000
"2018-07","BUKIT MERAH","3 ROOM","119","BT MERAH VIEW","10 TO 12",65,"Improved",1983,"63 years 06 months",340000
"2018-07","BUKIT MERAH","4 ROOM","107","BT PURMEI RD","07 TO 09",93,"New Generation",1983,"63 years 06 months",460000
"2018-07","BUKIT MERAH","4 ROOM","108","JLN BT MERAH","07 TO 09",109,"Model A",1984,"65 years",502000
"2018-07","BUKIT PANJANG","5 ROOM","629","SENJA RD","22 TO 24",110,"Premium Apartment",2004,"85 years 04 months",485000
"2018-07","BUKIT TIMAH","4 ROOM","4","TOH YI DR","01 TO 03",104,"Model A",1988,"69 years 01 month",638000
"2018-07","CENTRAL AREA","4 ROOM","26","JLN BERSEH","07 TO 09",87,"Improved",1979,"59 years 11 months",485000
"2018-07","CENTRAL AREA","4 ROOM","1F","CANTONMENT RD","37 TO 39",95,"Type S1",2011,"91 years 07 months",1020000
"2018-07","CHOA CHU KANG","4 ROOM","707","CHOA CHU KANG ST 53","04 TO 06",117,"Model A",1995,"75 years 10 months",390000
"2018-07","CHOA CHU KANG","5 ROOM","687D","CHOA CHU KANG DR","22 TO 24",111,"Improved",2003,"83 years 09 months",405000
"2018-07","CLEMENTI","3 ROOM","319","CLEMENTI AVE 4","10 TO 12",67,"New Generation",1979,"59 years 09 months",323000
"2018-07","CLEMENTI","3 ROOM","418","CLEMENTI AVE 1","19 TO 21",75,"Model A",2013,"94 years 03 months",530000
"2018-07","CLEMENTI","4 ROOM","703","WEST COAST RD","10 TO 12",93,"New Generation",1980,"61 years 03 months",425000
"2018-07","CLEMENTI","4 ROOM","457","CLEMENTI AVE 3","16 TO 18",90,"Model A",2002,"83 years 05 months",695000
"2018-07","CLEMENTI","EXECUTIVE","728","CLEMENTI WEST ST 2","10 TO 12",163,"Adjoined flat",1980,"61 years 02 months",820000
"2018-07","GEYLANG","3 ROOM","22","BALAM RD","04 TO 06",60,"Standard",1967,"47 years 07 months",246000
"2018-07","GEYLANG","3 ROOM","106","ALJUNIED CRES","04 TO 06",67,"New Generation",1979,"59 years 07 months",320000
"2018-07","HOUGANG","3 ROOM","987C","BUANGKOK GREEN","07 TO 09",68,"Model A",2015,"95 years 07 months",325000
"2018-07","HOUGANG","4 ROOM","417","HOUGANG AVE 8","07 TO 09",103,"Model A",1989,"70 years 01 month",450888
"2018-07","HOUGANG","5 ROOM","915","HOUGANG ST 91","10 TO 12",121,"Improved",1998,"78 years 07 months",435000
"2018-07","HOUGANG","EXECUTIVE","834","HOUGANG CTRL","04 TO 06",147,"Maisonette",1992,"73 years 02 months",720000
"2018-07","JURONG EAST","4 ROOM","218","JURONG EAST ST 21","07 TO 09",91,"New Generation",1984,"65 years 04 months",405000
"2018-07","JURONG WEST","5 ROOM","658D","JURONG WEST ST 65","04 TO 06",110,"Improved",2001,"82 years",446000
"2018-07","JURONG WEST","5 ROOM","559","JURONG WEST ST 42","07 TO 09",139,"Model A-Maisonette",1985,"65 years 11 months",580000
"2018-07","KALLANG/WHAMPOA","3 ROOM","68","GEYLANG BAHRU","13 TO 15",76,"Improved",1974,"55 years",312000
"2018-07","MARINE PARADE","3 ROOM","33","MARINE CRES","16 TO 18",65,"Improved",1975,"55 years 10 months",418000
"2018-07","PASIR RIS","4 ROOM","474","PASIR RIS DR 6","01 TO 03",105,"Model A",1989,"70 years 05 months",410000
"2018-07","PASIR RIS","4 ROOM","416","PASIR RIS DR 6","04 TO 06",103,"Model A",1989,"70 years 05 months",416000
"2018-07","PUNGGOL","3 ROOM","624C","PUNGGOL CTRL","16 TO 18",69,"Model A",2014,"94 years 10 months",350000
"2018-07","PUNGGOL","4 ROOM","614B","EDGEFIELD PLAINS","04 TO 06",92,"Model A",2012,"93 years 06 months",436000
"2018-07","PUNGGOL","4 ROOM","273B","PUNGGOL PL","07 TO 09",93,"Premium Apartment",2013,"94 years 01 month",470000
"2018-07","PUNGGOL","4 ROOM","270B","PUNGGOL FIELD","04 TO 06",97,"Premium Apartment",2013,"93 years 06 months",495000
"2018-07","PUNGGOL","5 ROOM","128B","PUNGGOL FIELD WALK","10 TO 12",110,"Improved",2003,"83 years 11 months",405000
"2018-07","PUNGGOL","5 ROOM","126B","EDGEDALE PLAINS","07 TO 09",110,"Improved",2003,"83 years 08 months",438000
"2018-07","QUEENSTOWN","3 ROOM","21","DOVER CRES","13 TO 15",73,"Improved",1976,"57 years 01 month",408000
"2018-07","QUEENSTOWN","3 ROOM","12","HOLLAND AVE","19 TO 21",65,"Improved",1975,"55 years 06 months",428000
"2018-07","QUEENSTOWN","4 ROOM","18A","HOLLAND DR","04 TO 06",92,"Model A",2012,"93 years 03 months",760000
"2018-07","SEMBAWANG","5 ROOM","316","SEMBAWANG VISTA","10 TO 12",122,"Improved",1999,"79 years 10 months",490000
"2018-07","SENGKANG","3 ROOM","441A","FERNVALE RD","13 TO 15",69,"Model A",2012,"92 years 08 months",276000
"2018-07","SENGKANG","3 ROOM","180A","RIVERVALE CRES","10 TO 12",67,"Model A",2015,"95 years 09 months",3e+05
"2018-07","SENGKANG","3 ROOM","180A","RIVERVALE CRES","10 TO 12",67,"Model A",2015,"95 years 08 months",310000
"2018-07","SENGKANG","5 ROOM","255","COMPASSVALE RD","07 TO 09",116,"Improved",2000,"81 years 01 month",488000
"2018-07","SENGKANG","4 ROOM","446B","JLN KAYU","10 TO 12",93,"Model A",2013,"94 years 05 months",390000
"2018-07","SENGKANG","5 ROOM","321A","ANCHORVALE DR","07 TO 09",110,"Improved",2002,"83 years 03 months",485000
"2018-07","SENGKANG","5 ROOM","433B","SENGKANG WEST WAY","19 TO 21",113,"Improved",2014,"95 years 03 months",550000
"2018-07","SENGKANG","5 ROOM","430D","FERNVALE LINK","19 TO 21",115,"Improved",2015,"95 years 10 months",590000
"2018-07","SENGKANG","EXECUTIVE","262B","COMPASSVALE ST","10 TO 12",130,"Apartment",2001,"81 years 09 months",660000
"2018-07","SERANGOON","3 ROOM","323","SERANGOON AVE 3","10 TO 12",64,"Simplified",1985,"66 years 05 months",393000
"2018-07","SERANGOON","4 ROOM","335","SERANGOON AVE 3","10 TO 12",84,"Simplified",1986,"66 years 10 months",510000
"2018-07","SERANGOON","5 ROOM","546","SERANGOON NTH AVE 3","01 TO 03",119,"Improved",1998,"78 years 06 months",450000
"2018-07","TAMPINES","5 ROOM","869","TAMPINES ST 83","07 TO 09",121,"Improved",1989,"69 years 06 months",488000
"2018-07","TAMPINES","5 ROOM","492D","TAMPINES ST 45","07 TO 09",124,"Improved",1993,"74 years",495000
"2018-07","TAMPINES","5 ROOM","880","TAMPINES AVE 8","04 TO 06",122,"Improved",1988,"68 years 09 months",528000
"2018-07","TAMPINES","5 ROOM","391","TAMPINES AVE 7","04 TO 06",137,"Model A",1994,"74 years 08 months",555000
"2018-07","TAMPINES","EXECUTIVE","328","TAMPINES ST 32","07 TO 09",147,"Apartment",1995,"76 years 06 months",688000
"2018-07","TOA PAYOH","3 ROOM","83","LOR 2 TOA PAYOH","07 TO 09",67,"Improved",1971,"51 years 06 months",270000
"2018-07","WOODLANDS","3 ROOM","310","WOODLANDS ST 31","07 TO 09",73,"Model A",1993,"74 years 02 months",260000
"2018-07","WOODLANDS","4 ROOM","628B","WOODLANDS RING RD","04 TO 06",101,"Model A",1998,"79 years 03 months",318000
"2018-07","WOODLANDS","4 ROOM","663","WOODLANDS RING RD","04 TO 06",100,"Model A",1998,"78 years 07 months",322000
"2018-07","YISHUN","3 ROOM","722","YISHUN ST 71","01 TO 03",64,"Simplified",1987,"68 years 02 months",239000
"2018-07","YISHUN","3 ROOM","402","YISHUN RING RD","10 TO 12",74,"Model A",1989,"69 years 07 months",280000
"2018-07","YISHUN","4 ROOM","715","YISHUN ST 71","01 TO 03",84,"Simplified",1987,"67 years 11 months",270000
"2018-08","ANG MO KIO","5 ROOM","588D","ANG MO KIO ST 52","10 TO 12",112,"DBSS",2011,"92 years",776000
"2018-08","ANG MO KIO","5 ROOM","588D","ANG MO KIO ST 52","19 TO 21",112,"DBSS",2011,"91 years 11 months",8e+05
"2018-08","BEDOK","3 ROOM","702","BEDOK RESERVOIR RD","01 TO 03",68,"New Generation",1980,"61 years 04 months",278888
"2018-08","BISHAN","5 ROOM","181","BISHAN ST 13","04 TO 06",121,"Improved",1987,"67 years 06 months",710000
"2018-08","BISHAN","5 ROOM","405","SIN MING AVE","22 TO 24",120,"Improved",1986,"66 years 10 months",738000
"2018-08","BUKIT BATOK","4 ROOM","409","BT BATOK WEST AVE 4","04 TO 06",99,"New Generation",1988,"68 years 08 months",310000
"2018-08","BUKIT BATOK","4 ROOM","391","BT BATOK WEST AVE 5","19 TO 21",92,"Model A",2004,"85 years 01 month",421000
"2018-08","BUKIT BATOK","EXECUTIVE","290C","BT BATOK EAST AVE 3","04 TO 06",142,"Apartment",1997,"78 years 04 months",650000
"2018-08","BUKIT MERAH","3 ROOM","129","BT MERAH VIEW","04 TO 06",65,"Improved",1973,"53 years 11 months",360000
"2018-08","CENTRAL AREA","3 ROOM","536","UPP CROSS ST","07 TO 09",60,"Improved",1981,"61 years 09 months",428000
"2018-08","CHOA CHU KANG","4 ROOM","692B","CHOA CHU KANG CRES","07 TO 09",91,"Model A",2003,"83 years 06 months",315000
"2018-08","CHOA CHU KANG","4 ROOM","484","CHOA CHU KANG AVE 5","10 TO 12",102,"Model A",1999,"79 years 10 months",345000
"2018-08","CHOA CHU KANG","4 ROOM","227","CHOA CHU KANG CTRL","01 TO 03",105,"Model A",1993,"73 years 10 months",355000
"2018-08","CLEMENTI","3 ROOM","304","CLEMENTI AVE 4","01 TO 03",67,"New Generation",1979,"59 years 08 months",285000
"2018-08","CLEMENTI","3 ROOM","320","CLEMENTI AVE 4","10 TO 12",67,"New Generation",1979,"59 years 08 months",342000
"2018-08","CLEMENTI","4 ROOM","331","CLEMENTI AVE 2","10 TO 12",92,"New Generation",1978,"58 years 11 months",525000
"2018-08","GEYLANG","4 ROOM","336","UBI AVE 1","07 TO 09",83,"Simplified",1986,"66 years 06 months",387000
"2018-08","HOUGANG","4 ROOM","688","HOUGANG ST 61","04 TO 06",104,"Model A",1987,"67 years 08 months",370000
"2018-08","HOUGANG","4 ROOM","137","LOR AH SOO","10 TO 12",113,"Model A",1985,"65 years 08 months",435000
"2018-08","JURONG WEST","3 ROOM","484","JURONG WEST AVE 1","01 TO 03",67,"New Generation",1985,"65 years 11 months",250000
"2018-08","JURONG WEST","4 ROOM","430","JURONG WEST AVE 1","07 TO 09",103,"Model A",1985,"65 years 05 months",310000
"2018-08","JURONG WEST","5 ROOM","636","JURONG WEST ST 65","10 TO 12",110,"Improved",2001,"82 years 04 months",4e+05
"2018-08","JURONG WEST","5 ROOM","696","JURONG WEST CTRL 1","04 TO 06",125,"Premium Apartment",1998,"78 years 07 months",508000
"2018-08","JURONG WEST","EXECUTIVE","369","YUNG AN RD","07 TO 09",148,"Apartment",1995,"76 years",550000
"2018-08","KALLANG/WHAMPOA","4 ROOM","104","JLN RAJAH","04 TO 06",103,"Model A",1984,"64 years 05 months",420000
"2018-08","KALLANG/WHAMPOA","5 ROOM","3A","UPP BOON KENG RD","16 TO 18",110,"Improved",2006,"87 years 02 months",850000
"2018-08","MARINE PARADE","4 ROOM","17","MARINE TER","16 TO 18",82,"Improved",1975,"55 years 08 months",550000
"2018-08","SENGKANG","2 ROOM","180B","RIVERVALE CRES","16 TO 18",47,"Model A",2015,"95 years 07 months",225000
"2018-08","SENGKANG","4 ROOM","201D","COMPASSVALE DR","04 TO 06",90,"Model A",2001,"81 years 11 months",350000
"2018-08","SENGKANG","4 ROOM","295C","COMPASSVALE CRES","10 TO 12",89,"Model A",2002,"82 years 07 months",353000
"2018-08","SENGKANG","4 ROOM","441C","FERNVALE RD","16 TO 18",93,"Model A",2012,"92 years 06 months",415000
"2018-08","SENGKANG","4 ROOM","271A","SENGKANG CTRL","10 TO 12",93,"Premium Apartment",2010,"90 years 09 months",515000
"2018-08","SENGKANG","5 ROOM","290B","COMPASSVALE CRES","13 TO 15",110,"Improved",2001,"82 years 04 months",430000
"2018-08","SENGKANG","EXECUTIVE","306B","ANCHORVALE LINK","04 TO 06",125,"Apartment",2001,"82 years 04 months",518000
"2018-08","SERANGOON","4 ROOM","541","SERANGOON NTH AVE 4","10 TO 12",104,"Model A",1992,"73 years 03 months",391000
"2018-08","TAMPINES","4 ROOM","321","TAMPINES ST 33","10 TO 12",111,"Model A",1995,"76 years 02 months",408000
"2018-08","TAMPINES","4 ROOM","290","TAMPINES ST 22","04 TO 06",92,"New Generation",1985,"66 years 01 month",418000
"2018-08","TAMPINES","4 ROOM","897","TAMPINES ST 81","04 TO 06",103,"Model A",1988,"69 years 01 month",422800
"2018-08","TOA PAYOH","3 ROOM","194","KIM KEAT AVE","10 TO 12",75,"Improved",1973,"53 years 11 months",328000
"2018-08","TOA PAYOH","4 ROOM","143","LOR 2 TOA PAYOH","16 TO 18",90,"Model A",2002,"83 years 01 month",605000
"2018-08","TOA PAYOH","4 ROOM","79E","TOA PAYOH CTRL","28 TO 30",91,"Model A",2009,"89 years 08 months",780000
"2018-08","TOA PAYOH","5 ROOM","139A","LOR 1A TOA PAYOH","10 TO 12",110,"DBSS",2012,"92 years 09 months",890000
"2018-08","WOODLANDS","4 ROOM","575","WOODLANDS DR 16","04 TO 06",86,"Model A2",2000,"81 years 04 months",332000
"2018-08","WOODLANDS","4 ROOM","159","WOODLANDS ST 13","07 TO 09",103,"Model A",1990,"70 years 10 months",350000
"2018-08","WOODLANDS","5 ROOM","572B","WOODLANDS AVE 1","07 TO 09",112,"Improved",2013,"94 years 03 months",475000
"2018-08","YISHUN","3 ROOM","806","YISHUN RING RD","10 TO 12",74,"Model A",1987,"67 years 07 months",341888
"2018-08","YISHUN","4 ROOM","159","YISHUN ST 11","10 TO 12",98,"New Generation",1985,"65 years 08 months",350000
"2018-08","YISHUN","4 ROOM","642","YISHUN ST 61","10 TO 12",104,"Model A",1986,"67 years 03 months",352000
"2018-09","ANG MO KIO","3 ROOM","604","ANG MO KIO AVE 5","07 TO 09",67,"New Generation",1980,"60 years 09 months",260000
"2018-09","BEDOK","3 ROOM","107","BEDOK RESERVOIR RD","07 TO 09",67,"New Generation",1985,"65 years 11 months",286000
"2018-09","BEDOK","4 ROOM","770","BEDOK RESERVOIR VIEW","04 TO 06",105,"Premium Apartment",2000,"81 years 03 months",535000
"2018-09","BEDOK","5 ROOM","604","BEDOK RESERVOIR RD","10 TO 12",121,"Improved",1982,"62 years 08 months",488000
"2018-09","BISHAN","5 ROOM","408","SIN MING AVE","22 TO 24",120,"Improved",1986,"66 years 09 months",718000
"2018-09","BISHAN","5 ROOM","179","BISHAN ST 13","07 TO 09",121,"Improved",1987,"67 years 11 months",760000
"2018-09","BISHAN","EXECUTIVE","187","BISHAN ST 13","07 TO 09",142,"Apartment",1987,"67 years 06 months",9e+05
"2018-09","BUKIT BATOK","3 ROOM","219","BT BATOK ST 21","01 TO 03",69,"New Generation",1985,"65 years 06 months",265000
"2018-09","BUKIT BATOK","5 ROOM","110","BT BATOK WEST AVE 6","01 TO 03",132,"Model A",1985,"65 years 06 months",491000
"2018-09","BUKIT MERAH","4 ROOM","57","TELOK BLANGAH HTS","04 TO 06",91,"New Generation",1976,"57 years",408000
"2018-09","BUKIT MERAH","4 ROOM","111","BT PURMEI RD","01 TO 03",104,"Model A",1984,"65 years 01 month",530000
"2018-09","CHOA CHU KANG","3 ROOM","570","CHOA CHU KANG ST 52","10 TO 12",67,"Model A",2015,"95 years 05 months",318888
"2018-09","CLEMENTI","2 ROOM","418","CLEMENTI AVE 1","25 TO 27",49,"Model A",2013,"94 years",380000
"2018-09","GEYLANG","4 ROOM","315","UBI AVE 1","01 TO 03",84,"Simplified",1985,"65 years 11 months",360000
"2018-09","HOUGANG","3 ROOM","241","HOUGANG ST 22","10 TO 12",74,"Model A",1985,"65 years 08 months",260000
"2018-09","HOUGANG","3 ROOM","246","HOUGANG ST 22","04 TO 06",67,"New Generation",1984,"65 years 01 month",270000
"2018-09","JURONG EAST","2 ROOM","23","TEBAN GDNS RD","07 TO 09",47,"Model A",2013,"94 years",220000
"2018-09","JURONG EAST","4 ROOM","270","TOH GUAN RD","13 TO 15",100,"Model A",1999,"79 years 06 months",495000
"2018-09","JURONG EAST","5 ROOM","260","JURONG EAST ST 24","10 TO 12",121,"Improved",1983,"63 years 05 months",435000
"2018-09","JURONG WEST","4 ROOM","431","JURONG WEST AVE 1","07 TO 09",103,"Model A",1985,"65 years 05 months",315000
"2018-09","JURONG WEST","4 ROOM","474","JURONG WEST ST 41","07 TO 09",102,"Model A",1984,"65 years 02 months",365000
"2018-09","JURONG WEST","5 ROOM","849","JURONG WEST ST 81","04 TO 06",126,"Improved",1996,"76 years 07 months",360000
"2018-09","JURONG WEST","5 ROOM","273A","JURONG WEST AVE 3","13 TO 15",111,"Improved",2001,"82 years 03 months",368000
"2018-09","JURONG WEST","5 ROOM","656B","JURONG WEST ST 61","01 TO 03",111,"Improved",2001,"81 years 10 months",411000
"2018-09","JURONG WEST","EXECUTIVE","656A","JURONG WEST ST 61","13 TO 15",132,"Apartment",2002,"82 years 06 months",555000
"2018-09","KALLANG/WHAMPOA","3 ROOM","15","FARRER PK RD","13 TO 15",62,"Model A",2004,"84 years 09 months",488000
"2018-09","MARINE PARADE","4 ROOM","54","MARINE TER","13 TO 15",88,"Improved",1975,"55 years 04 months",506000
"2018-09","PASIR RIS","5 ROOM","759","PASIR RIS ST 71","13 TO 15",126,"Improved",1996,"77 years 02 months",5e+05
"2018-09","PASIR RIS","EXECUTIVE","447","PASIR RIS DR 6","01 TO 03",155,"Maisonette",1989,"70 years 02 months",680000
"2018-09","PUNGGOL","4 ROOM","617D","PUNGGOL DR","16 TO 18",95,"Premium Apartment",2013,"94 years",475000
"2018-09","PUNGGOL","5 ROOM","105A","EDGEFIELD PLAINS","04 TO 06",110,"Improved",2003,"83 years 08 months",405000
"2018-09","QUEENSTOWN","3 ROOM","19","GHIM MOH RD","04 TO 06",65,"Improved",1977,"57 years 09 months",3e+05
"2018-09","SENGKANG","4 ROOM","228B","COMPASSVALE WALK","04 TO 06",101,"Model A",1999,"80 years 03 months",345000
"2018-09","SENGKANG","4 ROOM","249","COMPASSVALE RD","07 TO 09",85,"Model A2",2000,"80 years 08 months",385000
"2018-09","SENGKANG","4 ROOM","432A","SENGKANG WEST WAY","07 TO 09",93,"Model A",2014,"95 years 02 months",445000
"2018-09","SENGKANG","5 ROOM","155","RIVERVALE CRES","16 TO 18",110,"Improved",2005,"86 years 03 months",436000
"2018-09","TAMPINES","4 ROOM","287","TAMPINES ST 22","01 TO 03",102,"Model A",1984,"64 years 10 months",4e+05
"2018-09","TAMPINES","4 ROOM","293","TAMPINES ST 22","04 TO 06",108,"Model A",1984,"64 years 09 months",405000
"2018-09","TOA PAYOH","3 ROOM","116","LOR 2 TOA PAYOH","13 TO 15",72,"Improved",1970,"50 years 05 months",296000
"2018-09","WOODLANDS","3 ROOM","160","WOODLANDS ST 13","10 TO 12",73,"Model A",1990,"70 years 09 months",305000
"2018-09","WOODLANDS","4 ROOM","843","WOODLANDS ST 82","07 TO 09",104,"Model A",1994,"74 years 09 months",335000
"2018-09","WOODLANDS","5 ROOM","10","MARSILING DR","13 TO 15",126,"Standard",1976,"56 years 06 months",323000
"2018-09","WOODLANDS","5 ROOM","836","WOODLANDS ST 83","10 TO 12",121,"Improved",1996,"76 years 06 months",435000
"2018-09","YISHUN","3 ROOM","707","YISHUN AVE 5","04 TO 06",68,"New Generation",1984,"64 years 07 months",230000
"2018-09","YISHUN","3 ROOM","224","YISHUN ST 21","04 TO 06",67,"New Generation",1985,"65 years 11 months",250000
"2018-09","YISHUN","4 ROOM","321","YISHUN CTRL","04 TO 06",105,"Model A",1988,"68 years 06 months",340000
"2018-09","YISHUN","4 ROOM","329","YISHUN RING RD","10 TO 12",104,"Model A",1988,"68 years 04 months",408000
"2018-10","ANG MO KIO","3 ROOM","720","ANG MO KIO AVE 6","04 TO 06",68,"New Generation",1980,"60 years 09 months",287500
"2018-10","ANG MO KIO","4 ROOM","207","ANG MO KIO AVE 1","04 TO 06",97,"New Generation",1976,"56 years 09 months",402000
"2018-10","ANG MO KIO","5 ROOM","588B","ANG MO KIO ST 52","07 TO 09",112,"DBSS",2011,"91 years 10 months",845000
"2018-10","BEDOK","3 ROOM","606","BEDOK RESERVOIR RD","07 TO 09",67,"New Generation",1982,"62 years 07 months",278000
"2018-10","BEDOK","4 ROOM","86","BEDOK NTH ST 4","04 TO 06",89,"New Generation",1978,"58 years 06 months",350000
"2018-10","BEDOK","4 ROOM","182","BEDOK NTH RD","13 TO 15",92,"Model A",2006,"86 years 04 months",617000
"2018-10","BEDOK","4 ROOM","220A","BEDOK CTRL","10 TO 12",97,"Model A",2010,"90 years 08 months",705000
"2018-10","BEDOK","5 ROOM","118","BEDOK NTH ST 2","07 TO 09",123,"Standard",1978,"58 years 06 months",505000
"2018-10","BEDOK","5 ROOM","646","JLN TENAGA","04 TO 06",129,"Improved",1993,"73 years 07 months",530000
"2018-10","BUKIT BATOK","4 ROOM","166","BT BATOK WEST AVE 8","01 TO 03",106,"Model A",1984,"65 years 01 month",380000
"2018-10","BUKIT MERAH","3 ROOM","2","JLN BT MERAH","04 TO 06",63,"Improved",1975,"55 years 09 months",272500
"2018-10","BUKIT MERAH","3 ROOM","50","MOH GUAN TER","01 TO 03",88,"Standard",1973,"53 years 03 months",615000
"2018-10","BUKIT MERAH","5 ROOM","5","EVERTON PK","10 TO 12",127,"Improved",1980,"61 years 01 month",728000
"2018-10","BUKIT PANJANG","4 ROOM","226","PENDING RD","04 TO 06",84,"Simplified",1987,"67 years 07 months",303000
"2018-10","BUKIT PANJANG","4 ROOM","252","BANGKIT RD","01 TO 03",103,"Model A",1989,"69 years 07 months",333000
"2018-10","CENTRAL AREA","3 ROOM","34","UPP CROSS ST","10 TO 12",65,"Improved",1975,"55 years 08 months",380000
"2018-10","CHOA CHU KANG","4 ROOM","409","CHOA CHU KANG AVE 3","04 TO 06",104,"Model A",1992,"72 years 09 months",335000
"2018-10","CHOA CHU KANG","4 ROOM","430","CHOA CHU KANG AVE 4","04 TO 06",106,"Model A",1993,"73 years 08 months",350000
"2018-10","CHOA CHU KANG","5 ROOM","250","CHOA CHU KANG AVE 2","04 TO 06",122,"Improved",1993,"73 years 09 months",380000
"2018-10","GEYLANG","3 ROOM","34","CIRCUIT RD","01 TO 03",60,"Standard",1967,"47 years 04 months",225000
"2018-10","GEYLANG","EXECUTIVE","132","GEYLANG EAST AVE 1","16 TO 18",146,"Maisonette",1987,"67 years 06 months",840000
"2018-10","HOUGANG","4 ROOM","575","HOUGANG ST 51","13 TO 15",99,"Model A",1997,"77 years 04 months",410000
"2018-10","HOUGANG","5 ROOM","245","HOUGANG ST 22","10 TO 12",121,"Improved",1984,"65 years 03 months",428000
"2018-10","JURONG WEST","3 ROOM","339A","KANG CHING RD","13 TO 15",67,"Model A",2012,"92 years 06 months",308000
"2018-10","JURONG WEST","4 ROOM","903","JURONG WEST ST 91","07 TO 09",104,"Model A",1988,"68 years 10 months",280000
"2018-10","JURONG WEST","4 ROOM","976","JURONG WEST ST 93","01 TO 03",104,"Model A",1989,"69 years 07 months",3e+05
"2018-10","JURONG WEST","EXECUTIVE","627","JURONG WEST ST 65","07 TO 09",130,"Apartment",2001,"81 years 10 months",519000
"2018-10","JURONG WEST","EXECUTIVE","686A","JURONG WEST CTRL 1","13 TO 15",132,"Premium Apartment",2000,"81 years",688888
"2018-10","KALLANG/WHAMPOA","3 ROOM","28","BENDEMEER RD","22 TO 24",71,"Improved",1972,"52 years 03 months",380000
"2018-10","KALLANG/WHAMPOA","4 ROOM","8","ST. GEORGE'S LANE","07 TO 09",95,"New Generation",1982,"62 years 06 months",420000
"2018-10","KALLANG/WHAMPOA","4 ROOM","815","JELLICOE RD","22 TO 24",90,"Model A",2003,"83 years 05 months",7e+05
"2018-10","MARINE PARADE","4 ROOM","60","MARINE DR","07 TO 09",87,"Improved",1976,"56 years 04 months",530000
"2018-10","PASIR RIS","EXECUTIVE","531","PASIR RIS DR 1","04 TO 06",148,"Maisonette",1992,"73 years 02 months",750000
"2018-10","PUNGGOL","3 ROOM","211D","PUNGGOL WALK","10 TO 12",67,"Model A",2014,"94 years 07 months",365000
"2018-10","PUNGGOL","5 ROOM","107C","EDGEFIELD PLAINS","07 TO 09",110,"Improved",2003,"83 years 06 months",423000
"2018-10","PUNGGOL","5 ROOM","126B","EDGEDALE PLAINS","04 TO 06",110,"Improved",2003,"83 years 05 months",430000
"2018-10","PUNGGOL","5 ROOM","128C","PUNGGOL FIELD WALK","13 TO 15",110,"Improved",2003,"83 years 08 months",430000
"2018-10","PUNGGOL","5 ROOM","207B","PUNGGOL PL","16 TO 18",112,"Improved",2014,"94 years 08 months",616000
"2018-10","SEMBAWANG","4 ROOM","504C","CANBERRA LINK","07 TO 09",91,"Model A",2001,"81 years 10 months",330000
"2018-10","SEMBAWANG","5 ROOM","501B","WELLINGTON CIRCLE","04 TO 06",111,"Improved",2001,"81 years 10 months",382888
"2018-10","SENGKANG","4 ROOM","158D","RIVERVALE CRES","16 TO 18",94,"Premium Apartment",2003,"83 years 11 months",372000
"2018-10","SENGKANG","4 ROOM","211B","COMPASSVALE LANE","13 TO 15",95,"Model A",2013,"93 years 05 months",450000
"2018-10","SERANGOON","EXECUTIVE","542","SERANGOON NTH AVE 4","04 TO 06",149,"Apartment",1992,"72 years 11 months",678000
"2018-10","TAMPINES","4 ROOM","271","TAMPINES ST 21","04 TO 06",108,"Model A",1984,"65 years",430000
"2018-10","TAMPINES","4 ROOM","486B","TAMPINES AVE 9","07 TO 09",107,"Model A",1993,"73 years 11 months",433000
"2018-10","TAMPINES","EXECUTIVE","874A","TAMPINES ST 84","07 TO 09",146,"Maisonette",1989,"69 years 04 months",634000
"2018-10","TAMPINES","EXECUTIVE","856F","TAMPINES ST 82","10 TO 12",147,"Apartment",1995,"76 years 01 month",860000
"2018-10","TOA PAYOH","3 ROOM","174","LOR 1 TOA PAYOH","04 TO 06",65,"Improved",1972,"52 years 09 months",285000
"2018-10","TOA PAYOH","4 ROOM","191","LOR 4 TOA PAYOH","22 TO 24",84,"Improved",1974,"54 years 09 months",450000
"2018-10","WOODLANDS","4 ROOM","843","WOODLANDS ST 82","10 TO 12",84,"Simplified",1994,"74 years 08 months",272000
"2018-10","WOODLANDS","4 ROOM","603","WOODLANDS DR 42","07 TO 09",100,"Model A",1997,"77 years 06 months",348000
"2018-10","WOODLANDS","4 ROOM","681A","WOODLANDS DR 62","13 TO 15",105,"Premium Apartment",2000,"80 years 04 months",380000
"2018-10","WOODLANDS","4 ROOM","511","WOODLANDS DR 14","10 TO 12",105,"Premium Apartment",1999,"79 years 05 months",420000
"2018-10","YISHUN","3 ROOM","409","YISHUN RING RD","04 TO 06",74,"Model A",1988,"69 years 02 months",240000
"2018-11","ANG MO KIO","3 ROOM","541","ANG MO KIO AVE 10","04 TO 06",68,"New Generation",1981,"61 years 03 months",280000
"2018-11","ANG MO KIO","4 ROOM","310A","ANG MO KIO AVE 1","28 TO 30",95,"Model A",2012,"92 years 10 months",695000
"2018-11","BEDOK","3 ROOM","526","BEDOK NTH ST 3","04 TO 06",67,"New Generation",1979,"59 years 09 months",270000
"2018-11","BUKIT BATOK","3 ROOM","260","BT BATOK EAST AVE 4","04 TO 06",73,"Model A",1985,"65 years 07 months",255000
"2018-11","BUKIT BATOK","4 ROOM","290F","BT BATOK ST 24","01 TO 03",103,"Model A",1997,"78 years 01 month",378000
"2018-11","BUKIT MERAH","3 ROOM","16","CANTONMENT CL","19 TO 21",60,"Model A",2003,"83 years 02 months",515000
"2018-11","BUKIT MERAH","4 ROOM","129","KIM TIAN RD","16 TO 18",88,"Improved",1976,"56 years 02 months",475000
"2018-11","BUKIT MERAH","4 ROOM","104A","DEPOT RD","07 TO 09",100,"Model A",2000,"80 years 08 months",555000
"2018-11","BUKIT MERAH","4 ROOM","39","JLN RUMAH TINGGI","10 TO 12",99,"Model A",1997,"77 years 07 months",628000
"2018-11","BUKIT PANJANG","5 ROOM","425","FAJAR RD","10 TO 12",132,"Improved",1989,"69 years 04 months",445000
"2018-11","CHOA CHU KANG","4 ROOM","1","TECK WHYE AVE","04 TO 06",103,"Model A",1984,"65 years",265000
"2018-11","CHOA CHU KANG","5 ROOM","684C","CHOA CHU KANG CRES","13 TO 15",110,"Improved",2002,"83 years",370000
"2018-11","CHOA CHU KANG","5 ROOM","673A","CHOA CHU KANG CRES","04 TO 06",124,"Premium Apartment",1999,"80 years 02 months",396000
"2018-11","CLEMENTI","3 ROOM","371","CLEMENTI AVE 4","07 TO 09",68,"New Generation",1981,"61 years 10 months",310000
"2018-11","CLEMENTI","4 ROOM","381","CLEMENTI AVE 5","04 TO 06",91,"New Generation",1981,"61 years 09 months",452000
"2018-11","CLEMENTI","5 ROOM","416","CLEMENTI AVE 1","22 TO 24",118,"Improved",2013,"93 years 10 months",888888
"2018-11","HOUGANG","5 ROOM","950","HOUGANG ST 91","13 TO 15",121,"Improved",1999,"79 years 06 months",515000
"2018-11","JURONG WEST","4 ROOM","824","JURONG WEST ST 81","10 TO 12",104,"Model A",1990,"70 years 05 months",310000
"2018-11","JURONG WEST","5 ROOM","902","JURONG WEST ST 91","04 TO 06",122,"Improved",1988,"68 years 09 months",380000
"2018-11","JURONG WEST","5 ROOM","854","JURONG WEST ST 81","07 TO 09",123,"Improved",1996,"76 years 09 months",395000
"2018-11","JURONG WEST","5 ROOM","658C","JURONG WEST ST 65","01 TO 03",112,"Improved",2001,"81 years 08 months",435000
"2018-11","JURONG WEST","EXECUTIVE","274B","JURONG WEST ST 25","10 TO 12",126,"Apartment",2002,"82 years 02 months",441688
"2018-11","KALLANG/WHAMPOA","4 ROOM","2A","UPP BOON KENG RD","10 TO 12",85,"Model A",2006,"87 years 01 month",643000
"2018-11","KALLANG/WHAMPOA","5 ROOM","19","JLN TENTERAM","13 TO 15",105,"Improved",2004,"84 years 08 months",663000
"2018-11","PASIR RIS","4 ROOM","723","PASIR RIS ST 72","04 TO 06",112,"Model A",1996,"76 years 08 months",435000
"2018-11","PASIR RIS","5 ROOM","146","PASIR RIS ST 11","07 TO 09",127,"Improved",1995,"75 years 02 months",475000
"2018-11","PASIR RIS","5 ROOM","615","ELIAS RD","13 TO 15",128,"Improved",1996,"76 years 08 months",608888
"2018-11","PUNGGOL","4 ROOM","170C","PUNGGOL FIELD","07 TO 09",92,"Model A",2014,"94 years 06 months",425000
"2018-11","PUNGGOL","4 ROOM","272C","PUNGGOL WALK","10 TO 12",93,"Premium Apartment",2014,"94 years 05 months",552000
"2018-11","PUNGGOL","5 ROOM","103C","EDGEFIELD PLAINS","10 TO 12",110,"Improved",2003,"83 years 06 months",4e+05
"2018-11","QUEENSTOWN","3 ROOM","102","C'WEALTH CRES","07 TO 09",55,"Standard",1970,"50 years 07 months",260000
"2018-11","SEMBAWANG","3 ROOM","463A","SEMBAWANG DR","04 TO 06",67,"Model A",2015,"95 years 06 months",280000
"2018-11","SEMBAWANG","4 ROOM","508C","WELLINGTON CIRCLE","07 TO 09",90,"Model A",2004,"84 years 09 months",331668
"2018-11","SEMBAWANG","5 ROOM","503C","CANBERRA LINK","04 TO 06",110,"Improved",2001,"81 years 09 months",378000
"2018-11","SEMBAWANG","EXECUTIVE","332","SEMBAWANG CL","04 TO 06",139,"Apartment",1999,"79 years 09 months",483000
"2018-11","SENGKANG","4 ROOM","178C","RIVERVALE CRES","01 TO 03",93,"Model A",2015,"95 years 05 months",365000
"2018-11","SENGKANG","5 ROOM","311B","ANCHORVALE LANE","13 TO 15",112,"Premium Apartment",2002,"82 years 10 months",448000
"2018-11","SENGKANG","EXECUTIVE","202B","SENGKANG EAST RD","13 TO 15",130,"Apartment",2001,"81 years 06 months",633888
"2018-11","TAMPINES","5 ROOM","168A","SIMEI LANE","01 TO 03",110,"DBSS",2011,"91 years 04 months",765000
"2018-11","TAMPINES","EXECUTIVE","333","TAMPINES ST 32","01 TO 03",154,"Maisonette",1996,"76 years 02 months",692000
"2018-11","WOODLANDS","3 ROOM","313","WOODLANDS ST 31","10 TO 12",73,"Model A",1993,"73 years 10 months",273000
"2018-11","WOODLANDS","4 ROOM","612","WOODLANDS AVE 4","01 TO 03",102,"Model A",1998,"78 years 09 months",305000
"2018-11","WOODLANDS","4 ROOM","897B","WOODLANDS DR 50","10 TO 12",97,"Model A",1997,"77 years 08 months",330000
"2018-11","YISHUN","3 ROOM","124","YISHUN ST 11","10 TO 12",67,"New Generation",1985,"65 years 09 months",255000
"2018-11","YISHUN","4 ROOM","639","YISHUN ST 61","07 TO 09",104,"Model A",1987,"67 years 10 months",325000
"2018-11","YISHUN","4 ROOM","321","YISHUN CTRL","01 TO 03",104,"Model A",1988,"68 years 03 months",328000
"2018-11","YISHUN","4 ROOM","804","YISHUN RING RD","04 TO 06",84,"Simplified",1987,"67 years 03 months",365000
"2018-11","YISHUN","5 ROOM","120","YISHUN RING RD","01 TO 03",122,"Improved",1986,"66 years 04 months",393000
"2018-12","ANG MO KIO","3 ROOM","121","ANG MO KIO AVE 3","01 TO 03",67,"New Generation",1978,"58 years 11 months",250000
"2018-12","ANG MO KIO","4 ROOM","229","ANG MO KIO AVE 3","01 TO 03",91,"New Generation",1978,"58 years 01 month",360000
"2018-12","ANG MO KIO","4 ROOM","588A","ANG MO KIO ST 52","04 TO 06",90,"DBSS",2011,"91 years 08 months",718888
"2018-12","BEDOK","3 ROOM","37","CHAI CHEE AVE","04 TO 06",66,"Improved",1983,"63 years 06 months",280000
"2018-12","BEDOK","4 ROOM","183","BEDOK NTH RD","07 TO 09",92,"Model A",2005,"86 years",620000
"2018-12","BEDOK","4 ROOM","554","BEDOK NTH ST 3","07 TO 09",93,"New Generation",1980,"60 years 06 months",376000
"2018-12","BUKIT MERAH","3 ROOM","108","JLN BT MERAH","01 TO 03",74,"Model A",1984,"64 years 07 months",343000
"2018-12","BUKIT MERAH","3 ROOM","15","TELOK BLANGAH CRES","13 TO 15",65,"Improved",1975,"55 years 04 months",268000
"2018-12","BUKIT MERAH","3 ROOM","43","TELOK BLANGAH RISE","04 TO 06",59,"Improved",1976,"56 years 05 months",257000
"2018-12","CHOA CHU KANG","4 ROOM","673A","CHOA CHU KANG CRES","04 TO 06",100,"Premium Apartment",1999,"80 years",305000
"2018-12","CHOA CHU KANG","5 ROOM","688B","CHOA CHU KANG DR","10 TO 12",110,"Improved",2002,"82 years 03 months",390000
"2018-12","JURONG EAST","3 ROOM","372","JURONG EAST ST 32","01 TO 03",64,"Model A",2014,"94 years 02 months",318000
"2018-12","JURONG EAST","5 ROOM","63","TEBAN GDNS RD","10 TO 12",114,"Improved",2003,"83 years 07 months",440000
"2018-12","JURONG WEST","5 ROOM","909","JURONG WEST ST 91","10 TO 12",122,"Improved",1989,"69 years 01 month",368000
"2018-12","KALLANG/WHAMPOA","5 ROOM","56","GEYLANG BAHRU","10 TO 12",117,"Standard",1974,"54 years 07 months",578000
"2018-12","PASIR RIS","4 ROOM","626","PASIR RIS DR 3","13 TO 15",104,"Model A",1995,"75 years 08 months",431000
"2018-12","PUNGGOL","4 ROOM","105B","EDGEFIELD PLAINS","10 TO 12",90,"Model A",2003,"83 years 05 months",350000
"2018-12","PUNGGOL","4 ROOM","619B","PUNGGOL DR","01 TO 03",95,"Premium Apartment",2013,"93 years 09 months",390000
"2018-12","PUNGGOL","5 ROOM","110A","PUNGGOL FIELD","07 TO 09",110,"Improved",2003,"83 years 06 months",420000
"2018-12","QUEENSTOWN","4 ROOM","22","GHIM MOH LINK","04 TO 06",87,"Model A",2013,"93 years 05 months",758000
"2018-12","SEMBAWANG","4 ROOM","312","SEMBAWANG DR","01 TO 03",101,"Model A",1999,"79 years 04 months",305000
"2018-12","SENGKANG","4 ROOM","178C","RIVERVALE CRES","16 TO 18",93,"Model A",2015,"95 years 03 months",418000
"2018-12","SENGKANG","4 ROOM","153","RIVERVALE CRES","10 TO 12",90,"Model A",2005,"86 years",365000
"2018-12","SENGKANG","4 ROOM","124C","RIVERVALE DR","07 TO 09",90,"Model A2",1999,"79 years 08 months",320000
"2018-12","SENGKANG","4 ROOM","131","RIVERVALE ST","13 TO 15",92,"Model A2",1999,"79 years 05 months",355000
"2018-12","SENGKANG","EXECUTIVE","299B","COMPASSVALE ST","13 TO 15",134,"Premium Apartment",2001,"81 years 08 months",568000
"2018-12","SERANGOON","4 ROOM","533","SERANGOON NTH AVE 4","04 TO 06",104,"Model A",1992,"72 years 11 months",353000
"2018-12","TAMPINES","3 ROOM","272","TAMPINES ST 22","07 TO 09",73,"Model A",1984,"64 years 08 months",315000
"2018-12","TOA PAYOH","3 ROOM","23","TOA PAYOH EAST","04 TO 06",67,"Improved",1970,"50 years 07 months",240000
"2018-12","WOODLANDS","4 ROOM","408","WOODLANDS ST 41","10 TO 12",106,"Model A",1996,"76 years 01 month",336888
"2018-12","WOODLANDS","5 ROOM","770","WOODLANDS DR 60","07 TO 09",121,"Improved",1997,"78 years",395000
"2018-12","YISHUN","3 ROOM","362","YISHUN RING RD","07 TO 09",74,"Model A",1988,"68 years 11 months",242000
"2018-12","YISHUN","3 ROOM","729","YISHUN ST 71","04 TO 06",64,"Simplified",1987,"67 years 05 months",240000
"2018-12","YISHUN","5 ROOM","810","YISHUN RING RD","07 TO 09",121,"Improved",1987,"67 years 02 months",488000
"2018-12","YISHUN","EXECUTIVE","326","YISHUN RING RD","10 TO 12",146,"Maisonette",1988,"68 years 08 months",560000
"2019-01","ANG MO KIO","5 ROOM","316A","ANG MO KIO ST 31","19 TO 21",110,"Improved",2006,"86 years 03 months",770000
"2019-01","BEDOK","3 ROOM","620","BEDOK RESERVOIR RD","01 TO 03",61,"Improved",1986,"66 years 07 months",250000
"2019-01","BEDOK","4 ROOM","134","BEDOK RESERVOIR RD","04 TO 06",84,"Simplified",1987,"67 years 05 months",350000
"2019-01","CENTRAL AREA","5 ROOM","1A","CANTONMENT RD","16 TO 18",107,"Type S2",2011,"91 years",1050000
"2019-01","CHOA CHU KANG","4 ROOM","104","TECK WHYE LANE","04 TO 06",106,"Model A",1989,"69 years 01 month",315000
"2019-01","CHOA CHU KANG","5 ROOM","470","CHOA CHU KANG AVE 3","13 TO 15",121,"Improved",1999,"79 years 02 months",395000
"2019-01","CHOA CHU KANG","5 ROOM","225","CHOA CHU KANG CTRL","10 TO 12",124,"Improved",1993,"73 years 05 months",468000
"2019-01","CLEMENTI","4 ROOM","716","CLEMENTI WEST ST 2","01 TO 03",91,"New Generation",1981,"61 years 08 months",365000
"2019-01","CLEMENTI","4 ROOM","410","C'WEALTH AVE WEST","10 TO 12",97,"New Generation",1978,"58 years 02 months",470000
"2019-01","JURONG WEST","EXECUTIVE","829","JURONG WEST ST 81","07 TO 09",145,"Apartment",1993,"73 years 05 months",472000
"2019-01","KALLANG/WHAMPOA","4 ROOM","9","GLOUCESTER RD","10 TO 12",91,"New Generation",1976,"56 years 10 months",480000
"2019-01","PASIR RIS","5 ROOM","517","PASIR RIS ST 52","04 TO 06",127,"Improved",1993,"74 years",505000
"2019-01","PUNGGOL","4 ROOM","604A","PUNGGOL RD","07 TO 09",92,"Model A",2012,"92 years 08 months",435000
"2019-01","PUNGGOL","5 ROOM","265D","PUNGGOL WAY","10 TO 12",112,"Improved",2015,"95 years 05 months",675000
"2019-01","QUEENSTOWN","3 ROOM","31","HOLLAND CL","07 TO 09",59,"Improved",1974,"54 years 04 months",332000
"2019-01","QUEENSTOWN","5 ROOM","22","DOVER CRES","01 TO 03",133,"Model A",1993,"73 years 05 months",718000
"2019-01","SEMBAWANG","5 ROOM","336","SEMBAWANG CRES","13 TO 15",115,"Improved",1999,"79 years 06 months",425000
"2019-01","SEMBAWANG","5 ROOM","357B","ADMIRALTY DR","07 TO 09",111,"Premium Apartment",2001,"81 years 05 months",430000
"2019-01","SENGKANG","3 ROOM","448A","SENGKANG WEST WAY","13 TO 15",67,"Model A",2014,"94 years 07 months",318000
"2019-01","SENGKANG","5 ROOM","125","RIVERVALE ST","04 TO 06",121,"Improved",1999,"79 years 03 months",410000
"2019-01","SENGKANG","5 ROOM","132","RIVERVALE ST","07 TO 09",120,"Improved",1999,"79 years 04 months",411000
"2019-01","SENGKANG","5 ROOM","302A","ANCHORVALE LINK","07 TO 09",110,"Improved",2001,"81 years 06 months",463000
"2019-01","SENGKANG","EXECUTIVE","119A","RIVERVALE DR","07 TO 09",142,"Premium Apartment",2001,"81 years 02 months",580000
"2019-01","SERANGOON","4 ROOM","411","SERANGOON CTRL","07 TO 09",105,"Model A",1989,"69 years 03 months",640000
"2019-01","TAMPINES","3 ROOM","295","TAMPINES ST 22","01 TO 03",73,"Model A",1984,"64 years 03 months",311500
"2019-01","TAMPINES","4 ROOM","214","TAMPINES ST 23","10 TO 12",93,"New Generation",1985,"65 years 11 months",435000
"2019-01","TAMPINES","5 ROOM","138","SIMEI ST 1","04 TO 06",122,"Improved",1988,"68 years 06 months",508800
"2019-01","WOODLANDS","3 ROOM","317","WOODLANDS ST 31","04 TO 06",73,"Model A",1993,"73 years 03 months",240000
"2019-01","WOODLANDS","4 ROOM","623","WOODLANDS DR 52","04 TO 06",102,"Model A",1998,"78 years 09 months",310000
"2019-01","WOODLANDS","EXECUTIVE","118","MARSILING RISE","07 TO 09",170,"Apartment",1995,"75 years 02 months",705000
"2019-01","YISHUN","3 ROOM","160","YISHUN ST 11","04 TO 06",67,"New Generation",1985,"65 years 08 months",250000
"2019-01","YISHUN","4 ROOM","759","YISHUN ST 72","10 TO 12",84,"Simplified",1985,"65 years 09 months",330000
"2019-01","YISHUN","4 ROOM","830","YISHUN ST 81","01 TO 03",103,"Model A",1988,"68 years 04 months",330000
"2019-01","YISHUN","4 ROOM","216","YISHUN ST 21","07 TO 09",93,"New Generation",1985,"65 years 02 months",368000
"2019-02","ANG MO KIO","3 ROOM","255","ANG MO KIO AVE 4","01 TO 03",73,"New Generation",1977,"57 years 05 months",262000
"2019-02","BEDOK","3 ROOM","74","BEDOK NTH RD","07 TO 09",59,"Improved",1978,"57 years 11 months",220000
"2019-02","BEDOK","3 ROOM","528","BEDOK NTH ST 3","01 TO 03",68,"New Generation",1979,"59 years 06 months",250000
"2019-02","BEDOK","3 ROOM","32","CHAI CHEE AVE","10 TO 12",65,"Improved",1974,"53 years 11 months",282000
"2019-02","BEDOK","4 ROOM","108","BEDOK NTH RD","04 TO 06",91,"New Generation",1977,"57 years 05 months",328888
"2019-02","BEDOK","4 ROOM","6","BEDOK STH AVE 2","01 TO 03",82,"Improved",1976,"55 years 11 months",340000
"2019-02","BEDOK","EXECUTIVE","145","BEDOK RESERVOIR RD","04 TO 06",143,"Maisonette",1987,"67 years 01 month",565000
"2019-02","BISHAN","3 ROOM","24","SIN MING RD","07 TO 09",65,"Improved",1973,"53 years 08 months",260000
"2019-02","BUKIT PANJANG","4 ROOM","526","JELAPANG RD","04 TO 06",102,"Model A",1999,"79 years",330000
"2019-02","BUKIT PANJANG","4 ROOM","125","PENDING RD","10 TO 12",103,"Model A",1987,"67 years 07 months",356000
"2019-02","CENTRAL AREA","3 ROOM","34","UPP CROSS ST","13 TO 15",65,"Improved",1975,"55 years 04 months",368000
"2019-02","CHOA CHU KANG","3 ROOM","570","CHOA CHU KANG ST 52","10 TO 12",67,"Model A",2015,"94 years 11 months",330000
"2019-02","HOUGANG","4 ROOM","305","HOUGANG AVE 5","01 TO 03",105,"Model A",1983,"63 years",370000
"2019-02","HOUGANG","5 ROOM","231","HOUGANG ST 21","07 TO 09",142,"Model A-Maisonette",1984,"64 years 07 months",752000
"2019-02","JURONG WEST","5 ROOM","737","JURONG WEST ST 75","01 TO 03",124,"Improved",1995,"75 years 06 months",389000
"2019-02","JURONG WEST","5 ROOM","661C","JURONG WEST ST 64","13 TO 15",110,"Improved",2001,"81 years 06 months",505000
"2019-02","PASIR RIS","EXECUTIVE","203","PASIR RIS ST 21","07 TO 09",146,"Apartment",1993,"73 years 07 months",503000
"2019-02","PUNGGOL","2 ROOM","209C","PUNGGOL PL","07 TO 09",46,"Model A",2014,"94 years 10 months",265000
"2019-02","PUNGGOL","4 ROOM","612C","PUNGGOL DR","16 TO 18",93,"Model A",2012,"92 years 10 months",450888
"2019-02","PUNGGOL","4 ROOM","266C","PUNGGOL WAY","13 TO 15",92,"Model A",2015,"95 years 04 months",560000
"2019-02","SENGKANG","5 ROOM","292A","COMPASSVALE ST","13 TO 15",110,"Improved",2002,"81 years 11 months",450000
"2019-02","TAMPINES","2 ROOM","499A","TAMPINES AVE 9","01 TO 03",46,"Model A",2014,"94 years 02 months",267000
"2019-02","TAMPINES","3 ROOM","103","TAMPINES ST 11","04 TO 06",75,"Model A",1982,"62 years 06 months",321000
"2019-02","WOODLANDS","4 ROOM","26","MARSILING DR","10 TO 12",91,"New Generation",1977,"57 years 05 months",265000
"2019-02","WOODLANDS","4 ROOM","110","WOODLANDS ST 13","01 TO 03",93,"New Generation",1987,"66 years 11 months",285000
"2019-02","WOODLANDS","4 ROOM","5A","MARSILING DR","07 TO 09",90,"Model A",2002,"82 years 03 months",292000
"2019-02","WOODLANDS","5 ROOM","782D","WOODLANDS CRES","13 TO 15",112,"Improved",2015,"95 years 04 months",470000
"2019-02","YISHUN","4 ROOM","288","YISHUN AVE 6","01 TO 03",84,"Simplified",1987,"67 years 06 months",3e+05
"2019-02","YISHUN","4 ROOM","349","YISHUN AVE 11","04 TO 06",108,"Model A",1988,"68 years 06 months",320000
"2019-03","ANG MO KIO","4 ROOM","229","ANG MO KIO AVE 3","07 TO 09",91,"New Generation",1978,"57 years 10 months",360000
"2019-03","ANG MO KIO","4 ROOM","350","ANG MO KIO ST 32","04 TO 06",95,"Model A",2001,"81 years 09 months",548000
"2019-03","BEDOK","4 ROOM","724","BEDOK RESERVOIR RD","01 TO 03",103,"Model A",1984,"64 years 04 months",465000
"2019-03","BISHAN","3 ROOM","403","SIN MING AVE","04 TO 06",64,"Simplified",1986,"66 years 05 months",375000
"2019-03","BUKIT BATOK","EXECUTIVE","404","BT BATOK WEST AVE 7","04 TO 06",145,"Apartment",1993,"72 years 11 months",530000
"2019-03","BUKIT MERAH","4 ROOM","40","TELOK BLANGAH RISE","07 TO 09",82,"Improved",1976,"56 years 01 month",359000
"2019-03","BUKIT MERAH","4 ROOM","115","BT PURMEI RD","04 TO 06",103,"Model A",1985,"65 years 01 month",475000
"2019-03","BUKIT MERAH","4 ROOM","13","CANTONMENT CL","10 TO 12",75,"Model A",2003,"82 years 11 months",659888
"2019-03","BUKIT MERAH","4 ROOM","119B","KIM TIAN RD","10 TO 12",92,"Model A",2002,"82 years 09 months",690000
"2019-03","BUKIT MERAH","5 ROOM","20","JLN MEMBINA","10 TO 12",110,"Improved",2003,"83 years 06 months",870000
"2019-03","CHOA CHU KANG","4 ROOM","414","CHOA CHU KANG AVE 4","04 TO 06",104,"Model A",1993,"73 years 03 months",342000
"2019-03","CHOA CHU KANG","5 ROOM","672","CHOA CHU KANG CRES","04 TO 06",124,"Premium Apartment",2000,"79 years 11 months",430000
"2019-03","GEYLANG","3 ROOM","44","CIRCUIT RD","01 TO 03",52,"Standard",1971,"50 years 11 months",228000
"2019-03","GEYLANG","3 ROOM","416","EUNOS RD 5","01 TO 03",90,"Model A",1984,"64 years 07 months",390000
"2019-03","HOUGANG","4 ROOM","20","HOUGANG AVE 3","10 TO 12",98,"New Generation",1978,"58 years 02 months",288000
"2019-03","HOUGANG","5 ROOM","156","HOUGANG ST 11","07 TO 09",125,"Improved",1984,"64 years 09 months",545000
"2019-03","JURONG WEST","4 ROOM","923","JURONG WEST ST 92","04 TO 06",108,"Model A",1989,"68 years 10 months",3e+05
"2019-03","KALLANG/WHAMPOA","3 ROOM","30","BENDEMEER RD","07 TO 09",68,"Improved",1972,"51 years 11 months",328000
"2019-03","KALLANG/WHAMPOA","4 ROOM","12","FARRER PK RD","04 TO 06",90,"Model A",2004,"84 years 03 months",640000
"2019-03","KALLANG/WHAMPOA","4 ROOM","9","BOON KENG RD","25 TO 27",94,"DBSS",2011,"90 years 10 months",855000
"2019-03","KALLANG/WHAMPOA","5 ROOM","8","BOON KENG RD","34 TO 36",119,"DBSS",2011,"90 years 11 months",1110000
"2019-03","KALLANG/WHAMPOA","EXECUTIVE","11","JLN BATU","07 TO 09",141,"Apartment",1986,"65 years 11 months",835000
"2019-03","PASIR RIS","4 ROOM","119","PASIR RIS ST 11","04 TO 06",105,"Model A",1989,"69 years 04 months",402000
"2019-03","PUNGGOL","4 ROOM","617D","PUNGGOL DR","04 TO 06",93,"Premium Apartment",2013,"93 years 06 months",440000
"2019-03","QUEENSTOWN","3 ROOM","51","C'WEALTH DR","04 TO 06",63,"Model A",2015,"94 years 11 months",510000
"2019-03","SENGKANG","3 ROOM","430B","FERNVALE LINK","10 TO 12",67,"Model A",2015,"95 years 02 months",333000
"2019-03","SENGKANG","3 ROOM","447B","JLN KAYU","07 TO 09",67,"Model A",2013,"93 years 08 months",340000
"2019-03","SENGKANG","3 ROOM","434A","FERNVALE RD","16 TO 18",68,"Premium Apartment",2013,"93 years 04 months",341000
"2019-03","SENGKANG","4 ROOM","446B","JLN KAYU","22 TO 24",93,"Model A",2013,"93 years 09 months",470000
"2019-03","SENGKANG","5 ROOM","323C","SENGKANG EAST WAY","01 TO 03",110,"Improved",2003,"83 years 01 month",460000
"2019-03","SERANGOON","3 ROOM","243","SERANGOON AVE 2","04 TO 06",64,"Simplified",1985,"65 years 08 months",335000
"2019-03","SERANGOON","5 ROOM","510","SERANGOON NTH AVE 4","01 TO 03",120,"Improved",1997,"77 years 04 months",468000
"2019-03","SERANGOON","5 ROOM","208","SERANGOON CTRL","04 TO 06",122,"Improved",1985,"65 years 09 months",710000
"2019-03","TAMPINES","5 ROOM","294","TAMPINES ST 22","01 TO 03",130,"Improved",1985,"65 years 03 months",480000
"2019-03","TAMPINES","5 ROOM","515A","TAMPINES CTRL 7","16 TO 18",109,"DBSS",2008,"88 years 09 months",805000
"2019-03","TOA PAYOH","2 ROOM","120","LOR 2 TOA PAYOH","07 TO 09",40,"Standard",1968,"48 years 03 months",2e+05
"2019-03","TOA PAYOH","4 ROOM","143","POTONG PASIR AVE 2","10 TO 12",104,"Model A",1984,"64 years 04 months",620000
"2019-03","TOA PAYOH","5 ROOM","44","LOR 5 TOA PAYOH","10 TO 12",121,"Improved",1993,"72 years 11 months",630000
"2019-03","WOODLANDS","4 ROOM","854","WOODLANDS ST 83","10 TO 12",104,"Model A",1993,"73 years 06 months",370000
"2019-03","WOODLANDS","4 ROOM","12C","MARSILING LANE","16 TO 18",93,"Model A",2013,"93 years 03 months",385000
"2019-03","WOODLANDS","4 ROOM","12C","MARSILING LANE","22 TO 24",95,"Model A",2013,"93 years 04 months",4e+05
"2019-03","WOODLANDS","5 ROOM","721","WOODLANDS CIRCLE","07 TO 09",122,"Improved",1997,"77 years 07 months",412000
"2019-03","YISHUN","3 ROOM","139","YISHUN RING RD","01 TO 03",68,"New Generation",1984,"64 years 07 months",240000
"2019-03","YISHUN","4 ROOM","235","YISHUN ST 21","04 TO 06",93,"New Generation",1985,"65 years 06 months",318000
"2019-04","ANG MO KIO","3 ROOM","434","ANG MO KIO AVE 10","10 TO 12",67,"New Generation",1979,"58 years 09 months",255000
"2019-04","ANG MO KIO","5 ROOM","182","ANG MO KIO AVE 5","10 TO 12",136,"Adjoined flat",1981,"61 years",626000
"2019-04","BEDOK","4 ROOM","37","BEDOK STH AVE 2","04 TO 06",84,"Improved",1977,"57 years 05 months",315000
"2019-04","BEDOK","4 ROOM","1","CHAI CHEE RD","04 TO 06",103,"Model A",1983,"63 years 05 months",435000
"2019-04","BEDOK","5 ROOM","140","BEDOK RESERVOIR RD","01 TO 03",122,"Improved",1986,"66 years 05 months",445000
"2019-04","BEDOK","5 ROOM","406","BEDOK NTH AVE 3","04 TO 06",118,"Improved",1980,"60 years 03 months",555000
"2019-04","BISHAN","EXECUTIVE","222","BISHAN ST 23","10 TO 12",146,"Maisonette",1992,"72 years 04 months",863000
"2019-04","BUKIT BATOK","4 ROOM","210","BT BATOK ST 21","07 TO 09",104,"Model A",1985,"65 years 01 month",395000
"2019-04","BUKIT BATOK","EXECUTIVE","406","BT BATOK WEST AVE 7","04 TO 06",152,"Apartment",1993,"73 years",515000
"2019-04","BUKIT MERAH","2 ROOM","127C","KIM TIAN RD","07 TO 09",47,"Model A",2013,"92 years 10 months",375000
"2019-04","BUKIT MERAH","4 ROOM","25B","JLN MEMBINA","16 TO 18",90,"Model A",2009,"88 years 09 months",768000
"2019-04","CHOA CHU KANG","4 ROOM","412","CHOA CHU KANG AVE 3","10 TO 12",104,"Model A",1992,"72 years 03 months",330000
"2019-04","CHOA CHU KANG","4 ROOM","656","CHOA CHU KANG CRES","10 TO 12",100,"Premium Apartment",1999,"79 years",338000
"2019-04","GEYLANG","4 ROOM","30","CASSIA CRES","16 TO 18",102,"Model A",1998,"78 years 02 months",708000
"2019-04","HOUGANG","3 ROOM","119","HOUGANG AVE 1","01 TO 03",81,"New Generation",1981,"61 years 05 months",245000
"2019-04","HOUGANG","3 ROOM","24","HOUGANG AVE 3","10 TO 12",67,"New Generation",1978,"58 years 02 months",250000
"2019-04","HOUGANG","3 ROOM","112","HOUGANG AVE 1","04 TO 06",67,"New Generation",1981,"61 years 09 months",260000
"2019-04","HOUGANG","4 ROOM","21","HOUGANG AVE 3","01 TO 03",98,"New Generation",1978,"58 years 01 month",330000
"2019-04","HOUGANG","4 ROOM","678","HOUGANG AVE 8","07 TO 09",84,"Simplified",1988,"68 years 07 months",333000
"2019-04","HOUGANG","4 ROOM","336","HOUGANG AVE 7","04 TO 06",91,"New Generation",1985,"65 years 02 months",352000
"2019-04","HOUGANG","4 ROOM","988A","BUANGKOK GREEN","07 TO 09",93,"Model A",2015,"94 years 10 months",410000
"2019-04","HOUGANG","4 ROOM","372","HOUGANG ST 31","07 TO 09",101,"Model A",1999,"79 years 08 months",476188
"2019-04","HOUGANG","5 ROOM","984D","BUANGKOK LINK","10 TO 12",110,"Improved",2004,"84 years 01 month",426000
"2019-04","HOUGANG","5 ROOM","422","HOUGANG AVE 6","01 TO 03",122,"Improved",1990,"69 years 11 months",548000
"2019-04","JURONG WEST","3 ROOM","186","BOON LAY AVE","16 TO 18",59,"Improved",1975,"55 years 06 months",192000
"2019-04","JURONG WEST","4 ROOM","422","JURONG WEST ST 42","04 TO 06",92,"Simplified",1985,"65 years 02 months",311000
"2019-04","JURONG WEST","4 ROOM","478","JURONG WEST ST 41","10 TO 12",91,"New Generation",1985,"64 years 11 months",325000
"2019-04","JURONG WEST","EXECUTIVE","862","JURONG WEST ST 81","13 TO 15",141,"Apartment",1996,"76 years 07 months",560000
"2019-04","PUNGGOL","4 ROOM","211A","PUNGGOL WALK","04 TO 06",92,"Model A",2014,"94 years",468888
"2019-04","PUNGGOL","4 ROOM","306D","PUNGGOL DR","13 TO 15",93,"Premium Apartment",2012,"92 years 03 months",568000
"2019-04","PUNGGOL","5 ROOM","107D","EDGEFIELD PLAINS","10 TO 12",110,"Improved",2003,"83 years",415000
"2019-04","QUEENSTOWN","5 ROOM","56","STRATHMORE AVE","07 TO 09",110,"Improved",2002,"82 years 01 month",705000
"2019-04","SEMBAWANG","EXECUTIVE","468C","ADMIRALTY DR","04 TO 06",137,"Premium Apartment",2001,"81 years 01 month",439800
"2019-04","SENGKANG","3 ROOM","430C","FERNVALE LINK","01 TO 03",67,"Model A",2015,"95 years 02 months",280000
"2019-04","SENGKANG","4 ROOM","292B","COMPASSVALE ST","13 TO 15",90,"Model A",2002,"81 years 09 months",360000
"2019-04","SENGKANG","4 ROOM","450A","SENGKANG WEST WAY","07 TO 09",92,"Model A",2014,"94 years 04 months",388000
"2019-04","SENGKANG","4 ROOM","271B","SENGKANG CTRL","13 TO 15",93,"Premium Apartment",2010,"90 years 01 month",520800
"2019-04","SENGKANG","5 ROOM","318A","ANCHORVALE LINK","13 TO 15",110,"Premium Apartment",2003,"83 years 01 month",495000
"2019-04","SENGKANG","EXECUTIVE","302C","ANCHORVALE LINK","04 TO 06",130,"Apartment",2001,"81 years 07 months",518000
"2019-04","SERANGOON","3 ROOM","230","SERANGOON AVE 4","04 TO 06",67,"New Generation",1985,"64 years 10 months",292000
"2019-04","SERANGOON","3 ROOM","263","SERANGOON CTRL DR","04 TO 06",64,"Simplified",1988,"68 years 04 months",360000
"2019-04","SERANGOON","4 ROOM","245","SERANGOON AVE 2","10 TO 12",89,"Simplified",1985,"65 years 07 months",520000
"2019-04","SERANGOON","5 ROOM","419","SERANGOON CTRL","10 TO 12",123,"Improved",1989,"69 years 01 month",680000
"2019-04","SERANGOON","EXECUTIVE","232A","SERANGOON AVE 2","04 TO 06",140,"Apartment",1998,"78 years 02 months",858000
"2019-04","TAMPINES","3 ROOM","222","TAMPINES ST 24","01 TO 03",73,"Model A",1985,"64 years 09 months",315000
"2019-04","TAMPINES","4 ROOM","845","TAMPINES ST 83","04 TO 06",105,"Model A",1987,"67 years 09 months",420000
"2019-04","TAMPINES","4 ROOM","505","TAMPINES CTRL 1","04 TO 06",113,"Model A",1989,"69 years 04 months",520000
"2019-04","TOA PAYOH","3 ROOM","225","LOR 8 TOA PAYOH","10 TO 12",65,"Improved",1976,"56 years 01 month",230000
"2019-04","WOODLANDS","4 ROOM","751","WOODLANDS CIRCLE","01 TO 03",102,"Model A",1998,"77 years 10 months",270000
"2019-04","WOODLANDS","4 ROOM","102","WOODLANDS ST 13","10 TO 12",92,"New Generation",1985,"65 years",305000
"2019-04","WOODLANDS","4 ROOM","773","WOODLANDS DR 60","13 TO 15",92,"Model A2",1997,"77 years 06 months",310000
"2019-04","WOODLANDS","5 ROOM","9","MARSILING DR","13 TO 15",120,"Standard",1976,"55 years 09 months",318000
"2019-04","WOODLANDS","5 ROOM","5A","MARSILING DR","07 TO 09",110,"Improved",2002,"82 years",360000
"2019-04","WOODLANDS","5 ROOM","557","WOODLANDS DR 53","01 TO 03",115,"Improved",1999,"79 years 09 months",368000
"2019-04","WOODLANDS","5 ROOM","782A","WOODLANDS CRES","07 TO 09",112,"Improved",2015,"95 years 02 months",460000
"2019-04","YISHUN","3 ROOM","353","YISHUN RING RD","01 TO 03",74,"Model A",1989,"68 years 09 months",256888
"2019-04","YISHUN","4 ROOM","876","YISHUN ST 81","01 TO 03",83,"Simplified",1987,"67 years 08 months",295000
"2019-04","YISHUN","4 ROOM","662","YISHUN AVE 4","04 TO 06",104,"Model A",1987,"67 years 06 months",310000
"2019-04","YISHUN","4 ROOM","348C","YISHUN AVE 11","13 TO 15",92,"DBSS",2013,"93 years 05 months",6e+05
"2019-04","YISHUN","5 ROOM","426D","YISHUN AVE 11","07 TO 09",112,"Improved",2015,"94 years 11 months",495000
"2019-05","ANG MO KIO","3 ROOM","405","ANG MO KIO AVE 10","07 TO 09",67,"New Generation",1979,"59 years",260000
"2019-05","ANG MO KIO","4 ROOM","307B","ANG MO KIO AVE 1","07 TO 09",88,"Model A",2012,"92 years 04 months",673000
"2019-05","BEDOK","3 ROOM","554","BEDOK NTH ST 3","04 TO 06",68,"New Generation",1980,"60 years 01 month",310000
"2019-05","BISHAN","4 ROOM","112","BISHAN ST 12","04 TO 06",104,"Model A",1985,"65 years 01 month",590000
"2019-05","BUKIT BATOK","5 ROOM","389","BT BATOK WEST AVE 5","01 TO 03",118,"Improved",2005,"84 years 10 months",495000
"2019-05","BUKIT MERAH","3 ROOM","38","BEO CRES","04 TO 06",59,"Standard",1971,"50 years 08 months",310000
"2019-05","BUKIT MERAH","3 ROOM","55","TELOK BLANGAH DR","01 TO 03",73,"New Generation",1978,"57 years 08 months",325000
"2019-05","BUKIT MERAH","3 ROOM","105","HENDERSON CRES","13 TO 15",65,"Improved",1975,"54 years 08 months",350000
"2019-05","BUKIT PANJANG","5 ROOM","546A","SEGAR RD","04 TO 06",112,"Improved",2015,"95 years 02 months",488000
"2019-05","BUKIT TIMAH","3 ROOM","4","QUEEN'S RD","10 TO 12",73,"Improved",1974,"53 years 11 months",438000
"2019-05","CENTRAL AREA","4 ROOM","1A","CANTONMENT RD","25 TO 27",94,"Type S1",2011,"90 years 08 months",830000
"2019-05","CHOA CHU KANG","4 ROOM","473","CHOA CHU KANG AVE 3","04 TO 06",101,"Model A",1999,"79 years",320000
"2019-05","CHOA CHU KANG","5 ROOM","683B","CHOA CHU KANG CRES","07 TO 09",110,"Improved",2002,"82 years 03 months",339000
"2019-05","CLEMENTI","4 ROOM","305","CLEMENTI AVE 4","01 TO 03",92,"New Generation",1979,"58 years 10 months",420000
"2019-05","HOUGANG","3 ROOM","116","HOUGANG AVE 1","07 TO 09",67,"New Generation",1981,"61 years 04 months",270000
"2019-05","HOUGANG","4 ROOM","616","HOUGANG AVE 8","10 TO 12",103,"Model A",1986,"66 years 04 months",380000
"2019-05","HOUGANG","4 ROOM","547","HOUGANG ST 51","07 TO 09",102,"Model A",1992,"72 years 05 months",405000
"2019-05","JURONG EAST","5 ROOM","64","TEBAN GDNS RD","22 TO 24",110,"Improved",2003,"83 years 01 month",465000
"2019-05","JURONG WEST","3 ROOM","211","BOON LAY PL","10 TO 12",65,"Improved",1976,"56 years 06 months",218000
"2019-05","JURONG WEST","3 ROOM","180B","BOON LAY DR","13 TO 15",68,"Model A",2014,"94 years 01 month",311888
"2019-05","JURONG WEST","4 ROOM","976","JURONG WEST ST 93","04 TO 06",104,"Model A",1989,"68 years 11 months",308000
"2019-05","JURONG WEST","4 ROOM","271A","JURONG WEST ST 24","13 TO 15",94,"Premium Apartment",2003,"83 years 05 months",348000
"2019-05","JURONG WEST","5 ROOM","673C","JURONG WEST ST 65","04 TO 06",110,"Improved",2002,"82 years 07 months",450000
"2019-05","JURONG WEST","EXECUTIVE","693","JURONG WEST CTRL 1","01 TO 03",147,"Premium Apartment",1998,"77 years 11 months",550000
"2019-05","JURONG WEST","EXECUTIVE","630","JURONG WEST ST 65","16 TO 18",130,"Apartment",2001,"81 years 03 months",605000
"2019-05","KALLANG/WHAMPOA","4 ROOM","108B","MCNAIR RD","04 TO 06",86,"Model A",2004,"84 years 06 months",660000
"2019-05","KALLANG/WHAMPOA","4 ROOM","2A","UPP BOON KENG RD","19 TO 21",90,"Model A",2006,"86 years 07 months",7e+05
"2019-05","PASIR RIS","EXECUTIVE","242","PASIR RIS ST 21","04 TO 06",150,"Apartment",1993,"73 years 03 months",478000
"2019-05","PASIR RIS","EXECUTIVE","208","PASIR RIS ST 21","01 TO 03",147,"Apartment",1993,"73 years 04 months",5e+05
"2019-05","PASIR RIS","EXECUTIVE","418","PASIR RIS DR 6","10 TO 12",146,"Maisonette",1989,"69 years 02 months",705000
"2019-05","PUNGGOL","4 ROOM","203B","PUNGGOL FIELD","16 TO 18",85,"Model A",2004,"84 years 06 months",390000
"2019-05","PUNGGOL","4 ROOM","170A","PUNGGOL FIELD","07 TO 09",92,"Model A",2014,"93 years 11 months",410000
"2019-05","PUNGGOL","4 ROOM","618A","PUNGGOL DR","07 TO 09",93,"Premium Apartment",2013,"93 years 04 months",480000
"2019-05","PUNGGOL","5 ROOM","213B","PUNGGOL WALK","13 TO 15",113,"Improved",2015,"94 years 11 months",565000
"2019-05","PUNGGOL","EXECUTIVE","118","EDGEFIELD PLAINS","10 TO 12",130,"Premium Apartment",2003,"83 years 01 month",548000
"2019-05","QUEENSTOWN","3 ROOM","19","GHIM MOH RD","01 TO 03",65,"Improved",1977,"57 years",270000
"2019-05","SEMBAWANG","2 ROOM","593B","MONTREAL LINK","04 TO 06",47,"Model A",2015,"94 years 11 months",220000
"2019-05","SEMBAWANG","4 ROOM","406","SEMBAWANG DR","10 TO 12",86,"Model A2",2001,"80 years 10 months",3e+05
"2019-05","SENGKANG","4 ROOM","432A","SENGKANG WEST WAY","07 TO 09",93,"Model A",2014,"94 years 05 months",4e+05
"2019-05","SENGKANG","4 ROOM","178C","RIVERVALE CRES","13 TO 15",93,"Model A",2015,"94 years 10 months",405000
"2019-05","SENGKANG","4 ROOM","430B","FERNVALE LINK","10 TO 12",92,"Model A",2015,"95 years 01 month",420000
"2019-05","SENGKANG","5 ROOM","320B","ANCHORVALE DR","04 TO 06",110,"Improved",2002,"82 years 04 months",442000
"2019-05","SENGKANG","5 ROOM","282B","SENGKANG EAST AVE","04 TO 06",112,"Premium Apartment",2015,"95 years 03 months",655000
"2019-05","SERANGOON","EXECUTIVE","123","SERANGOON NTH AVE 1","01 TO 03",150,"Maisonette",1985,"65 years 04 months",6e+05
"2019-05","TAMPINES","3 ROOM","255","TAMPINES ST 21","01 TO 03",82,"New Generation",1984,"64 years 03 months",310000
"2019-05","TAMPINES","5 ROOM","112","SIMEI ST 1","07 TO 09",121,"Improved",1988,"67 years 09 months",520000
"2019-05","TOA PAYOH","3 ROOM","113","LOR 1 TOA PAYOH","01 TO 03",65,"Improved",1967,"47 years 01 month",231000
"2019-05","TOA PAYOH","5 ROOM","45","LOR 5 TOA PAYOH","19 TO 21",125,"Improved",1993,"73 years",745000
"2019-05","TOA PAYOH","EXECUTIVE","254","KIM KEAT AVE","07 TO 09",146,"Maisonette",1989,"68 years 09 months",720000
"2019-05","WOODLANDS","3 ROOM","166","WOODLANDS ST 13","01 TO 03",82,"New Generation",1986,"66 years 04 months",265000
"2019-05","WOODLANDS","3 ROOM","782C","WOODLANDS CRES","10 TO 12",67,"Model A",2015,"95 years 01 month",305000
"2019-05","WOODLANDS","4 ROOM","343","WOODLANDS AVE 1","01 TO 03",84,"Simplified",1989,"69 years 04 months",290000
"2019-05","WOODLANDS","4 ROOM","321","WOODLANDS ST 32","07 TO 09",89,"Simplified",1994,"73 years 08 months",335000
"2019-05","WOODLANDS","4 ROOM","418","WOODLANDS ST 41","10 TO 12",106,"Model A",1996,"75 years 09 months",345000
"2019-05","WOODLANDS","4 ROOM","780D","WOODLANDS CRES","13 TO 15",92,"Model A",2015,"95 years 02 months",394000
"2019-05","YISHUN","4 ROOM","260","YISHUN ST 22","07 TO 09",84,"Simplified",1985,"65 years 03 months",285000
"2019-05","YISHUN","4 ROOM","926","YISHUN CTRL 1","04 TO 06",104,"Model A",1993,"72 years 09 months",455000
"2019-05","YISHUN","4 ROOM","347B","YISHUN AVE 11","10 TO 12",92,"DBSS",2013,"93 years 04 months",520000
"2019-05","YISHUN","5 ROOM","426A","YISHUN AVE 11","04 TO 06",112,"Improved",2015,"94 years 11 months",495000
"2019-06","ANG MO KIO","3 ROOM","506","ANG MO KIO AVE 8","01 TO 03",68,"New Generation",1980,"60 years 03 months",270000
"2019-06","BEDOK","3 ROOM","105","BEDOK RESERVOIR RD","07 TO 09",70,"New Generation",1985,"65 years 02 months",303000
"2019-06","BEDOK","4 ROOM","115","BEDOK NTH RD","04 TO 06",98,"New Generation",1978,"57 years 11 months",365000
"2019-06","BEDOK","5 ROOM","55","NEW UPP CHANGI RD","07 TO 09",118,"Standard",1977,"57 years 01 month",542000
"2019-06","BISHAN","4 ROOM","149","BISHAN ST 11","07 TO 09",84,"Simplified",1987,"66 years 07 months",470000
"2019-06","BISHAN","4 ROOM","224","BISHAN ST 23","07 TO 09",102,"Model A",1992,"72 years 02 months",595000
"2019-06","BUKIT BATOK","3 ROOM","261","BT BATOK EAST AVE 4","04 TO 06",69,"New Generation",1985,"65 years 01 month",250000
"2019-06","BUKIT BATOK","3 ROOM","208","BT BATOK ST 21","01 TO 03",73,"Model A",1983,"63 years 02 months",260000
"2019-06","BUKIT BATOK","3 ROOM","343","BT BATOK ST 34","04 TO 06",73,"Model A",1987,"66 years 10 months",260000
"2019-06","BUKIT BATOK","3 ROOM","160","BT BATOK ST 11","10 TO 12",73,"Model A",1984,"63 years 11 months",268000
"2019-06","BUKIT MERAH","3 ROOM","75","TELOK BLANGAH DR","01 TO 03",67,"New Generation",1978,"57 years 07 months",3e+05
"2019-06","BUKIT MERAH","3 ROOM","54","HAVELOCK RD","34 TO 36",69,"Model A",2013,"92 years 11 months",640000
"2019-06","BUKIT MERAH","3 ROOM","50","MOH GUAN TER","01 TO 03",88,"Standard",1973,"52 years 07 months",690000
"2019-06","BUKIT MERAH","4 ROOM","26B","JLN MEMBINA","22 TO 24",85,"Model A",2009,"88 years 07 months",760000
"2019-06","BUKIT PANJANG","4 ROOM","139","PETIR RD","10 TO 12",103,"Model A",1988,"68 years 02 months",363000
"2019-06","CENTRAL AREA","5 ROOM","1B","CANTONMENT RD","34 TO 36",105,"Type S2",2011,"90 years 07 months",1108800
"2019-06","CHOA CHU KANG","4 ROOM","685A","CHOA CHU KANG CRES","07 TO 09",90,"Model A",2002,"82 years 03 months",315000
"2019-06","CLEMENTI","3 ROOM","715","CLEMENTI WEST ST 2","07 TO 09",68,"New Generation",1981,"61 years 03 months",242000
"2019-06","CLEMENTI","4 ROOM","316","CLEMENTI AVE 4","07 TO 09",91,"New Generation",1979,"58 years 11 months",515000
"2019-06","JURONG EAST","3 ROOM","231","JURONG EAST ST 21","04 TO 06",67,"New Generation",1981,"61 years 01 month",250000
"2019-06","JURONG EAST","5 ROOM","279","TOH GUAN RD","04 TO 06",120,"Improved",1998,"78 years 06 months",580000
"2019-06","JURONG WEST","3 ROOM","457","JURONG WEST ST 41","07 TO 09",73,"Model A",1984,"63 years 11 months",265000
"2019-06","JURONG WEST","5 ROOM","654C","JURONG WEST ST 61","16 TO 18",110,"Improved",2002,"82 years 03 months",460000
"2019-06","KALLANG/WHAMPOA","3 ROOM","68","GEYLANG BAHRU","04 TO 06",65,"Improved",1974,"54 years 02 months",306000
"2019-06","KALLANG/WHAMPOA","4 ROOM","15","FARRER PK RD","01 TO 03",76,"Model A",2004,"84 years",5e+05
"2019-06","PUNGGOL","3 ROOM","305D","PUNGGOL DR","07 TO 09",67,"Premium Apartment",2012,"92 years 01 month",375000
"2019-06","PUNGGOL","4 ROOM","207A","PUNGGOL PL","04 TO 06",92,"Model A",2014,"94 years 03 months",465000
"2019-06","PUNGGOL","4 ROOM","303A","PUNGGOL CTRL","07 TO 09",93,"Premium Apartment",2010,"90 years 01 month",468000
"2019-06","PUNGGOL","5 ROOM","638B","PUNGGOL DR","10 TO 12",110,"Premium Apartment",2005,"84 years 07 months",465000
"2019-06","QUEENSTOWN","3 ROOM","2","HOLLAND AVE","04 TO 06",73,"Improved",1974,"53 years 11 months",420000
"2019-06","SEMBAWANG","4 ROOM","405","ADMIRALTY LINK","04 TO 06",86,"Model A2",2001,"80 years 07 months",305000
"2019-06","SENGKANG","4 ROOM","129","RIVERVALE ST","07 TO 09",100,"Model A",1999,"79 years 01 month",4e+05
"2019-06","SENGKANG","4 ROOM","273A","COMPASSVALE LINK","10 TO 12",90,"Premium Apartment",2009,"89 years 02 months",560000
"2019-06","SENGKANG","5 ROOM","157B","RIVERVALE CRES","01 TO 03",110,"Premium Apartment",2003,"83 years 04 months",367000
"2019-06","SENGKANG","5 ROOM","193","RIVERVALE DR","13 TO 15",111,"Improved",2001,"80 years 10 months",430000
"2019-06","SENGKANG","5 ROOM","224B","COMPASSVALE WALK","01 TO 03",122,"Improved",1999,"78 years 11 months",460000
"2019-06","TAMPINES","3 ROOM","267","TAMPINES ST 21","07 TO 09",79,"Model A",1983,"63 years 01 month",355000
"2019-06","TAMPINES","4 ROOM","522A","TAMPINES CTRL 7","04 TO 06",93,"Model A",2015,"95 years 03 months",580000
"2019-06","TOA PAYOH","3 ROOM","116","LOR 2 TOA PAYOH","07 TO 09",63,"Improved",1970,"49 years 08 months",240000
"2019-06","WOODLANDS","5 ROOM","625B","WOODLANDS DR 52","01 TO 03",122,"Improved",1998,"78 years 04 months",410000
"2019-06","YISHUN","3 ROOM","424B","YISHUN AVE 11","07 TO 09",67,"Model A",2015,"95 years 06 months",298000
"2019-06","YISHUN","5 ROOM","334C","YISHUN ST 31","04 TO 06",112,"Improved",2015,"95 years 05 months",5e+05
"2019-07","ANG MO KIO","3 ROOM","570","ANG MO KIO AVE 3","04 TO 06",67,"New Generation",1979,"58 years 11 months",245000
"2019-07","ANG MO KIO","4 ROOM","354","ANG MO KIO ST 32","25 TO 27",90,"Model A",2001,"81 years 02 months",590000
"2019-07","BEDOK","3 ROOM","117","BEDOK RESERVOIR RD","04 TO 06",67,"New Generation",1985,"65 years",280000
"2019-07","BISHAN","4 ROOM","503","BISHAN ST 11","04 TO 06",113,"Model A",1989,"69 years 04 months",769000
"2019-07","BISHAN","5 ROOM","242","BISHAN ST 22","10 TO 12",132,"Improved",1992,"71 years 11 months",850000
"2019-07","BUKIT BATOK","3 ROOM","168","BT BATOK WEST AVE 8","01 TO 03",74,"Model A",1984,"64 years 05 months",245000
"2019-07","BUKIT BATOK","3 ROOM","240","BT BATOK EAST AVE 5","10 TO 12",67,"New Generation",1985,"65 years 03 months",250000
"2019-07","BUKIT BATOK","4 ROOM","532","BT BATOK ST 51","07 TO 09",83,"Simplified",1986,"66 years 06 months",330000
"2019-07","CENTRAL AREA","4 ROOM","1G","CANTONMENT RD","22 TO 24",95,"Type S1",2011,"90 years 06 months",945000
"2019-07","CHOA CHU KANG","4 ROOM","660","CHOA CHU KANG CRES","13 TO 15",103,"Premium Apartment",1999,"78 years 10 months",340000
"2019-07","CHOA CHU KANG","4 ROOM","150","JLN TECK WHYE","07 TO 09",102,"Model A",1998,"77 years 07 months",345000
"2019-07","CHOA CHU KANG","5 ROOM","505","CHOA CHU KANG ST 51","07 TO 09",128,"Improved",1994,"74 years 04 months",415000
"2019-07","CHOA CHU KANG","5 ROOM","784","CHOA CHU KANG DR","04 TO 06",129,"Improved",1997,"76 years 06 months",438000
"2019-07","CLEMENTI","3 ROOM","362","CLEMENTI AVE 2","04 TO 06",82,"New Generation",1978,"57 years 06 months",305000
"2019-07","CLEMENTI","5 ROOM","416","CLEMENTI AVE 1","19 TO 21",113,"Improved",2013,"93 years 02 months",860000
"2019-07","GEYLANG","4 ROOM","22","HAIG RD","04 TO 06",94,"New Generation",1981,"61 years 04 months",450000
"2019-07","HOUGANG","3 ROOM","652","HOUGANG AVE 8","13 TO 15",60,"Improved",1988,"67 years 10 months",254000
"2019-07","HOUGANG","4 ROOM","320","HOUGANG AVE 5","04 TO 06",104,"New Generation",1983,"63 years 02 months",358000
"2019-07","HOUGANG","5 ROOM","643","HOUGANG AVE 8","10 TO 12",120,"Improved",1987,"67 years 01 month",457000
"2019-07","HOUGANG","5 ROOM","373","HOUGANG ST 31","07 TO 09",120,"Improved",2000,"79 years 06 months",645000
"2019-07","HOUGANG","EXECUTIVE","141","LOR AH SOO","04 TO 06",146,"Maisonette",1985,"64 years 06 months",585000
"2019-07","JURONG WEST","3 ROOM","208","BOON LAY PL","07 TO 09",65,"Improved",1976,"56 years 04 months",225000
"2019-07","JURONG WEST","3 ROOM","423","JURONG WEST AVE 1","01 TO 03",74,"Model A",1984,"64 years 01 month",264000
"2019-07","JURONG WEST","4 ROOM","446","JURONG WEST ST 42","01 TO 03",103,"Model A",1985,"64 years 09 months",286000
"2019-07","JURONG WEST","4 ROOM","430","JURONG WEST AVE 1","01 TO 03",103,"Model A",1985,"64 years 07 months",305000
"2019-07","JURONG WEST","5 ROOM","664B","JURONG WEST ST 64","04 TO 06",110,"Improved",2000,"80 years 01 month",510000
"2019-07","KALLANG/WHAMPOA","4 ROOM","3C","UPP BOON KENG RD","19 TO 21",90,"Model A",2006,"86 years 01 month",725000
"2019-07","MARINE PARADE","3 ROOM","31","MARINE CRES","07 TO 09",65,"Improved",1975,"54 years 10 months",350000
"2019-07","PASIR RIS","EXECUTIVE","714","PASIR RIS ST 72","07 TO 09",146,"Apartment",1996,"75 years 11 months",620000
"2019-07","PASIR RIS","EXECUTIVE","460","PASIR RIS DR 4","10 TO 12",144,"Apartment",1992,"72 years 05 months",660000
"2019-07","PUNGGOL","4 ROOM","101A","PUNGGOL FIELD","10 TO 12",90,"Model A",2002,"82 years 02 months",375000
"2019-07","PUNGGOL","4 ROOM","272D","PUNGGOL WALK","13 TO 15",92,"Premium Apartment",2014,"93 years 09 months",523000
"2019-07","PUNGGOL","5 ROOM","126A","EDGEDALE PLAINS","04 TO 06",110,"Improved",2003,"82 years 09 months",415000
"2019-07","PUNGGOL","5 ROOM","267B","PUNGGOL FIELD","13 TO 15",115,"Premium Apartment",2013,"92 years 06 months",675000
"2019-07","QUEENSTOWN","3 ROOM","160","MEI LING ST","07 TO 09",72,"Improved",1970,"50 years 09 months",305000
"2019-07","SENGKANG","3 ROOM","433A","SENGKANG WEST WAY","04 TO 06",67,"Model A",2014,"94 years 03 months",315000
"2019-07","SENGKANG","3 ROOM","445A","FERNVALE RD","04 TO 06",67,"Model A",2012,"92 years 04 months",320000
"2019-07","SENGKANG","4 ROOM","453B","FERNVALE RD","13 TO 15",92,"Model A",2015,"95 years 01 month",435000
"2019-07","SENGKANG","4 ROOM","282A","SENGKANG EAST AVE","01 TO 03",92,"Premium Apartment",2015,"95 years 01 month",526000
"2019-07","SENGKANG","5 ROOM","127","RIVERVALE ST","07 TO 09",120,"Improved",1999,"79 years",405000
"2019-07","SENGKANG","5 ROOM","231","COMPASSVALE WALK","13 TO 15",121,"Improved",1999,"79 years 02 months",468888
"2019-07","TAMPINES","4 ROOM","470","TAMPINES ST 44","07 TO 09",84,"Simplified",1986,"65 years 10 months",380000
"2019-07","TAMPINES","4 ROOM","924","TAMPINES ST 91","10 TO 12",104,"Model A",1983,"63 years 04 months",435000
"2019-07","TAMPINES","5 ROOM","945","TAMPINES AVE 4","10 TO 12",128,"Improved",1988,"68 years 06 months",605000
"2019-07","TOA PAYOH","2 ROOM","120","LOR 2 TOA PAYOH","07 TO 09",40,"Standard",1968,"48 years 07 months",190000
"2019-07","TOA PAYOH","3 ROOM","118","LOR 1 TOA PAYOH","10 TO 12",65,"Improved",1968,"47 years 11 months",280000
"2019-07","WOODLANDS","4 ROOM","427","WOODLANDS ST 41","07 TO 09",100,"Model A",1997,"76 years 08 months",318000
"2019-07","YISHUN","3 ROOM","363","YISHUN RING RD","10 TO 12",74,"Model A",1988,"68 years 05 months",253888
"2019-07","YISHUN","3 ROOM","615","YISHUN RING RD","04 TO 06",73,"Model A",1988,"67 years 07 months",280000
"2019-07","YISHUN","4 ROOM","431D","YISHUN AVE 1","10 TO 12",92,"Model A",2015,"95 years 03 months",394000
"2019-07","YISHUN","5 ROOM","232","YISHUN ST 21","01 TO 03",121,"Improved",1985,"65 years",402000
"2019-07","YISHUN","5 ROOM","758","YISHUN ST 72","01 TO 03",121,"Improved",1986,"66 years 04 months",452000
"2019-08","ANG MO KIO","3 ROOM","649","ANG MO KIO AVE 5","10 TO 12",75,"New Generation",1980,"60 years 03 months",295000
"2019-08","ANG MO KIO","4 ROOM","326","ANG MO KIO AVE 3","01 TO 03",92,"New Generation",1977,"56 years 09 months",418000
"2019-08","ANG MO KIO","5 ROOM","233","ANG MO KIO AVE 3","07 TO 09",134,"Adjoined flat",1977,"57 years 01 month",571000
"2019-08","BEDOK","3 ROOM","4","BEDOK STH AVE 1","01 TO 03",73,"Improved",1976,"55 years 05 months",290000
"2019-08","BEDOK","3 ROOM","416","BEDOK NTH AVE 2","04 TO 06",67,"New Generation",1978,"58 years 03 months",302000
"2019-08","BEDOK","3 ROOM","420","BEDOK NTH ST 1","10 TO 12",68,"New Generation",1979,"58 years 05 months",360000
"2019-08","BUKIT BATOK","3 ROOM","208","BT BATOK ST 21","04 TO 06",73,"Model A",1983,"63 years",268000
"2019-08","BUKIT MERAH","2 ROOM","127A","KIM TIAN RD","13 TO 15",47,"Model A",2013,"92 years 06 months",402000
"2019-08","BUKIT MERAH","4 ROOM","113","BT PURMEI RD","04 TO 06",103,"Model A",1984,"64 years 02 months",480000
"2019-08","BUKIT MERAH","5 ROOM","82","REDHILL LANE","04 TO 06",129,"Improved",1996,"76 years 03 months",870000
"2019-08","CHOA CHU KANG","2 ROOM","166A","TECK WHYE CRES","19 TO 21",47,"Model A",2015,"94 years 06 months",238000
"2019-08","CHOA CHU KANG","4 ROOM","219","CHOA CHU KANG CTRL","10 TO 12",104,"Model A",1990,"69 years 06 months",393500
"2019-08","CLEMENTI","3 ROOM","706","CLEMENTI WEST ST 2","01 TO 03",68,"New Generation",1980,"60 years 08 months",245000
"2019-08","HOUGANG","4 ROOM","547","HOUGANG ST 51","10 TO 12",106,"Model A",1992,"72 years 02 months",390000
"2019-08","JURONG EAST","5 ROOM","64","TEBAN GDNS RD","19 TO 21",110,"Improved",2003,"82 years 10 months",460000
"2019-08","JURONG EAST","5 ROOM","201","JURONG EAST ST 21","01 TO 03",120,"Improved",1989,"68 years 08 months",5e+05
"2019-08","JURONG WEST","4 ROOM","175B","YUNG KUANG RD","07 TO 09",93,"Premium Apartment",2015,"94 years 09 months",435000
"2019-08","JURONG WEST","5 ROOM","275C","JURONG WEST ST 25","01 TO 03",111,"Improved",2002,"81 years 05 months",362000
"2019-08","JURONG WEST","5 ROOM","663A","JURONG WEST ST 65","01 TO 03",110,"Improved",2000,"79 years 11 months",419000
"2019-08","JURONG WEST","5 ROOM","653A","JURONG WEST ST 61","04 TO 06",111,"Improved",2002,"82 years 02 months",453000
"2019-08","JURONG WEST","EXECUTIVE","974","JURONG WEST ST 93","01 TO 03",146,"Maisonette",1989,"68 years 10 months",5e+05
"2019-08","KALLANG/WHAMPOA","4 ROOM","685","RACE COURSE RD","07 TO 09",103,"Model A",1986,"65 years 05 months",550000
"2019-08","PUNGGOL","3 ROOM","212B","PUNGGOL WALK","07 TO 09",67,"Model A",2015,"94 years 09 months",358000
"2019-08","PUNGGOL","4 ROOM","267B","PUNGGOL FIELD","13 TO 15",93,"Premium Apartment",2013,"92 years 05 months",495049
"2019-08","PUNGGOL","4 ROOM","211A","PUNGGOL WALK","16 TO 18",95,"Model A",2014,"93 years 08 months",499888
"2019-08","SEMBAWANG","4 ROOM","360A","ADMIRALTY DR","16 TO 18",95,"Premium Apartment",2001,"81 years 01 month",375000
"2019-08","SENGKANG","3 ROOM","447B","JLN KAYU","22 TO 24",67,"Model A",2013,"93 years 03 months",325000
"2019-08","SENGKANG","5 ROOM","258A","COMPASSVALE RD","04 TO 06",110,"Improved",2001,"80 years 07 months",445000
"2019-08","SENGKANG","EXECUTIVE","143","RIVERVALE DR","01 TO 03",135,"Apartment",1999,"79 years 04 months",508000
"2019-08","SENGKANG","EXECUTIVE","262B","COMPASSVALE ST","13 TO 15",130,"Apartment",2001,"80 years 08 months",668888
"2019-08","SERANGOON","3 ROOM","305","SERANGOON AVE 2","07 TO 09",60,"Improved",1985,"64 years 08 months",298000
"2019-08","SERANGOON","3 ROOM","302","SERANGOON AVE 2","04 TO 06",70,"Improved",1985,"64 years 07 months",335000
"2019-08","TAMPINES","4 ROOM","839","TAMPINES ST 83","10 TO 12",84,"Simplified",1985,"64 years 10 months",393000
"2019-08","TAMPINES","4 ROOM","522B","TAMPINES CTRL 7","13 TO 15",93,"Model A",2015,"95 years",580000
"2019-08","TAMPINES","5 ROOM","519D","TAMPINES CTRL 8","13 TO 15",108,"DBSS",2014,"93 years 10 months",830000
"2019-08","TOA PAYOH","4 ROOM","79A","TOA PAYOH CTRL","16 TO 18",76,"Model A",2009,"88 years 08 months",645000
"2019-08","WOODLANDS","3 ROOM","782C","WOODLANDS CRES","07 TO 09",67,"Model A",2015,"94 years 10 months",285000
"2019-08","WOODLANDS","4 ROOM","23","MARSILING DR","10 TO 12",92,"New Generation",1977,"57 years 03 months",252000
"2019-08","WOODLANDS","4 ROOM","26","MARSILING DR","07 TO 09",91,"New Generation",1977,"56 years 10 months",260000
"2019-08","WOODLANDS","4 ROOM","436","WOODLANDS ST 41","04 TO 06",84,"Simplified",1996,"76 years",285000
"2019-08","WOODLANDS","4 ROOM","313","WOODLANDS ST 31","04 TO 06",103,"Model A",1993,"73 years 01 month",320000
"2019-08","WOODLANDS","4 ROOM","723","WOODLANDS AVE 6","07 TO 09",102,"Model A",1997,"77 years 04 months",325000
"2019-08","WOODLANDS","5 ROOM","537","WOODLANDS DR 16","01 TO 03",121,"Improved",2000,"80 years 01 month",405000
"2019-08","YISHUN","3 ROOM","424A","YISHUN AVE 11","13 TO 15",67,"Model A",2015,"95 years 04 months",312000
"2019-08","YISHUN","3 ROOM","342B","YISHUN RING RD","13 TO 15",68,"Premium Apartment",2016,"95 years 05 months",340000
"2019-08","YISHUN","3 ROOM","347A","YISHUN AVE 11","07 TO 09",67,"DBSS",2013,"93 years 01 month",420000
"2019-08","YISHUN","4 ROOM","850","YISHUN ST 81","04 TO 06",104,"Model A",1988,"67 years 11 months",370000
"2019-09","ANG MO KIO","3 ROOM","343","ANG MO KIO AVE 3","01 TO 03",73,"New Generation",1978,"57 years 07 months",290000
"2019-09","BEDOK","3 ROOM","32","CHAI CHEE AVE","13 TO 15",65,"Improved",1974,"53 years 04 months",275000
"2019-09","BEDOK","3 ROOM","712","BEDOK RESERVOIR RD","04 TO 06",68,"New Generation",1981,"60 years 11 months",278000
"2019-09","BEDOK","4 ROOM","183","BEDOK NTH RD","01 TO 03",92,"Model A",2005,"85 years 03 months",575000
"2019-09","BISHAN","5 ROOM","223","BISHAN ST 23","07 TO 09",121,"Improved",1992,"71 years 11 months",850000
"2019-09","BUKIT BATOK","EXECUTIVE","526","BT BATOK ST 51","01 TO 03",146,"Maisonette",1986,"65 years 11 months",580000
"2019-09","BUKIT MERAH","4 ROOM","88","TELOK BLANGAH HTS","10 TO 12",90,"Model A",2003,"82 years 06 months",580000
"2019-09","BUKIT MERAH","4 ROOM","74A","REDHILL RD","25 TO 27",100,"Model A",2005,"85 years 02 months",735000
"2019-09","BUKIT PANJANG","3 ROOM","486","SEGAR RD","13 TO 15",67,"Model A",2014,"94 years 03 months",336000
"2019-09","BUKIT PANJANG","5 ROOM","437","FAJAR RD","07 TO 09",117,"Improved",1997,"76 years 11 months",425000
"2019-09","CHOA CHU KANG","4 ROOM","543","CHOA CHU KANG ST 52","10 TO 12",107,"Model A",1994,"73 years 07 months",340888
"2019-09","CHOA CHU KANG","EXECUTIVE","753","CHOA CHU KANG NTH 5","07 TO 09",147,"Apartment",1995,"74 years 11 months",558888
"2019-09","CHOA CHU KANG","EXECUTIVE","204","CHOA CHU KANG AVE 1","16 TO 18",142,"Apartment",1989,"68 years 11 months",581000
"2019-09","CLEMENTI","3 ROOM","706","CLEMENTI WEST ST 2","07 TO 09",68,"New Generation",1980,"59 years 10 months",268000
"2019-09","HOUGANG","4 ROOM","980A","BUANGKOK CRES","07 TO 09",85,"Model A2",2003,"82 years 09 months",349000
"2019-09","HOUGANG","4 ROOM","464","UPP SERANGOON RD","04 TO 06",104,"Model A",1992,"71 years 11 months",433000
"2019-09","HOUGANG","5 ROOM","135","LOR AH SOO","07 TO 09",132,"Model A",1985,"64 years 07 months",539000
"2019-09","HOUGANG","EXECUTIVE","628","HOUGANG AVE 8","01 TO 03",148,"Maisonette",1986,"65 years 11 months",6e+05
"2019-09","JURONG WEST","2 ROOM","180A","BOON LAY DR","13 TO 15",47,"Model A",2014,"93 years 08 months",220000
"2019-09","JURONG WEST","3 ROOM","456","JURONG WEST ST 41","07 TO 09",67,"New Generation",1985,"64 years 06 months",255000
"2019-09","JURONG WEST","4 ROOM","432","JURONG WEST ST 42","04 TO 06",103,"Model A",1984,"64 years 02 months",315000
"2019-09","JURONG WEST","4 ROOM","486","JURONG WEST AVE 1","07 TO 09",91,"New Generation",1985,"64 years 05 months",320000
"2019-09","JURONG WEST","5 ROOM","272B","JURONG WEST ST 24","13 TO 15",112,"Premium Apartment",2003,"83 years 01 month",423000
"2019-09","JURONG WEST","5 ROOM","652B","JURONG WEST ST 61","07 TO 09",110,"Improved",2002,"81 years 09 months",438000
"2019-09","JURONG WEST","5 ROOM","660C","JURONG WEST ST 64","13 TO 15",110,"Improved",2001,"81 years",518000
"2019-09","KALLANG/WHAMPOA","4 ROOM","112","MCNAIR RD","01 TO 03",104,"Model A",1987,"66 years 07 months",511000
"2019-09","MARINE PARADE","3 ROOM","64","MARINE DR","07 TO 09",68,"Improved",1976,"55 years 06 months",329800
"2019-09","PASIR RIS","5 ROOM","553","PASIR RIS ST 51","10 TO 12",123,"Improved",1992,"72 years 03 months",5e+05
"2019-09","PUNGGOL","4 ROOM","617A","PUNGGOL DR","10 TO 12",93,"Premium Apartment",2013,"93 years",468000
"2019-09","PUNGGOL","4 ROOM","272B","PUNGGOL WALK","10 TO 12",93,"Premium Apartment",2014,"93 years 07 months",550000
"2019-09","PUNGGOL","5 ROOM","646","PUNGGOL CTRL","10 TO 12",110,"Premium Apartment",2005,"84 years 04 months",455000
"2019-09","QUEENSTOWN","4 ROOM","52","STRATHMORE AVE","31 TO 33",90,"Model A",2006,"86 years 03 months",750000
"2019-09","QUEENSTOWN","5 ROOM","50","C'WEALTH DR","22 TO 24",117,"Improved",2015,"94 years 05 months",1030000
"2019-09","SEMBAWANG","4 ROOM","484","ADMIRALTY LINK","13 TO 15",91,"Model A",2003,"82 years 10 months",308000
"2019-09","SEMBAWANG","5 ROOM","360A","ADMIRALTY DR","13 TO 15",111,"Premium Apartment",2001,"81 years",420000
"2019-09","SEMBAWANG","5 ROOM","316","SEMBAWANG VISTA","04 TO 06",122,"Improved",1999,"78 years 09 months",435000
"2019-09","SENGKANG","3 ROOM","453D","FERNVALE RD","13 TO 15",67,"Model A",2015,"94 years 10 months",345000
"2019-09","SENGKANG","4 ROOM","405B","FERNVALE LANE","13 TO 15",93,"Premium Apartment",2004,"83 years 05 months",385000
"2019-09","SERANGOON","4 ROOM","334","SERANGOON AVE 3","01 TO 03",84,"Simplified",1987,"66 years 07 months",518000
"2019-09","TAMPINES","3 ROOM","469","TAMPINES ST 44","10 TO 12",74,"Model A",1985,"65 years 01 month",315000
"2019-09","TAMPINES","5 ROOM","486A","TAMPINES AVE 9","04 TO 06",127,"Improved",1993,"73 years",435000
"2019-09","TAMPINES","EXECUTIVE","497J","TAMPINES ST 45","01 TO 03",144,"Premium Apartment",1996,"75 years 09 months",640000
"2019-09","TOA PAYOH","4 ROOM","152","LOR 2 TOA PAYOH","22 TO 24",86,"Model A",2006,"85 years 04 months",735000
"2019-09","WOODLANDS","4 ROOM","29","MARSILING DR","04 TO 06",97,"New Generation",1979,"59 years 01 month",273000
"2019-09","WOODLANDS","4 ROOM","729","WOODLANDS CIRCLE","04 TO 06",91,"Model A2",1997,"77 years 03 months",298000
"2019-09","WOODLANDS","4 ROOM","886B","WOODLANDS DR 50","13 TO 15",95,"Premium Apartment",2015,"94 years 05 months",460000
"2019-09","WOODLANDS","5 ROOM","809","WOODLANDS ST 81","01 TO 03",125,"Improved",1995,"75 years 02 months",380000
"2019-09","WOODLANDS","5 ROOM","162","WOODLANDS ST 13","01 TO 03",121,"Improved",1985,"64 years 09 months",4e+05
"2019-09","WOODLANDS","5 ROOM","782D","WOODLANDS CRES","10 TO 12",112,"Improved",2015,"94 years 09 months",440000
"2019-09","WOODLANDS","EXECUTIVE","683D","WOODLANDS DR 62","13 TO 15",143,"Premium Apartment",2000,"79 years 05 months",560000
"2019-09","YISHUN","3 ROOM","703","YISHUN AVE 5","01 TO 03",68,"New Generation",1984,"63 years 05 months",220000
"2019-09","YISHUN","3 ROOM","316B","YISHUN AVE 9","01 TO 03",67,"Model A",2015,"95 years 01 month",290000
"2019-09","YISHUN","3 ROOM","316A","YISHUN AVE 9","01 TO 03",67,"Model A",2015,"95 years 02 months",292000
"2019-09","YISHUN","EXECUTIVE","326","YISHUN RING RD","04 TO 06",146,"Maisonette",1988,"67 years 10 months",543888
"2019-10","ANG MO KIO","4 ROOM","204","ANG MO KIO AVE 3","07 TO 09",92,"New Generation",1977,"56 years 04 months",395000
"2019-10","BEDOK","3 ROOM","150","BEDOK RESERVOIR RD","04 TO 06",63,"Simplified",1988,"67 years 09 months",285000
"2019-10","BEDOK","3 ROOM","57","NEW UPP CHANGI RD","04 TO 06",60,"Improved",1985,"65 years 01 month",3e+05
"2019-10","BUKIT BATOK","4 ROOM","211","BT BATOK ST 21","01 TO 03",108,"Model A",1985,"64 years 06 months",353888
"2019-10","BUKIT MERAH","3 ROOM","47","TELOK BLANGAH DR","07 TO 09",65,"Improved",1976,"55 years 04 months",340000
"2019-10","BUKIT MERAH","4 ROOM","9","CANTONMENT CL","22 TO 24",90,"Model A",2002,"82 years 02 months",8e+05
"2019-10","BUKIT PANJANG","4 ROOM","480","SEGAR RD","13 TO 15",92,"Premium Apartment",2002,"82 years 01 month",345000
"2019-10","BUKIT PANJANG","4 ROOM","458","SEGAR RD","13 TO 15",93,"Premium Apartment",2012,"92 years 01 month",435000
"2019-10","BUKIT PANJANG","5 ROOM","549A","SEGAR RD","04 TO 06",113,"Improved",2015,"95 years 02 months",465000
"2019-10","BUKIT PANJANG","5 ROOM","549A","SEGAR RD","10 TO 12",113,"Improved",2015,"95 years 02 months",528888
"2019-10","BUKIT PANJANG","EXECUTIVE","124","PENDING RD","04 TO 06",144,"Apartment",1988,"67 years 04 months",520000
"2019-10","CHOA CHU KANG","5 ROOM","472","CHOA CHU KANG AVE 3","10 TO 12",120,"Improved",1999,"78 years 07 months",395000
"2019-10","CLEMENTI","3 ROOM","345","CLEMENTI AVE 5","01 TO 03",67,"New Generation",1979,"58 years 06 months",280000
"2019-10","GEYLANG","4 ROOM","11","HAIG RD","07 TO 09",92,"New Generation",1976,"55 years 10 months",450000
"2019-10","HOUGANG","EXECUTIVE","959","HOUGANG ST 91","04 TO 06",137,"Apartment",1999,"78 years 07 months",623000
"2019-10","JURONG EAST","4 ROOM","329","JURONG EAST AVE 1","04 TO 06",104,"Model A",1983,"62 years 08 months",345000
"2019-10","JURONG EAST","5 ROOM","238","JURONG EAST ST 21","22 TO 24",120,"Improved",1982,"61 years 11 months",510000
"2019-10","PASIR RIS","3 ROOM","5","CHANGI VILLAGE RD","01 TO 03",66,"Improved",1981,"60 years 09 months",180000
"2019-10","PUNGGOL","5 ROOM","130","EDGEDALE PLAINS","01 TO 03",111,"Premium Apartment",2003,"83 years 01 month",375000
"2019-10","PUNGGOL","5 ROOM","294","PUNGGOL CTRL","01 TO 03",110,"Premium Apartment",2003,"83 years 01 month",410000
"2019-10","PUNGGOL","5 ROOM","648","PUNGGOL CTRL","16 TO 18",110,"Premium Apartment",2005,"84 years 03 months",470000
"2019-10","QUEENSTOWN","3 ROOM","26","GHIM MOH LINK","19 TO 21",67,"Model A",2013,"92 years 06 months",580000
"2019-10","QUEENSTOWN","4 ROOM","81","STRATHMORE AVE","04 TO 06",105,"Model A",1993,"72 years 09 months",705000
"2019-10","QUEENSTOWN","4 ROOM","50","STRATHMORE AVE","16 TO 18",90,"Model A",2006,"86 years",750000
"2019-10","SEMBAWANG","5 ROOM","321","SEMBAWANG CL","07 TO 09",119,"Improved",1999,"78 years 07 months",395000
"2019-10","TAMPINES","4 ROOM","871","TAMPINES ST 84","07 TO 09",104,"Model A",1988,"68 years",380000
"2019-10","SEMBAWANG","EXECUTIVE","501D","WELLINGTON CIRCLE","01 TO 03",130,"Apartment",2001,"80 years 10 months",465000
"2019-10","SENGKANG","4 ROOM","324D","SENGKANG EAST WAY","13 TO 15",90,"Model A",2003,"82 years 05 months",4e+05
"2019-10","SENGKANG","4 ROOM","436A","FERNVALE RD","22 TO 24",96,"Model A",2010,"89 years 05 months",455000
"2019-10","SENGKANG","5 ROOM","206B","COMPASSVALE LANE","07 TO 09",122,"Improved",1999,"78 years 09 months",470000
"2019-10","SERANGOON","3 ROOM","1","LOR LEW LIAN","10 TO 12",64,"Improved",1978,"57 years 08 months",328000
"2019-10","TAMPINES","4 ROOM","137","SIMEI ST 1","04 TO 06",84,"Simplified",1988,"67 years 10 months",373000
"2019-10","TAMPINES","5 ROOM","842G","TAMPINES ST 82","07 TO 09",133,"Model A",1995,"74 years 11 months",610000
"2019-10","TAMPINES","EXECUTIVE","858","TAMPINES AVE 5","04 TO 06",146,"Maisonette",1988,"67 years 05 months",750000
"2019-10","TOA PAYOH","3 ROOM","27","TOA PAYOH EAST","01 TO 03",67,"Improved",1971,"50 years 03 months",235000
"2019-10","TOA PAYOH","4 ROOM","79A","TOA PAYOH CTRL","13 TO 15",76,"Model A",2009,"88 years 06 months",630000
"2019-10","TOA PAYOH","5 ROOM","145","LOR 2 TOA PAYOH","25 TO 27",110,"Improved",2006,"85 years 03 months",890000
"2019-10","WOODLANDS","3 ROOM","886B","WOODLANDS DR 50","04 TO 06",67,"Premium Apartment",2015,"94 years 04 months",305000
"2019-10","WOODLANDS","4 ROOM","512","WOODLANDS DR 14","01 TO 03",105,"Premium Apartment",1999,"78 years 05 months",360000
"2019-10","WOODLANDS","5 ROOM","664","WOODLANDS RING RD","01 TO 03",121,"Improved",1998,"77 years 04 months",400888
"2019-10","YISHUN","4 ROOM","329","YISHUN RING RD","10 TO 12",84,"Simplified",1988,"67 years 03 months",298000
"2019-10","YISHUN","4 ROOM","430A","YISHUN AVE 11","04 TO 06",92,"Model A",2015,"95 years 02 months",366000
"2019-10","YISHUN","4 ROOM","155","YISHUN ST 11","10 TO 12",98,"New Generation",1985,"64 years 05 months",392000
"2019-10","YISHUN","4 ROOM","334D","YISHUN ST 31","10 TO 12",92,"Model A",2015,"95 years 01 month",415000
"2019-11","ANG MO KIO","3 ROOM","433","ANG MO KIO AVE 10","04 TO 06",67,"New Generation",1979,"58 years 02 months",250000
"2019-11","ANG MO KIO","4 ROOM","202","ANG MO KIO AVE 3","07 TO 09",81,"New Generation",1977,"56 years 05 months",350000
"2019-11","ANG MO KIO","4 ROOM","231","ANG MO KIO AVE 3","01 TO 03",92,"New Generation",1977,"56 years 11 months",355000
"2019-11","BISHAN","5 ROOM","165","BISHAN ST 13","13 TO 15",131,"Improved",1988,"67 years 11 months",755000
"2019-11","BUKIT MERAH","3 ROOM","141","JLN BT MERAH","04 TO 06",67,"New Generation",1979,"58 years 02 months",250000
"2019-11","BUKIT MERAH","3 ROOM","31","TELOK BLANGAH RISE","10 TO 12",70,"Improved",1976,"55 years 06 months",330000
"2019-11","BUKIT MERAH","4 ROOM","48","LENGKOK BAHRU","10 TO 12",84,"Simplified",1986,"65 years 08 months",480000
"2019-11","BUKIT MERAH","5 ROOM","81","REDHILL LANE","19 TO 21",139,"Model A",1996,"76 years",950000
"2019-11","BUKIT PANJANG","4 ROOM","457","SEGAR RD","13 TO 15",93,"Premium Apartment",2012,"92 years 01 month",420000
"2019-11","BUKIT PANJANG","4 ROOM","636B","SENJA RD","22 TO 24",92,"Model A",2015,"95 years 01 month",480000
"2019-11","CENTRAL AREA","4 ROOM","1A","CANTONMENT RD","16 TO 18",93,"Type S1",2011,"90 years 02 months",918000
"2019-11","CHOA CHU KANG","EXECUTIVE","203","CHOA CHU KANG AVE 1","04 TO 06",146,"Maisonette",1989,"68 years 09 months",555000
"2019-11","CLEMENTI","4 ROOM","457","CLEMENTI AVE 3","13 TO 15",86,"Model A",2002,"82 years 01 month",650000
"2019-11","CLEMENTI","4 ROOM","454","CLEMENTI AVE 3","19 TO 21",91,"Model A",2002,"82 years 01 month",705000
"2019-11","HOUGANG","4 ROOM","988C","BUANGKOK GREEN","10 TO 12",93,"Model A",2015,"94 years 04 months",438000
"2019-11","HOUGANG","4 ROOM","470A","UPP SERANGOON CRES","04 TO 06",93,"Model A",2015,"94 years 06 months",440000
"2019-11","HOUGANG","5 ROOM","571","HOUGANG ST 51","07 TO 09",118,"Improved",1997,"76 years 04 months",488000
"2019-11","JURONG EAST","EXECUTIVE","287D","JURONG EAST ST 21","01 TO 03",145,"Maisonette",1998,"77 years 07 months",640000
"2019-11","JURONG WEST","2 ROOM","180B","BOON LAY DR","01 TO 03",47,"Model A",2014,"93 years 06 months",220000
"2019-11","JURONG WEST","3 ROOM","176","BOON LAY DR","10 TO 12",59,"Improved",1978,"57 years 08 months",210000
"2019-11","JURONG WEST","3 ROOM","211","BOON LAY PL","16 TO 18",65,"Improved",1976,"56 years",217000
"2019-11","PUNGGOL","4 ROOM","619A","PUNGGOL DR","04 TO 06",93,"Premium Apartment",2013,"92 years 11 months",422000
"2019-11","PUNGGOL","4 ROOM","603B","PUNGGOL RD","07 TO 09",92,"Model A",2012,"91 years 10 months",455000
"2019-11","QUEENSTOWN","4 ROOM","53","C'WEALTH DR","22 TO 24",88,"Model A",2015,"94 years 03 months",8e+05
"2019-11","SENGKANG","4 ROOM","211C","COMPASSVALE LANE","01 TO 03",93,"Model A",2013,"92 years 04 months",370000
"2019-11","SENGKANG","4 ROOM","448A","SENGKANG WEST WAY","10 TO 12",92,"Model A",2014,"93 years 08 months",389000
"2019-11","SERANGOON","3 ROOM","102","SERANGOON NTH AVE 1","01 TO 03",76,"New Generation",1984,"63 years 11 months",290000
"2019-11","TAMPINES","4 ROOM","520C","TAMPINES CTRL 8","07 TO 09",84,"DBSS",2014,"93 years 07 months",630000
"2019-11","WOODLANDS","4 ROOM","855","WOODLANDS ST 83","01 TO 03",84,"Simplified",1993,"72 years 09 months",283000
"2019-11","WOODLANDS","4 ROOM","171","WOODLANDS ST 11","10 TO 12",93,"New Generation",1985,"65 years 01 month",310000
"2019-11","WOODLANDS","4 ROOM","741","WOODLANDS CIRCLE","07 TO 09",103,"Model A",1997,"76 years 10 months",335000
"2019-11","YISHUN","2 ROOM","424A","YISHUN AVE 11","10 TO 12",47,"Model A",2015,"95 years 01 month",235000
"2019-11","YISHUN","3 ROOM","710","YISHUN AVE 5","01 TO 03",68,"New Generation",1984,"63 years 05 months",245000
"2019-11","YISHUN","4 ROOM","728","YISHUN ST 71","01 TO 03",89,"Simplified",1987,"66 years 02 months",295000
"2019-11","YISHUN","4 ROOM","426B","YISHUN AVE 11","04 TO 06",92,"Model A",2015,"94 years 05 months",378000
"2019-11","YISHUN","4 ROOM","342C","YISHUN RING RD","07 TO 09",93,"Premium Apartment",2016,"95 years 03 months",425000
"2019-11","YISHUN","4 ROOM","347A","YISHUN AVE 11","13 TO 15",92,"DBSS",2013,"92 years 11 months",560000
"2019-12","ANG MO KIO","4 ROOM","441","ANG MO KIO AVE 10","04 TO 06",92,"New Generation",1979,"58 years 01 month",390000
"2019-12","BEDOK","3 ROOM","545","BEDOK NTH ST 3","07 TO 09",68,"New Generation",1980,"59 years 05 months",240000
"2019-12","BEDOK","4 ROOM","52","NEW UPP CHANGI RD","04 TO 06",84,"Improved",1977,"56 years 09 months",318000
"2019-12","BEDOK","5 ROOM","405","BEDOK NTH AVE 3","19 TO 21",118,"Improved",1980,"59 years 07 months",630000
"2019-12","BISHAN","5 ROOM","161","BISHAN ST 13","16 TO 18",131,"Improved",1988,"67 years 07 months",788000
"2019-12","BUKIT MERAH","3 ROOM","26C","JLN MEMBINA","10 TO 12",60,"Model A",2009,"88 years 02 months",450000
"2019-12","BUKIT PANJANG","3 ROOM","232","PENDING RD","01 TO 03",73,"Model A",1987,"66 years 11 months",260000
"2019-12","CENTRAL AREA","5 ROOM","1E","CANTONMENT RD","04 TO 06",105,"Type S2",2011,"90 years 01 month",945888
"2019-12","CHOA CHU KANG","4 ROOM","484","CHOA CHU KANG AVE 5","13 TO 15",100,"Model A",1999,"78 years 06 months",345000
"2019-12","CHOA CHU KANG","5 ROOM","691B","CHOA CHU KANG CRES","10 TO 12",110,"Improved",2003,"82 years 06 months",380000
"2019-12","CHOA CHU KANG","EXECUTIVE","527","CHOA CHU KANG ST 51","04 TO 06",143,"Apartment",1995,"74 years 02 months",430000
"2019-12","CLEMENTI","3 ROOM","329","CLEMENTI AVE 2","01 TO 03",67,"New Generation",1978,"57 years 07 months",278000
"2019-12","CLEMENTI","4 ROOM","716","CLEMENTI WEST ST 2","04 TO 06",91,"New Generation",1981,"60 years 09 months",338000
"2019-12","HOUGANG","2 ROOM","986A","BUANGKOK CRES","01 TO 03",47,"Model A",2012,"91 years 05 months",222000
"2019-12","HOUGANG","4 ROOM","548","HOUGANG ST 51","04 TO 06",103,"Model A",1992,"71 years 10 months",348000
"2019-12","HOUGANG","5 ROOM","580","HOUGANG AVE 4","01 TO 03",120,"Improved",1997,"77 years 01 month",430000
"2019-12","HOUGANG","EXECUTIVE","967","HOUGANG AVE 9","10 TO 12",137,"Apartment",1999,"78 years 09 months",590000
"2019-12","JURONG WEST","4 ROOM","272C","JURONG WEST ST 24","13 TO 15",94,"Premium Apartment",2003,"82 years 10 months",342000
"2019-12","JURONG WEST","4 ROOM","337C","TAH CHING RD","04 TO 06",94,"Model A",2010,"89 years 05 months",378000
"2019-12","JURONG WEST","5 ROOM","703","JURONG WEST ST 71","07 TO 09",136,"Model A",1995,"74 years 08 months",418418
"2019-12","JURONG WEST","5 ROOM","175A","YUNG KUANG RD","19 TO 21",116,"Premium Apartment",2015,"94 years 05 months",585000
"2019-12","JURONG WEST","5 ROOM","180","YUNG SHENG RD","07 TO 09",116,"Improved",2001,"80 years 05 months",460000
"2019-12","KALLANG/WHAMPOA","4 ROOM","12","KG ARANG RD","07 TO 09",123,"New Generation",1982,"61 years 04 months",628000
"2019-12","KALLANG/WHAMPOA","5 ROOM","29","JLN BAHAGIA","07 TO 09",122,"Improved",1987,"66 years 11 months",610000
"2019-12","KALLANG/WHAMPOA","5 ROOM","807","KING GEORGE'S AVE","19 TO 21",115,"Improved",1981,"60 years 09 months",715000
"2019-12","PASIR RIS","3 ROOM","527C","PASIR RIS ST 51","04 TO 06",68,"Model A",2015,"94 years 07 months",370000
"2019-12","PASIR RIS","4 ROOM","428","PASIR RIS DR 6","01 TO 03",114,"Model A",1990,"69 years 01 month",415000
"2019-12","PASIR RIS","5 ROOM","198","PASIR RIS ST 12","07 TO 09",127,"Improved",1993,"72 years 10 months",475000
"2019-12","PUNGGOL","2 ROOM","209C","PUNGGOL PL","04 TO 06",46,"Model A",2014,"94 years",245000
"2019-12","PUNGGOL","4 ROOM","619D","PUNGGOL DR","16 TO 18",93,"Premium Apartment",2013,"92 years 09 months",467000
"2019-12","PUNGGOL","4 ROOM","266B","PUNGGOL WAY","04 TO 06",92,"Model A",2015,"94 years 06 months",480000
"2019-12","PUNGGOL","5 ROOM","259C","PUNGGOL FIELD","10 TO 12",113,"Improved",2016,"95 years 06 months",596000
"2019-12","QUEENSTOWN","5 ROOM","23","GHIM MOH LINK","04 TO 06",113,"Improved",2013,"92 years 04 months",890000
"2019-12","SEMBAWANG","4 ROOM","479","SEMBAWANG DR","04 TO 06",88,"Model A2",2000,"79 years 07 months",3e+05
"2019-12","SENGKANG","4 ROOM","298B","COMPASSVALE ST","04 TO 06",94,"Premium Apartment",2001,"80 years 08 months",359000
"2019-12","TAMPINES","3 ROOM","884","TAMPINES ST 83","10 TO 12",74,"Model A",1988,"67 years 07 months",3e+05
"2019-12","TOA PAYOH","3 ROOM","96","LOR 3 TOA PAYOH","04 TO 06",68,"Improved",1970,"49 years 01 month",268000
"2019-12","TOA PAYOH","3 ROOM","107","POTONG PASIR AVE 1","07 TO 09",74,"Model A",1984,"63 years 07 months",4e+05
"2019-12","WOODLANDS","5 ROOM","681D","WOODLANDS DR 62","13 TO 15",120,"Premium Apartment",2000,"79 years 02 months",425000
"2019-12","WOODLANDS","EXECUTIVE","788E","WOODLANDS CRES","04 TO 06",140,"Apartment",1999,"78 years 02 months",536000
"2019-12","YISHUN","3 ROOM","778","YISHUN AVE 2","01 TO 03",74,"Model A",1989,"68 years 02 months",250000
"2019-12","YISHUN","3 ROOM","139","YISHUN RING RD","07 TO 09",68,"New Generation",1984,"63 years 10 months",250000
"2019-12","YISHUN","4 ROOM","431A","YISHUN AVE 1","07 TO 09",92,"Model A",2015,"94 years 09 months",4e+05
"2019-12","YISHUN","4 ROOM","427","YISHUN AVE 11","01 TO 03",104,"Model A",1988,"67 years 09 months",279000
"2019-12","YISHUN","4 ROOM","766","YISHUN AVE 3","04 TO 06",84,"Simplified",1985,"64 years 08 months",316000
"2019-12","YISHUN","4 ROOM","314","YISHUN RING RD","10 TO 12",105,"Model A",1995,"74 years 02 months",375000
"2019-12","YISHUN","4 ROOM","279","YISHUN ST 22","07 TO 09",84,"Simplified",1985,"64 years 09 months",290000
"2019-12","YISHUN","4 ROOM","505A","YISHUN ST 51","07 TO 09",92,"Model A",2016,"95 years 03 months",408500
"2019-12","YISHUN","5 ROOM","342C","YISHUN RING RD","10 TO 12",113,"Premium Apartment",2016,"95 years 01 month",568888
"2020-01","ANG MO KIO","3 ROOM","126","ANG MO KIO AVE 3","01 TO 03",67,"New Generation",1978,"57 years 09 months",250000
"2020-01","BEDOK","3 ROOM","545","BEDOK NTH ST 3","04 TO 06",82,"New Generation",1980,"59 years 04 months",308888
"2020-01","BUKIT BATOK","3 ROOM","131","BT BATOK WEST AVE 6","10 TO 12",73,"Model A",1984,"64 years",262000
"2020-01","BUKIT BATOK","3 ROOM","135","BT BATOK WEST AVE 6","01 TO 03",68,"New Generation",1984,"63 years 11 months",248000
"2020-01","BUKIT BATOK","4 ROOM","114","BT BATOK WEST AVE 6","01 TO 03",111,"Model A",1984,"63 years 07 months",398000
"2020-01","BUKIT BATOK","5 ROOM","392","BT BATOK WEST AVE 5","22 TO 24",118,"Improved",2004,"83 years 09 months",570000
"2020-01","BUKIT BATOK","5 ROOM","388","BT BATOK WEST AVE 5","10 TO 12",110,"Improved",2005,"84 years",517000
"2020-01","BUKIT BATOK","5 ROOM","110","BT BATOK WEST AVE 6","01 TO 03",132,"Model A",1985,"64 years 01 month",485000
"2020-01","BUKIT PANJANG","4 ROOM","404","FAJAR RD","10 TO 12",104,"Model A",1988,"67 years 09 months",345000
"2020-01","BUKIT PANJANG","5 ROOM","635A","SENJA RD","28 TO 30",112,"Improved",2015,"94 years 09 months",595000
"2020-01","CENTRAL AREA","3 ROOM","668","CHANDER RD","07 TO 09",75,"Model A",1984,"63 years 09 months",368000
"2020-01","CHOA CHU KANG","3 ROOM","111","TECK WHYE LANE","01 TO 03",73,"Model A",1989,"68 years 09 months",245000
"2020-01","CHOA CHU KANG","4 ROOM","443","CHOA CHU KANG AVE 4","01 TO 03",90,"Model A2",1997,"76 years 03 months",311000
"2020-01","GEYLANG","3 ROOM","62","CIRCUIT RD","01 TO 03",56,"Standard",1967,"46 years 01 month",203000
"2020-01","GEYLANG","3 ROOM","3","HAIG RD","07 TO 09",76,"Improved",1976,"55 years 06 months",355000
"2020-01","HOUGANG","4 ROOM","988A","BUANGKOK GREEN","07 TO 09",93,"Model A",2015,"94 years 01 month",440000
"2020-01","HOUGANG","4 ROOM","471B","UPP SERANGOON CRES","04 TO 06",92,"Model A",2015,"94 years 05 months",405000
"2020-01","JURONG EAST","4 ROOM","308","JURONG EAST ST 32","10 TO 12",108,"Model A",1984,"63 years 02 months",375000
"2020-01","JURONG EAST","5 ROOM","220","JURONG EAST ST 21","07 TO 09",118,"Improved",1985,"64 years 03 months",480000
"2020-01","JURONG WEST","3 ROOM","207","BOON LAY PL","07 TO 09",65,"Improved",1976,"55 years 04 months",205000
"2020-01","JURONG WEST","3 ROOM","207","BOON LAY PL","04 TO 06",65,"Improved",1976,"55 years 04 months",2e+05
"2020-01","JURONG WEST","5 ROOM","263","BOON LAY DR","04 TO 06",127,"Improved",1995,"74 years 05 months",425000
"2020-01","JURONG WEST","5 ROOM","661D","JURONG WEST ST 64","01 TO 03",110,"Improved",2001,"80 years 07 months",436800
"2020-01","KALLANG/WHAMPOA","4 ROOM","12","FARRER PK RD","04 TO 06",90,"Model A",2004,"83 years 06 months",616500
"2020-01","KALLANG/WHAMPOA","4 ROOM","113","LOR 3 GEYLANG","01 TO 03",107,"Model A",1989,"68 years 07 months",518000
"2020-01","PASIR RIS","4 ROOM","528B","PASIR RIS ST 51","10 TO 12",93,"Model A",2015,"94 years 06 months",530000
"2020-01","PASIR RIS","EXECUTIVE","580","PASIR RIS ST 53","10 TO 12",147,"Apartment",1995,"74 years 09 months",775000
"2020-01","PUNGGOL","3 ROOM","266C","PUNGGOL WAY","01 TO 03",67,"Model A",2015,"94 years 05 months",3e+05
"2020-01","PUNGGOL","5 ROOM","299","PUNGGOL CTRL","13 TO 15",110,"Premium Apartment",2003,"82 years 09 months",486000
"2020-01","PUNGGOL","5 ROOM","666B","PUNGGOL DR","10 TO 12",113,"Premium Apartment",2016,"95 years 01 month",650000
"2020-01","QUEENSTOWN","3 ROOM","102","C'WEALTH CRES","01 TO 03",64,"Standard",1970,"49 years 06 months",242000
"2020-01","SENGKANG","4 ROOM","406A","FERNVALE RD","07 TO 09",90,"Premium Apartment",2004,"83 years 11 months",366000
"2020-01","SENGKANG","4 ROOM","178C","RIVERVALE CRES","16 TO 18",93,"Model A",2015,"94 years 02 months",408000
"2020-01","SENGKANG","4 ROOM","194","RIVERVALE DR","13 TO 15",91,"Model A",2001,"80 years 04 months",315000
"2020-01","SENGKANG","4 ROOM","432B","SENGKANG WEST WAY","13 TO 15",93,"Model A",2014,"93 years 09 months",438000
"2020-01","SENGKANG","5 ROOM","325C","SENGKANG EAST WAY","04 TO 06",110,"Improved",2003,"82 years 03 months",409000
"2020-01","TAMPINES","3 ROOM","890B","TAMPINES AVE 1","04 TO 06",69,"Model A",2015,"94 years 08 months",385000
"2020-01","TAMPINES","4 ROOM","734","TAMPINES ST 71","07 TO 09",103,"Model A",1997,"76 years 05 months",415000
"2020-01","TAMPINES","4 ROOM","836","TAMPINES ST 82","07 TO 09",105,"Model A",1985,"64 years 03 months",422000
"2020-01","TAMPINES","5 ROOM","720","TAMPINES ST 72","07 TO 09",119,"Improved",1997,"76 years 03 months",495000
"2020-01","TAMPINES","EXECUTIVE","151","TAMPINES ST 12","07 TO 09",150,"Maisonette",1984,"63 years 07 months",780000
"2020-01","WOODLANDS","3 ROOM","24","MARSILING DR","07 TO 09",67,"New Generation",1977,"56 years 05 months",2e+05
"2020-01","WOODLANDS","4 ROOM","202","MARSILING DR","10 TO 12",96,"New Generation",1981,"60 years 05 months",238000
"2020-01","WOODLANDS","4 ROOM","657","WOODLANDS RING RD","01 TO 03",102,"Model A",1998,"77 years 03 months",330000
"2020-01","WOODLANDS","4 ROOM","638","WOODLANDS RING RD","07 TO 09",102,"Model A",1999,"78 years 06 months",360000
"2020-01","WOODLANDS","5 ROOM","690A","WOODLANDS DR 75","04 TO 06",110,"Premium Apartment",2004,"83 years",390000
"2020-01","YISHUN","3 ROOM","774","YISHUN AVE 3","07 TO 09",64,"Simplified",1987,"66 years 02 months",258000
"2020-01","YISHUN","3 ROOM","735","YISHUN ST 72","07 TO 09",67,"New Generation",1985,"64 years 01 month",282000
"2020-01","YISHUN","4 ROOM","452","YISHUN RING RD","01 TO 03",92,"Model A",2012,"91 years 08 months",340000
"2020-01","YISHUN","4 ROOM","504A","YISHUN ST 51","01 TO 03",92,"Model A",2016,"95 years 03 months",350000
"2020-01","YISHUN","5 ROOM","854","YISHUN RING RD","07 TO 09",122,"Improved",1988,"67 years 08 months",498888
"2020-02","ANG MO KIO","5 ROOM","545","ANG MO KIO AVE 10","07 TO 09",118,"Improved",1981,"60 years",530000
"2020-02","BEDOK","3 ROOM","116","BEDOK RESERVOIR RD","04 TO 06",67,"New Generation",1986,"65 years 01 month",280000
"2020-02","BEDOK","4 ROOM","770","BEDOK RESERVOIR VIEW","04 TO 06",105,"Premium Apartment",2000,"79 years 10 months",525000
"2020-02","BISHAN","3 ROOM","176","BISHAN ST 13","04 TO 06",64,"Simplified",1988,"67 years 02 months",380000
"2020-02","BUKIT MERAH","3 ROOM","78","INDUS RD","07 TO 09",65,"Improved",1982,"61 years 07 months",375000
"2020-02","BUKIT MERAH","5 ROOM","119B","KIM TIAN RD","28 TO 30",110,"Improved",2002,"81 years 10 months",824000
"2020-02","BUKIT PANJANG","4 ROOM","505","JELAPANG RD","07 TO 09",100,"Model A",1998,"76 years 11 months",350000
"2020-02","BUKIT PANJANG","5 ROOM","541","BT PANJANG RING RD","10 TO 12",121,"Improved",1999,"78 years 04 months",575000
"2020-02","BUKIT PANJANG","5 ROOM","624","SENJA RD","04 TO 06",110,"Improved",2001,"80 years 10 months",405000
"2020-02","CHOA CHU KANG","5 ROOM","155","JLN TECK WHYE","01 TO 03",122,"Improved",1997,"76 years 10 months",435000
"2020-02","GEYLANG","3 ROOM","67","CIRCUIT RD","04 TO 06",61,"Standard",1969,"48 years",225000
"2020-02","HOUGANG","3 ROOM","470B","UPP SERANGOON CRES","04 TO 06",67,"Model A",2015,"94 years 04 months",330000
"2020-02","HOUGANG","4 ROOM","435","HOUGANG AVE 8","10 TO 12",103,"Model A",1991,"70 years 03 months",435000
"2020-02","HOUGANG","4 ROOM","159","HOUGANG ST 11","10 TO 12",101,"Model A",1998,"76 years 11 months",495000
"2020-02","JURONG WEST","4 ROOM","196B","BOON LAY DR","04 TO 06",93,"Model A",2015,"94 years 02 months",433000
"2020-02","JURONG WEST","4 ROOM","904","JURONG WEST ST 91","10 TO 12",103,"Model A",1988,"67 years 09 months",302000
"2020-02","JURONG WEST","EXECUTIVE","469","JURONG WEST ST 41","04 TO 06",151,"Maisonette",1985,"64 years 03 months",666000
"2020-02","KALLANG/WHAMPOA","3 ROOM","97","GEYLANG BAHRU","07 TO 09",82,"New Generation",1979,"57 years 11 months",378500
"2020-02","PASIR RIS","EXECUTIVE","544","PASIR RIS ST 51","07 TO 09",143,"Apartment",1992,"71 years 10 months",630000
"2020-02","PUNGGOL","4 ROOM","135","EDGEDALE PLAINS","13 TO 15",91,"Premium Apartment",2003,"82 years 09 months",365000
"2020-02","PUNGGOL","4 ROOM","673A","EDGEFIELD PLAINS","01 TO 03",90,"Model A",2015,"94 years 10 months",390000
"2020-02","SENGKANG","4 ROOM","330A","ANCHORVALE ST","13 TO 15",92,"Model A",2015,"94 years 06 months",436000
"2020-02","SENGKANG","5 ROOM","336D","ANCHORVALE CRES","10 TO 12",111,"Premium Apartment",2015,"94 years 10 months",6e+05
"2020-02","SENGKANG","5 ROOM","415A","FERNVALE LINK","19 TO 21",113,"Improved",2016,"94 years 11 months",582888
"2020-02","TAMPINES","3 ROOM","925","TAMPINES ST 91","04 TO 06",73,"Model A",1983,"62 years 11 months",310000
"2020-02","TAMPINES","5 ROOM","167D","SIMEI LANE","07 TO 09",110,"DBSS",2011,"89 years 11 months",795000
"2020-02","TOA PAYOH","4 ROOM","79E","TOA PAYOH CTRL","25 TO 27",76,"Model A",2009,"88 years 02 months",595000
"2020-02","WOODLANDS","4 ROOM","896B","WOODLANDS DR 50","04 TO 06",100,"Model A",1997,"76 years 07 months",350000
"2020-02","WOODLANDS","5 ROOM","689A","WOODLANDS DR 75","10 TO 12",110,"Premium Apartment",2004,"83 years 01 month",380000
"2020-02","WOODLANDS","5 ROOM","414","WOODLANDS ST 41","07 TO 09",128,"Improved",1996,"74 years 11 months",4e+05
"2020-02","YISHUN","4 ROOM","430B","YISHUN AVE 11","04 TO 06",92,"Model A",2015,"94 years 11 months",375000
"2020-02","YISHUN","5 ROOM","315B","YISHUN AVE 9","07 TO 09",112,"Improved",2015,"94 years 08 months",530888
"2020-02","YISHUN","5 ROOM","342C","YISHUN RING RD","01 TO 03",113,"Premium Apartment",2016,"94 years 11 months",510000
"2020-03","ANG MO KIO","3 ROOM","319","ANG MO KIO AVE 1","10 TO 12",73,"New Generation",1977,"56 years 03 months",340000
"2020-03","ANG MO KIO","4 ROOM","649","ANG MO KIO AVE 5","07 TO 09",99,"New Generation",1980,"59 years 08 months",420000
"2020-03","ANG MO KIO","5 ROOM","588B","ANG MO KIO ST 52","28 TO 30",112,"DBSS",2011,"90 years 05 months",9e+05
"2020-03","BEDOK","3 ROOM","39","BEDOK STH RD","07 TO 09",67,"New Generation",1978,"57 years 06 months",260000
"2020-03","BEDOK","3 ROOM","30","NEW UPP CHANGI RD","13 TO 15",65,"Improved",1977,"56 years 02 months",270000
"2020-03","BEDOK","5 ROOM","34","CHAI CHEE AVE","07 TO 09",117,"Standard",1975,"53 years 10 months",520000
"2020-03","BEDOK","EXECUTIVE","145","BEDOK RESERVOIR RD","04 TO 06",149,"Maisonette",1987,"65 years 11 months",675000
"2020-03","BISHAN","5 ROOM","177","BISHAN ST 13","04 TO 06",121,"Improved",1987,"66 years 05 months",665000
"2020-03","BUKIT BATOK","5 ROOM","111","BT BATOK WEST AVE 6","04 TO 06",132,"Model A",1985,"64 years 01 month",488000
"2020-03","BUKIT MERAH","3 ROOM","18","TELOK BLANGAH CRES","13 TO 15",76,"Improved",1975,"54 years 01 month",350000
"2020-03","BUKIT PANJANG","4 ROOM","418","FAJAR RD","10 TO 12",104,"Model A",1989,"67 years 11 months",358000
"2020-03","BUKIT PANJANG","4 ROOM","501","JELAPANG RD","04 TO 06",103,"Model A",1998,"77 years 01 month",345000
"2020-03","BUKIT PANJANG","5 ROOM","539","BT PANJANG RING RD","19 TO 21",121,"Improved",1999,"78 years 03 months",570000
"2020-03","BUKIT PANJANG","5 ROOM","177","LOMPANG RD","16 TO 18",110,"Improved",2001,"80 years 09 months",660000
"2020-03","BUKIT TIMAH","5 ROOM","5","TOH YI DR","13 TO 15",122,"Improved",1989,"68 years 03 months",860000
"2020-03","CHOA CHU KANG","4 ROOM","488A","CHOA CHU KANG AVE 5","10 TO 12",93,"Model A",2016,"95 years 03 months",410000
"2020-03","CHOA CHU KANG","EXECUTIVE","420","CHOA CHU KANG AVE 4","01 TO 03",150,"Apartment",1993,"72 years 04 months",495000
"2020-03","GEYLANG","2 ROOM","66","CIRCUIT RD","07 TO 09",45,"Standard",1967,"45 years 11 months",180000
"2020-03","GEYLANG","3 ROOM","102","ALJUNIED CRES","07 TO 09",67,"New Generation",1978,"56 years 10 months",285000
"2020-03","GEYLANG","EXECUTIVE","326","UBI AVE 1","01 TO 03",146,"Maisonette",1986,"65 years 01 month",605000
"2020-03","HOUGANG","4 ROOM","440","HOUGANG AVE 8","04 TO 06",105,"Model A",1990,"69 years 07 months",380000
"2020-03","HOUGANG","4 ROOM","477B","UPP SERANGOON VIEW","07 TO 09",95,"Premium Apartment",2016,"95 years",535000
"2020-03","JURONG EAST","4 ROOM","280","TOH GUAN RD","13 TO 15",90,"Model A2",1998,"77 years 06 months",475000
"2020-03","JURONG WEST","5 ROOM","662B","JURONG WEST ST 64","04 TO 06",110,"Improved",2001,"80 years 05 months",450000
"2020-03","KALLANG/WHAMPOA","3 ROOM","85","WHAMPOA DR","07 TO 09",65,"Improved",1974,"52 years 10 months",308000
"2020-03","PUNGGOL","2 ROOM","210C","PUNGGOL PL","04 TO 06",46,"Model A",2014,"93 years 09 months",236000
"2020-03","PUNGGOL","4 ROOM","614B","EDGEFIELD PLAINS","10 TO 12",92,"Model A",2012,"91 years 09 months",450000
"2020-03","PUNGGOL","4 ROOM","619A","PUNGGOL DR","10 TO 12",93,"Premium Apartment",2013,"92 years 07 months",456000
"2020-03","PUNGGOL","4 ROOM","261B","PUNGGOL WAY","13 TO 15",93,"Model A",2016,"95 years 04 months",498888
"2020-03","PUNGGOL","5 ROOM","101D","PUNGGOL FIELD","13 TO 15",110,"Improved",2002,"81 years 06 months",455000
"2020-03","PUNGGOL","5 ROOM","128D","PUNGGOL FIELD WALK","13 TO 15",110,"Improved",2003,"82 years 04 months",438000
"2020-03","PUNGGOL","5 ROOM","213B","PUNGGOL WALK","07 TO 09",113,"Improved",2015,"94 years 01 month",570000
"2020-03","SENGKANG","4 ROOM","334C","ANCHORVALE CRES","13 TO 15",92,"Premium Apartment",2015,"94 years 09 months",475000
"2020-03","SENGKANG","4 ROOM","440B","FERNVALE LINK","10 TO 12",92,"Model A",2015,"94 years 04 months",425000
"2020-03","SENGKANG","4 ROOM","430D","FERNVALE LINK","22 TO 24",92,"Model A",2015,"94 years 02 months",450000
"2020-03","SENGKANG","5 ROOM","316B","ANCHORVALE LINK","07 TO 09",110,"Premium Apartment",2003,"82 years 03 months",458000
"2020-03","SENGKANG","5 ROOM","123","RIVERVALE DR","10 TO 12",115,"Improved",1999,"78 years 06 months",420000
"2020-03","SERANGOON","5 ROOM","137","SERANGOON NTH AVE 2","01 TO 03",123,"Improved",1989,"68 years 07 months",573800
"2020-03","TAMPINES","3 ROOM","433","TAMPINES ST 43","10 TO 12",64,"Simplified",1987,"66 years 06 months",312000
"2020-03","TAMPINES","3 ROOM","847","TAMPINES ST 83","01 TO 03",74,"Model A",1987,"66 years 07 months",312000
"2020-03","TOA PAYOH","4 ROOM","122","LOR 2 TOA PAYOH","07 TO 09",100,"Model A",1999,"78 years 09 months",645000
"2020-03","WOODLANDS","3 ROOM","130","MARSILING RISE","07 TO 09",60,"Improved",1985,"63 years 10 months",223000
"2020-03","WOODLANDS","4 ROOM","746","WOODLANDS CIRCLE","07 TO 09",102,"Model A",1998,"76 years 10 months",350000
"2020-03","WOODLANDS","4 ROOM","177","WOODLANDS ST 13","10 TO 12",91,"New Generation",1986,"65 years",325000
"2020-03","WOODLANDS","5 ROOM","786D","WOODLANDS DR 60","07 TO 09",122,"Improved",1997,"76 years 05 months",405000
"2020-03","YISHUN","3 ROOM","781","YISHUN RING RD","04 TO 06",74,"Model A",1988,"67 years 05 months",265000
"2020-03","YISHUN","3 ROOM","148","YISHUN ST 11","01 TO 03",67,"New Generation",1985,"64 years 07 months",266000
"2020-03","YISHUN","4 ROOM","315A","YISHUN AVE 9","01 TO 03",92,"Model A",2015,"94 years 08 months",346000
"2020-03","YISHUN","4 ROOM","315A","YISHUN AVE 9","10 TO 12",92,"Model A",2015,"94 years 07 months",428000
"2020-03","YISHUN","4 ROOM","260","YISHUN ST 22","10 TO 12",84,"Simplified",1985,"64 years 05 months",305000
"2020-04","ANG MO KIO","5 ROOM","402","ANG MO KIO AVE 10","10 TO 12",119,"Improved",1979,"58 years 01 month",525000
"2020-04","BUKIT MERAH","4 ROOM","21","JLN MEMBINA","13 TO 15",90,"Model A",2003,"82 years 06 months",735000
"2020-04","CHOA CHU KANG","5 ROOM","489D","CHOA CHU KANG AVE 5","10 TO 12",113,"Improved",2016,"95 years 03 months",485000
"2020-04","GEYLANG","3 ROOM","4","HAIG RD","10 TO 12",65,"Improved",1976,"55 years 04 months",308000
"2020-04","GEYLANG","5 ROOM","123","PAYA LEBAR WAY","04 TO 06",118,"Improved",1980,"59 years 05 months",588000
"2020-04","PUNGGOL","4 ROOM","613D","PUNGGOL DR","04 TO 06",93,"Model A",2012,"91 years 09 months",440000
"2020-04","YISHUN","3 ROOM","286","YISHUN AVE 6","10 TO 12",74,"Model A",1987,"66 years 04 months",250000
"2020-04","YISHUN","4 ROOM","452","YISHUN RING RD","04 TO 06",92,"Model A",2012,"91 years 05 months",383000
"2020-05","BEDOK","3 ROOM","418","BEDOK NTH AVE 2","04 TO 06",67,"New Generation",1978,"57 years 07 months",3e+05
"2020-05","BEDOK","3 ROOM","40","BEDOK STH RD","01 TO 03",67,"New Generation",1978,"57 years 05 months",244000
"2020-05","HOUGANG","5 ROOM","475D","UPP SERANGOON CRES","10 TO 12",112,"DBSS",2014,"93 years 07 months",740000
"2020-05","TAMPINES","4 ROOM","720","TAMPINES ST 72","07 TO 09",99,"Model A",1997,"76 years 01 month",415000
"2020-05","TAMPINES","5 ROOM","374","TAMPINES ST 34","01 TO 03",123,"Improved",1995,"74 years 05 months",480000
"2020-05","YISHUN","3 ROOM","123","YISHUN ST 11","04 TO 06",68,"New Generation",1985,"64 years 03 months",265000
"2020-05","YISHUN","5 ROOM","332","YISHUN RING RD","10 TO 12",122,"Improved",1988,"67 years 04 months",435000
"2020-05","YISHUN","5 ROOM","505A","YISHUN ST 51","13 TO 15",112,"Improved",2016,"94 years 11 months",540000
"2020-06","ANG MO KIO","3 ROOM","307C","ANG MO KIO AVE 1","13 TO 15",70,"Model A",2012,"91 years 05 months",476000
"2020-06","ANG MO KIO","3 ROOM","468","ANG MO KIO AVE 10","04 TO 06",67,"New Generation",1979,"58 years 07 months",255000
"2020-06","ANG MO KIO","3 ROOM","121","ANG MO KIO AVE 3","01 TO 03",67,"New Generation",1978,"57 years 06 months",250000
"2020-06","ANG MO KIO","3 ROOM","211","ANG MO KIO AVE 3","01 TO 03",67,"New Generation",1977,"55 years 11 months",225000
"2020-06","ANG MO KIO","3 ROOM","586","ANG MO KIO AVE 3","04 TO 06",81,"New Generation",1979,"58 years 01 month",338000
"2020-06","ANG MO KIO","3 ROOM","650","ANG MO KIO ST 61","16 TO 18",67,"Model A",2015,"94 years 08 months",455000
"2020-06","BEDOK","4 ROOM","133","BEDOK NTH AVE 3","10 TO 12",92,"New Generation",1978,"57 years",370000
"2020-06","BEDOK","4 ROOM","136","BEDOK RESERVOIR RD","04 TO 06",88,"Simplified",1988,"67 years 01 month",388000
"2020-06","BEDOK","4 ROOM","119","BEDOK RESERVOIR RD","01 TO 03",98,"New Generation",1985,"64 years 04 months",350000
"2020-06","BEDOK","4 ROOM","51","NEW UPP CHANGI RD","16 TO 18",84,"Improved",1977,"56 years 05 months",362000
"2020-06","BEDOK","5 ROOM","61","NEW UPP CHANGI RD","13 TO 15",118,"Standard",1977,"56 years 03 months",550000
"2020-06","BISHAN","4 ROOM","287","BISHAN ST 24","04 TO 06",107,"Model A",1992,"71 years 04 months",510000
"2020-06","BUKIT BATOK","4 ROOM","395","BT BATOK WEST AVE 5","22 TO 24",92,"Model A",2004,"83 years 04 months",415000
"2020-06","BUKIT MERAH","3 ROOM","20","TELOK BLANGAH CRES","16 TO 18",76,"Improved",1975,"53 years 11 months",335000
"2020-06","BUKIT MERAH","4 ROOM","4B","BOON TIONG RD","07 TO 09",100,"Model A",2005,"84 years 06 months",810000
"2020-06","BUKIT PANJANG","4 ROOM","521","JELAPANG RD","01 TO 03",103,"Model A",1998,"77 years 07 months",320000
"2020-06","BUKIT PANJANG","5 ROOM","546C","SEGAR RD","16 TO 18",112,"Improved",2015,"94 years 02 months",528000
"2020-06","BUKIT PANJANG","EXECUTIVE","155","GANGSA RD","10 TO 12",140,"Apartment",1998,"77 years 07 months",660000
"2020-06","CENTRAL AREA","3 ROOM","271","QUEEN ST","10 TO 12",60,"Improved",1979,"57 years 11 months",405000
"2020-06","CHOA CHU KANG","3 ROOM","490C","CHOA CHU KANG AVE 5","07 TO 09",68,"Model A",2016,"95 years 01 month",307000
"2020-06","CHOA CHU KANG","4 ROOM","487A","CHOA CHU KANG AVE 5","04 TO 06",93,"Model A",2016,"95 years 02 months",428000
"2020-06","CLEMENTI","3 ROOM","607","CLEMENTI WEST ST 1","01 TO 03",67,"New Generation",1979,"58 years 06 months",250000
"2020-06","CLEMENTI","3 ROOM","510","WEST COAST DR","01 TO 03",67,"New Generation",1978,"56 years 08 months",245000
"2020-06","CLEMENTI","4 ROOM","118","CLEMENTI ST 13","07 TO 09",104,"Model A",1984,"63 years 07 months",525000
"2020-06","HOUGANG","4 ROOM","988C","BUANGKOK GREEN","04 TO 06",93,"Model A",2015,"93 years 09 months",425000
"2020-06","HOUGANG","4 ROOM","471A","UPP SERANGOON CRES","10 TO 12",92,"Model A",2015,"94 years 01 month",430000
"2020-06","JURONG WEST","4 ROOM","987C","JURONG WEST ST 93","16 TO 18",93,"Premium Apartment",2006,"85 years 01 month",420000
"2020-06","JURONG WEST","4 ROOM","975","JURONG WEST ST 93","10 TO 12",103,"Model A",1989,"68 years 03 months",333800
"2020-06","JURONG WEST","5 ROOM","426","JURONG WEST AVE 1","01 TO 03",133,"Model A",1985,"64 years 01 month",393888
"2020-06","JURONG WEST","5 ROOM","766","JURONG WEST ST 74","04 TO 06",126,"Improved",1996,"75 years 02 months",405000
"2020-06","JURONG WEST","5 ROOM","826","JURONG WEST ST 81","04 TO 06",121,"Improved",1990,"69 years",357000
"2020-06","KALLANG/WHAMPOA","4 ROOM","96","WHAMPOA DR","16 TO 18",91,"Improved",1974,"52 years 09 months",350000
"2020-06","KALLANG/WHAMPOA","5 ROOM","18","JLN TENTERAM","19 TO 21",105,"Improved",2004,"83 years 04 months",666000
"2020-06","PASIR RIS","4 ROOM","253","PASIR RIS ST 21","04 TO 06",107,"Model A",1993,"72 years 07 months",380000
"2020-06","PASIR RIS","4 ROOM","763","PASIR RIS ST 71","10 TO 12",106,"Model A",1996,"75 years 06 months",410000
"2020-06","PASIR RIS","EXECUTIVE","136","PASIR RIS ST 11","04 TO 06",149,"Apartment",1994,"73 years 05 months",575000
"2020-06","PUNGGOL","2 ROOM","210C","PUNGGOL PL","16 TO 18",46,"Model A",2014,"93 years 07 months",253000
"2020-06","PUNGGOL","5 ROOM","171B","EDGEDALE PLAINS","16 TO 18",110,"Improved",2004,"82 years 09 months",468000
"2020-06","SENGKANG","3 ROOM","334C","ANCHORVALE CRES","04 TO 06",67,"Premium Apartment",2015,"94 years 09 months",320000
"2020-06","SENGKANG","3 ROOM","414A","FERNVALE LINK","19 TO 21",68,"Model A",2016,"94 years 09 months",348000
"2020-06","SENGKANG","4 ROOM","415B","FERNVALE LINK","13 TO 15",93,"Model A",2016,"94 years 07 months",468000
"2020-06","SENGKANG","5 ROOM","257C","COMPASSVALE RD","07 TO 09",110,"Improved",2001,"79 years 08 months",550000
"2020-06","SENGKANG","5 ROOM","405A","FERNVALE LANE","16 TO 18",112,"Premium Apartment",2004,"82 years 10 months",475000
"2020-06","SENGKANG","5 ROOM","440A","FERNVALE LINK","10 TO 12",113,"Improved",2015,"94 years 02 months",564000
"2020-06","TAMPINES","3 ROOM","890A","TAMPINES AVE 1","04 TO 06",69,"Model A",2015,"94 years 05 months",385000
"2020-06","TAMPINES","3 ROOM","285","TAMPINES ST 22","07 TO 09",74,"Model A",1984,"63 years 03 months",308000
"2020-06","TAMPINES","4 ROOM","836","TAMPINES ST 82","10 TO 12",105,"Model A",1985,"64 years",470000
"2020-06","TAMPINES","5 ROOM","523D","TAMPINES CTRL 7","07 TO 09",113,"Improved",2015,"94 years 03 months",665000
"2020-06","TAMPINES","EXECUTIVE","940","TAMPINES AVE 5","04 TO 06",146,"Maisonette",1989,"68 years",675000
"2020-06","TAMPINES","EXECUTIVE","310","TAMPINES ST 32","10 TO 12",153,"Apartment",1993,"72 years 02 months",662000
"2020-06","TAMPINES","EXECUTIVE","863","TAMPINES ST 83","04 TO 06",146,"Maisonette",1988,"66 years 11 months",720000
"2020-06","TOA PAYOH","5 ROOM","145","LOR 2 TOA PAYOH","19 TO 21",110,"Improved",2006,"84 years 09 months",9e+05
"2020-06","WOODLANDS","4 ROOM","615","WOODLANDS AVE 4","04 TO 06",102,"Model A",1998,"77 years 03 months",320000
"2020-06","WOODLANDS","4 ROOM","753","WOODLANDS CIRCLE","01 TO 03",102,"Model A",1997,"76 years 06 months",330000
"2020-06","WOODLANDS","5 ROOM","162","WOODLANDS ST 13","01 TO 03",121,"Improved",1985,"64 years 02 months",385000
"2020-06","WOODLANDS","EXECUTIVE","124","MARSILING RISE","10 TO 12",168,"Apartment",1995,"73 years 11 months",628000
"2020-06","WOODLANDS","EXECUTIVE","683D","WOODLANDS DR 62","04 TO 06",143,"Premium Apartment",2000,"78 years 10 months",5e+05
"2020-06","YISHUN","3 ROOM","108","YISHUN RING RD","07 TO 09",67,"New Generation",1985,"63 years 10 months",260000
"2020-06","YISHUN","4 ROOM","428B","YISHUN AVE 11","04 TO 06",92,"Model A",2015,"93 years 10 months",360000
"2020-06","YISHUN","4 ROOM","853","YISHUN RING RD","07 TO 09",105,"Model A",1988,"66 years 08 months",340000
"2020-06","YISHUN","5 ROOM","809","YISHUN RING RD","04 TO 06",121,"Improved",1987,"66 years",495000
"2020-06","YISHUN","EXECUTIVE","664","YISHUN AVE 4","04 TO 06",181,"Apartment",1992,"71 years 02 months",775000
"2020-06","YISHUN","EXECUTIVE","611","YISHUN ST 61","01 TO 03",142,"Apartment",1987,"66 years 08 months",550000
"2020-07","ANG MO KIO","3 ROOM","559","ANG MO KIO AVE 10","04 TO 06",68,"New Generation",1980,"58 years 06 months",262000
"2020-07","ANG MO KIO","3 ROOM","106","ANG MO KIO AVE 4","04 TO 06",74,"New Generation",1978,"56 years 09 months",338000
"2020-07","ANG MO KIO","3 ROOM","509","ANG MO KIO AVE 8","01 TO 03",67,"New Generation",1980,"58 years 11 months",290000
"2020-07","ANG MO KIO","4 ROOM","465","ANG MO KIO AVE 10","07 TO 09",92,"New Generation",1980,"58 years 08 months",368000
"2020-07","ANG MO KIO","4 ROOM","585","ANG MO KIO AVE 3","01 TO 03",91,"New Generation",1979,"57 years 11 months",398000
"2020-07","ANG MO KIO","4 ROOM","353","ANG MO KIO ST 32","07 TO 09",95,"Model A",2001,"80 years 02 months",535000
"2020-07","ANG MO KIO","5 ROOM","306","ANG MO KIO AVE 1","13 TO 15",123,"Standard",1977,"56 years 01 month",545000
"2020-07","BEDOK","4 ROOM","428","BEDOK NTH RD","10 TO 12",92,"New Generation",1979,"57 years 07 months",418000
"2020-07","BEDOK","4 ROOM","118","BEDOK NTH ST 2","04 TO 06",97,"New Generation",1978,"56 years 08 months",378000
"2020-07","BEDOK","4 ROOM","27","CHAI CHEE RD","04 TO 06",104,"Model A",1993,"71 years 11 months",530000
"2020-07","BEDOK","5 ROOM","112","BEDOK RESERVOIR RD","10 TO 12",123,"Improved",1985,"64 years",464000
"2020-07","BISHAN","4 ROOM","175","BISHAN ST 13","07 TO 09",83,"Simplified",1987,"66 years 02 months",475000
"2020-07","BISHAN","5 ROOM","273B","BISHAN ST 24","13 TO 15",120,"DBSS",2011,"90 years 03 months",1050000
"2020-07","BUKIT BATOK","4 ROOM","321","BT BATOK ST 33","04 TO 06",98,"New Generation",1986,"64 years 09 months",330000
"2020-07","BUKIT BATOK","4 ROOM","337","BT BATOK ST 34","04 TO 06",84,"Simplified",1986,"65 years 03 months",313000
"2020-07","BUKIT MERAH","3 ROOM","10A","BOON TIONG RD","37 TO 39",62,"Model A",2016,"94 years 07 months",685000
"2020-07","BUKIT MERAH","4 ROOM","4","DELTA AVE","07 TO 09",91,"New Generation",1985,"64 years 02 months",636000
"2020-07","BUKIT PANJANG","4 ROOM","449","BT PANJANG RING RD","04 TO 06",101,"Model A",1997,"75 years 11 months",345000
"2020-07","BUKIT PANJANG","4 ROOM","636B","SENJA RD","10 TO 12",92,"Model A",2015,"94 years 04 months",412000
"2020-07","BUKIT PANJANG","5 ROOM","168","PETIR RD","19 TO 21",120,"Improved",1998,"77 years 02 months",645888
"2020-07","BUKIT PANJANG","5 ROOM","635B","SENJA RD","10 TO 12",112,"Improved",2015,"94 years 03 months",562000
"2020-07","BUKIT PANJANG","EXECUTIVE","228","PENDING RD","07 TO 09",144,"Apartment",1988,"66 years 07 months",536000
"2020-07","BUKIT PANJANG","EXECUTIVE","653","SENJA LINK","01 TO 03",130,"Premium Apartment",2001,"80 years 03 months",550000
"2020-07","CENTRAL AREA","4 ROOM","1E","CANTONMENT RD","07 TO 09",93,"Type S1",2011,"89 years 07 months",920000
"2020-07","CLEMENTI","3 ROOM","715","CLEMENTI WEST ST 2","10 TO 12",68,"New Generation",1981,"60 years 02 months",280000
"2020-07","CLEMENTI","4 ROOM","311B","CLEMENTI AVE 4","31 TO 33",80,"DBSS",2014,"93 years 05 months",790000
"2020-07","GEYLANG","4 ROOM","17A","CIRCUIT RD","16 TO 18",93,"Model A",2016,"95 years 04 months",7e+05
"2020-07","HOUGANG","3 ROOM","662","HOUGANG AVE 4","04 TO 06",74,"Model A",1987,"66 years 01 month",286000
"2020-07","HOUGANG","3 ROOM","684","HOUGANG AVE 8","01 TO 03",64,"Simplified",1989,"67 years 11 months",263000
"2020-07","HOUGANG","3 ROOM","684","HOUGANG AVE 8","01 TO 03",64,"Simplified",1989,"67 years 11 months",255000
"2020-07","HOUGANG","EXECUTIVE","431","HOUGANG AVE 6","01 TO 03",154,"Maisonette",1989,"67 years 10 months",740000
"2020-07","JURONG EAST","5 ROOM","63","TEBAN GDNS RD","13 TO 15",115,"Improved",2003,"81 years 11 months",415000
"2020-07","JURONG WEST","3 ROOM","138D","YUAN CHING RD","16 TO 18",67,"DBSS",2014,"93 years 02 months",435000
"2020-07","JURONG WEST","5 ROOM","942","JURONG WEST ST 91","07 TO 09",122,"Improved",1989,"68 years 02 months",373000
"2020-07","JURONG WEST","EXECUTIVE","669A","JURONG WEST ST 64","13 TO 15",130,"Apartment",2000,"79 years",596000
"2020-07","KALLANG/WHAMPOA","3 ROOM","93","GEYLANG BAHRU","07 TO 09",68,"New Generation",1979,"57 years 06 months",330000
"2020-07","PASIR RIS","3 ROOM","527D","PASIR RIS ST 51","07 TO 09",68,"Model A",2015,"94 years 01 month",378000
"2020-07","PASIR RIS","5 ROOM","754","PASIR RIS ST 71","13 TO 15",126,"Improved",1996,"75 years 04 months",515000
"2020-07","PUNGGOL","2 ROOM","210C","PUNGGOL PL","13 TO 15",46,"Model A",2014,"93 years 05 months",230000
"2020-07","PUNGGOL","4 ROOM","173A","PUNGGOL FIELD","16 TO 18",85,"Model A",2003,"82 years 05 months",379000
"2020-07","SEMBAWANG","4 ROOM","316","SEMBAWANG VISTA","07 TO 09",100,"Model A",1999,"77 years 10 months",375000
"2020-07","SEMBAWANG","5 ROOM","509B","WELLINGTON CIRCLE","07 TO 09",110,"Improved",2004,"83 years 01 month",410000
"2020-07","SENGKANG","4 ROOM","332B","ANCHORVALE LINK","07 TO 09",92,"Model A",2015,"94 years",445000
"2020-07","SENGKANG","5 ROOM","335A","ANCHORVALE CRES","01 TO 03",111,"Premium Apartment",2015,"94 years 05 months",590000
"2020-07","SENGKANG","5 ROOM","415B","FERNVALE LINK","10 TO 12",113,"Improved",2016,"94 years 06 months",580000
"2020-07","TAMPINES","5 ROOM","524A","TAMPINES CTRL 7","13 TO 15",113,"Improved",2015,"94 years 01 month",710000
"2020-07","TOA PAYOH","3 ROOM","157","LOR 1 TOA PAYOH","01 TO 03",67,"Improved",1971,"50 years 01 month",260000
"2020-07","TOA PAYOH","4 ROOM","7","LOR 7 TOA PAYOH","07 TO 09",106,"Model A",1998,"77 years 01 month",572000
"2020-07","WOODLANDS","5 ROOM","616","WOODLANDS AVE 4","10 TO 12",122,"Improved",1998,"76 years 10 months",420000
"2020-07","WOODLANDS","5 ROOM","325","WOODLANDS ST 32","01 TO 03",132,"Model A",1995,"73 years 06 months",425000
"2020-07","WOODLANDS","5 ROOM","880","WOODLANDS ST 82","07 TO 09",125,"Improved",1996,"75 years 03 months",398000
"2020-07","WOODLANDS","EXECUTIVE","807","WOODLANDS ST 81","01 TO 03",192,"Apartment",1994,"72 years 07 months",715000
"2020-07","YISHUN","3 ROOM","335A","YISHUN ST 31","13 TO 15",67,"Model A",2015,"94 years 04 months",330000
"2020-07","YISHUN","4 ROOM","504D","YISHUN ST 51","10 TO 12",93,"Model A",2016,"94 years 08 months",420800
"2020-07","YISHUN","5 ROOM","798","YISHUN RING RD","01 TO 03",123,"Improved",1986,"65 years 03 months",461000
"2020-07","YISHUN","EXECUTIVE","614","YISHUN ST 61","04 TO 06",146,"Maisonette",1987,"65 years 10 months",568888
"2020-08","ANG MO KIO","4 ROOM","310B","ANG MO KIO AVE 1","07 TO 09",87,"Model A",2012,"91 years 01 month",660000
"2020-08","ANG MO KIO","4 ROOM","346","ANG MO KIO AVE 3","04 TO 06",98,"New Generation",1978,"56 years 08 months",478000
"2020-08","ANG MO KIO","4 ROOM","596C","ANG MO KIO ST 52","04 TO 06",90,"Model A",2002,"81 years 04 months",590000
"2020-08","BEDOK","3 ROOM","504","BEDOK NTH ST 3","13 TO 15",59,"Improved",1978,"56 years 09 months",232000
"2020-08","BEDOK","3 ROOM","534","BEDOK NTH ST 3","10 TO 12",69,"Improved",1986,"64 years 07 months",3e+05
"2020-08","BEDOK","3 ROOM","540","BEDOK NTH ST 3","07 TO 09",68,"New Generation",1980,"58 years 10 months",257000
"2020-08","BEDOK","3 ROOM","712","BEDOK RESERVOIR RD","01 TO 03",82,"New Generation",1981,"59 years 11 months",3e+05
"2020-08","BEDOK","3 ROOM","29","NEW UPP CHANGI RD","01 TO 03",65,"Improved",1977,"55 years 10 months",270000
"2020-08","BEDOK","4 ROOM","219C","BEDOK CTRL","16 TO 18",97,"Model A",2010,"88 years 10 months",735000
"2020-08","BEDOK","4 ROOM","115","LENGKONG TIGA","04 TO 06",104,"Model A",1989,"67 years 10 months",620000
"2020-08","BISHAN","4 ROOM","455","SIN MING AVE","01 TO 03",105,"Model A",1990,"68 years 06 months",506000
"2020-08","BUKIT BATOK","5 ROOM","202","BT BATOK ST 21","13 TO 15",149,"Model A",1985,"64 years",6e+05
"2020-08","BUKIT MERAH","3 ROOM","129","BT MERAH VIEW","13 TO 15",76,"Improved",1973,"51 years 11 months",388000
"2020-08","BUKIT MERAH","3 ROOM","11","CANTONMENT CL","04 TO 06",60,"Model A",2002,"81 years 04 months",525000
"2020-08","BUKIT PANJANG","4 ROOM","170","GANGSA RD","01 TO 03",101,"Model A",1997,"76 years 05 months",427000
"2020-08","BUKIT PANJANG","4 ROOM","633B","SENJA RD","04 TO 06",93,"Model A",2013,"92 years 04 months",420000
"2020-08","BUKIT PANJANG","5 ROOM","406","FAJAR RD","04 TO 06",122,"Improved",1989,"67 years 05 months",422000
"2020-08","BUKIT PANJANG","5 ROOM","635B","SENJA RD","13 TO 15",112,"Improved",2015,"94 years 03 months",565000
"2020-08","CHOA CHU KANG","4 ROOM","11","TECK WHYE LANE","01 TO 03",99,"New Generation",1978,"56 years 10 months",320000
"2020-08","CHOA CHU KANG","5 ROOM","661","CHOA CHU KANG CRES","01 TO 03",122,"Premium Apartment",1999,"77 years 08 months",410000
"2020-08","CLEMENTI","3 ROOM","304","CLEMENTI AVE 4","04 TO 06",67,"New Generation",1979,"57 years 07 months",305000
"2020-08","CLEMENTI","3 ROOM","506","WEST COAST DR","07 TO 09",67,"New Generation",1978,"57 years",266000
"2020-08","CLEMENTI","5 ROOM","425","CLEMENTI AVE 1","22 TO 24",113,"Improved",2013,"92 years 01 month",880000
"2020-08","GEYLANG","3 ROOM","62","CIRCUIT RD","07 TO 09",67,"Standard",1967,"45 years 06 months",262000
"2020-08","HOUGANG","4 ROOM","570","HOUGANG ST 51","04 TO 06",100,"Model A",1997,"75 years 10 months",370000
"2020-08","HOUGANG","4 ROOM","134","LOR AH SOO","04 TO 06",103,"Model A",1984,"62 years 07 months",365000
"2020-08","HOUGANG","5 ROOM","980D","BUANGKOK CRES","07 TO 09",110,"Improved",2003,"81 years 10 months",395000
"2020-08","HOUGANG","5 ROOM","653","HOUGANG AVE 8","01 TO 03",120,"Improved",1987,"66 years 04 months",436000
"2020-08","JURONG EAST","3 ROOM","102","JURONG EAST ST 13","04 TO 06",68,"New Generation",1982,"60 years 09 months",328000
"2020-08","JURONG EAST","3 ROOM","35","TEBAN GDNS RD","01 TO 03",77,"Improved",1977,"55 years 10 months",250000
"2020-08","JURONG EAST","5 ROOM","310","JURONG EAST ST 32","07 TO 09",135,"Model A",1985,"63 years 07 months",448000
"2020-08","JURONG WEST","5 ROOM","811","JURONG WEST ST 81","13 TO 15",127,"Improved",1993,"72 years 04 months",408000
"2020-08","JURONG WEST","EXECUTIVE","687","JURONG WEST CTRL 1","04 TO 06",139,"Premium Apartment",1998,"76 years 09 months",590000
"2020-08","KALLANG/WHAMPOA","3 ROOM","32","JLN BAHAGIA","01 TO 03",53,"Standard",1971,"49 years 06 months",215000
"2020-08","KALLANG/WHAMPOA","5 ROOM","115","WHAMPOA RD","04 TO 06",132,"Model A",1994,"72 years 05 months",628000
"2020-08","MARINE PARADE","3 ROOM","47","MARINE CRES","01 TO 03",65,"Improved",1975,"53 years 11 months",3e+05
"2020-08","PASIR RIS","5 ROOM","635","PASIR RIS DR 1","10 TO 12",123,"Improved",1995,"73 years 11 months",490000
"2020-08","PASIR RIS","EXECUTIVE","248","PASIR RIS ST 21","04 TO 06",146,"Apartment",1993,"72 years",565000
"2020-08","PUNGGOL","3 ROOM","664A","PUNGGOL DR","10 TO 12",65,"Model A",2016,"94 years 10 months",345000
"2020-08","PUNGGOL","4 ROOM","624A","PUNGGOL CTRL","07 TO 09",94,"Model A",2014,"92 years 08 months",455000
"2020-08","PUNGGOL","4 ROOM","678A","PUNGGOL DR","13 TO 15",93,"Premium Apartment",2016,"95 years 01 month",480000
"2020-08","PUNGGOL","4 ROOM","168A","PUNGGOL EAST","16 TO 18",92,"Premium Apartment",2009,"87 years 08 months",475000
"2020-08","PUNGGOL","4 ROOM","289C","PUNGGOL PL","13 TO 15",96,"Premium Apartment",2013,"91 years 08 months",542000
"2020-08","QUEENSTOWN","2 ROOM","83","C'WEALTH CL","04 TO 06",46,"Standard",1967,"45 years 05 months",190000
"2020-08","SEMBAWANG","2 ROOM","513","WELLINGTON CIRCLE","04 TO 06",40,"Model A",2011,"89 years 09 months",201300
"2020-08","SEMBAWANG","4 ROOM","477","SEMBAWANG DR","04 TO 06",88,"Model A2",2000,"78 years 11 months",310000
"2020-08","SENGKANG","4 ROOM","333D","ANCHORVALE LINK","04 TO 06",92,"Model A",2015,"93 years 10 months",480000
"2020-08","SENGKANG","4 ROOM","317A","ANCHORVALE RD","07 TO 09",92,"Premium Apartment",2003,"81 years 11 months",388888
"2020-08","SENGKANG","4 ROOM","440B","FERNVALE LINK","07 TO 09",92,"Model A",2015,"94 years",410000
"2020-08","SENGKANG","4 ROOM","415A","FERNVALE LINK","07 TO 09",93,"Model A",2016,"94 years 05 months",426000
"2020-08","SENGKANG","5 ROOM","312B","ANCHORVALE LANE","04 TO 06",111,"Premium Apartment",2002,"81 years 03 months",402000
"2020-08","SENGKANG","5 ROOM","404B","FERNVALE LANE","22 TO 24",112,"Premium Apartment",2004,"82 years 09 months",462500
"2020-08","SENGKANG","EXECUTIVE","312A","ANCHORVALE LANE","07 TO 09",127,"Premium Apartment",2002,"81 years 03 months",508000
"2020-08","SERANGOON","4 ROOM","144","SERANGOON NTH AVE 1","04 TO 06",84,"Simplified",1987,"65 years 11 months",335000
"2020-08","SERANGOON","4 ROOM","548","SERANGOON NTH AVE 3","04 TO 06",100,"Model A",1998,"76 years 05 months",392000
"2020-08","TAMPINES","3 ROOM","875","TAMPINES ST 84","04 TO 06",74,"Model A",1988,"66 years 11 months",318000
"2020-08","TAMPINES","4 ROOM","868A","TAMPINES AVE 8","16 TO 18",92,"Model A",2015,"93 years 10 months",538000
"2020-08","TAMPINES","4 ROOM","519B","TAMPINES CTRL 8","10 TO 12",84,"DBSS",2014,"92 years 11 months",633888
"2020-08","TAMPINES","5 ROOM","485A","TAMPINES AVE 9","04 TO 06",124,"Improved",1993,"72 years 01 month",486000
"2020-08","TAMPINES","5 ROOM","873","TAMPINES ST 84","10 TO 12",121,"Improved",1988,"67 years 04 months",520000
"2020-08","TOA PAYOH","4 ROOM","80","LOR 4 TOA PAYOH","10 TO 12",103,"Model A",1996,"75 years 01 month",660000
"2020-08","WOODLANDS","4 ROOM","23","MARSILING DR","01 TO 03",92,"New Generation",1977,"56 years 04 months",256000
"2020-08","WOODLANDS","4 ROOM","727","WOODLANDS CIRCLE","01 TO 03",103,"Model A",1997,"75 years 10 months",352000
"2020-08","WOODLANDS","4 ROOM","317","WOODLANDS ST 31","10 TO 12",103,"Model A",1993,"71 years 10 months",355000
"2020-08","WOODLANDS","5 ROOM","9","MARSILING DR","19 TO 21",117,"Standard",1976,"54 years 06 months",354000
"2020-08","WOODLANDS","5 ROOM","36","MARSILING DR","10 TO 12",124,"Standard",1978,"56 years 08 months",325000
"2020-08","WOODLANDS","EXECUTIVE","356","WOODLANDS AVE 5","10 TO 12",142,"Apartment",1996,"75 years",585000
"2020-08","WOODLANDS","EXECUTIVE","808","WOODLANDS ST 81","04 TO 06",189,"Apartment",1994,"72 years 05 months",760000
"2020-08","YISHUN","3 ROOM","424C","YISHUN AVE 11","10 TO 12",67,"Model A",2015,"94 years 05 months",325000
"2020-08","YISHUN","3 ROOM","114","YISHUN RING RD","07 TO 09",74,"Model A",1983,"61 years 11 months",256000
"2020-09","ANG MO KIO","3 ROOM","128","ANG MO KIO AVE 3","04 TO 06",67,"New Generation",1978,"57 years 01 month",260000
"2020-09","ANG MO KIO","4 ROOM","304","ANG MO KIO AVE 1","01 TO 03",97,"New Generation",1977,"55 years 06 months",365000
"2020-09","BEDOK","3 ROOM","522","BEDOK NTH AVE 1","10 TO 12",67,"New Generation",1979,"58 years 01 month",285000
"2020-09","BEDOK","4 ROOM","79","BEDOK NTH RD","10 TO 12",91,"New Generation",1978,"56 years 09 months",364000
"2020-09","BEDOK","4 ROOM","808A","CHAI CHEE RD","13 TO 15",93,"Model A",2016,"95 years 03 months",675000
"2020-09","BEDOK","5 ROOM","413","BEDOK NTH AVE 2","04 TO 06",119,"Improved",1979,"57 years 09 months",550000
"2020-09","BUKIT BATOK","3 ROOM","411","BT BATOK WEST AVE 4","04 TO 06",73,"Model A",1986,"64 years 06 months",260000
"2020-09","BUKIT BATOK","4 ROOM","291C","BT BATOK ST 24","16 TO 18",102,"Model A",1998,"76 years 06 months",428000
"2020-09","BUKIT PANJANG","4 ROOM","548A","SEGAR RD","01 TO 03",92,"Model A",2015,"94 years 04 months",405000
"2020-09","BUKIT PANJANG","4 ROOM","455","SEGAR RD","10 TO 12",93,"Premium Apartment",2012,"91 years 02 months",428888
"2020-09","BUKIT PANJANG","5 ROOM","533","BT PANJANG RING RD","19 TO 21",122,"Improved",1999,"77 years 09 months",595000
"2020-09","BUKIT PANJANG","EXECUTIVE","124","PENDING RD","10 TO 12",144,"Apartment",1988,"66 years 05 months",595000
"2020-09","CENTRAL AREA","5 ROOM","1C","CANTONMENT RD","04 TO 06",105,"Type S2",2011,"89 years 04 months",928000
"2020-09","CHOA CHU KANG","2 ROOM","166A","TECK WHYE CRES","07 TO 09",47,"Model A",2015,"93 years 06 months",218000
"2020-09","CHOA CHU KANG","4 ROOM","487B","CHOA CHU KANG AVE 5","13 TO 15",93,"Model A",2016,"94 years 10 months",430000
"2020-09","CLEMENTI","4 ROOM","440B","CLEMENTI AVE 3","31 TO 33",94,"Model A",2018,"97 years",848800
"2020-09","HOUGANG","4 ROOM","980D","BUANGKOK CRES","16 TO 18",90,"Model A",2003,"81 years 09 months",370000
"2020-09","HOUGANG","4 ROOM","156","HOUGANG ST 11","04 TO 06",98,"New Generation",1984,"63 years 04 months",390000
"2020-09","HOUGANG","5 ROOM","16","HOUGANG AVE 3","07 TO 09",120,"Standard",1975,"54 years 02 months",420000
"2020-09","HOUGANG","5 ROOM","245","HOUGANG ST 22","13 TO 15",121,"Improved",1984,"63 years 03 months",478000
"2020-09","JURONG EAST","4 ROOM","275","TOH GUAN RD","04 TO 06",90,"Model A2",1998,"77 years 01 month",420000
"2020-09","JURONG WEST","3 ROOM","120","HO CHING RD","07 TO 09",67,"Improved",1972,"50 years 04 months",245000
"2020-09","JURONG WEST","4 ROOM","673A","JURONG WEST ST 65","01 TO 03",86,"Model A2",2002,"81 years 01 month",314000
"2020-09","JURONG WEST","4 ROOM","836","JURONG WEST ST 81","13 TO 15",109,"Model A",1993,"71 years 09 months",360000
"2020-09","JURONG WEST","5 ROOM","625","JURONG WEST ST 61","10 TO 12",110,"Improved",2001,"79 years 06 months",460000
"2020-09","JURONG WEST","5 ROOM","667B","JURONG WEST ST 65","01 TO 03",110,"Improved",2000,"78 years 10 months",420000
"2020-09","MARINE PARADE","4 ROOM","45","MARINE CRES","13 TO 15",88,"Improved",1975,"53 years 08 months",478000
"2020-09","PASIR RIS","4 ROOM","526D","PASIR RIS ST 51","04 TO 06",93,"Model A",2015,"93 years 10 months",5e+05
"2020-09","PASIR RIS","5 ROOM","528B","PASIR RIS ST 51","07 TO 09",113,"Improved",2015,"93 years 10 months",630000
"2020-09","PASIR RIS","EXECUTIVE","236","PASIR RIS ST 21","04 TO 06",148,"Apartment",1993,"71 years 11 months",6e+05
"2020-09","PUNGGOL","4 ROOM","312B","SUMANG LINK","07 TO 09",92,"Model A",2015,"93 years 10 months",510000
"2020-09","PUNGGOL","5 ROOM","135","EDGEDALE PLAINS","13 TO 15",111,"Premium Apartment",2003,"82 years 03 months",402000
"2020-09","PUNGGOL","5 ROOM","293","PUNGGOL CTRL","10 TO 12",110,"Premium Apartment",2003,"82 years 03 months",485000
"2020-09","PUNGGOL","5 ROOM","128D","PUNGGOL FIELD WALK","04 TO 06",110,"Improved",2003,"81 years 10 months",415888
"2020-09","PUNGGOL","5 ROOM","213B","PUNGGOL WALK","13 TO 15",113,"Improved",2015,"93 years 08 months",545000
"2020-09","QUEENSTOWN","3 ROOM","90","C'WEALTH DR","07 TO 09",60,"Standard",1967,"45 years 05 months",245000
"2020-09","QUEENSTOWN","4 ROOM","50","C'WEALTH DR","19 TO 21",88,"Model A",2015,"93 years 05 months",766000
"2020-09","SEMBAWANG","4 ROOM","504C","CANBERRA LINK","10 TO 12",90,"Model A",2001,"80 years",365000
"2020-09","SEMBAWANG","5 ROOM","424","CANBERRA RD","07 TO 09",110,"Improved",2001,"79 years 07 months",399000
"2020-09","SENGKANG","4 ROOM","472B","FERNVALE ST","22 TO 24",93,"Model A",2016,"95 years 01 month",459000
"2020-09","SENGKANG","4 ROOM","439A","SENGKANG WEST AVE","16 TO 18",94,"Model A",2011,"89 years 06 months",438000
"2020-09","SENGKANG","5 ROOM","157C","RIVERVALE CRES","16 TO 18",110,"Premium Apartment",2003,"82 years 01 month",448000
"2020-09","TAMPINES","3 ROOM","520C","TAMPINES CTRL 8","04 TO 06",62,"DBSS",2014,"92 years 09 months",480000
"2020-09","TAMPINES","4 ROOM","263","TAMPINES ST 21","10 TO 12",103,"Model A",1984,"63 years",451000
"2020-09","TAMPINES","4 ROOM","247","TAMPINES ST 21","01 TO 03",91,"New Generation",1984,"62 years 07 months",425000
"2020-09","TAMPINES","5 ROOM","518C","TAMPINES CTRL 7","13 TO 15",107,"DBSS",2008,"87 years 04 months",745000
"2020-09","TOA PAYOH","3 ROOM","12","LOR 7 TOA PAYOH","04 TO 06",66,"Improved",1970,"48 years 10 months",220000
"2020-09","TOA PAYOH","4 ROOM","144","LOR 2 TOA PAYOH","13 TO 15",91,"Model A",2002,"81 years",686000
"2020-09","WOODLANDS","5 ROOM","578","WOODLANDS DR 16","01 TO 03",110,"Improved",2000,"79 years 02 months",385000
"2020-09","WOODLANDS","5 ROOM","672","WOODLANDS DR 71","04 TO 06",110,"Improved",2000,"79 years 02 months",465000
"2020-09","WOODLANDS","5 ROOM","401","WOODLANDS ST 41","07 TO 09",126,"Improved",1995,"74 years 03 months",473000
"2020-09","YISHUN","3 ROOM","138","YISHUN RING RD","01 TO 03",68,"New Generation",1984,"63 years 01 month",265000
"2020-09","YISHUN","3 ROOM","146","YISHUN ST 11","10 TO 12",67,"New Generation",1985,"63 years 07 months",3e+05
"2020-09","YISHUN","3 ROOM","121","YISHUN ST 11","04 TO 06",67,"New Generation",1984,"63 years 03 months",250000
"2020-09","YISHUN","4 ROOM","250","YISHUN AVE 9","07 TO 09",84,"Simplified",1985,"63 years 08 months",295000
"2020-09","YISHUN","4 ROOM","140","YISHUN RING RD","01 TO 03",96,"New Generation",1985,"63 years 07 months",340000
"2020-09","YISHUN","4 ROOM","214","YISHUN ST 21","04 TO 06",92,"New Generation",1985,"63 years 04 months",365000
"2020-10","BEDOK","3 ROOM","423","BEDOK NTH AVE 1","01 TO 03",67,"New Generation",1979,"57 years 04 months",298000
"2020-10","BEDOK","3 ROOM","27","NEW UPP CHANGI RD","10 TO 12",74,"Improved",1982,"60 years 11 months",330000
"2020-10","BEDOK","4 ROOM","103","BEDOK RESERVOIR RD","04 TO 06",91,"New Generation",1985,"63 years 08 months",375888
"2020-10","BEDOK","4 ROOM","808B","CHAI CHEE RD","13 TO 15",93,"Model A",2016,"95 years 02 months",638000
"2020-10","BISHAN","3 ROOM","23","SIN MING RD","10 TO 12",65,"Improved",1973,"52 years 01 month",268000
"2020-10","BISHAN","5 ROOM","101","BISHAN ST 12","19 TO 21",121,"Improved",1987,"65 years 03 months",768000
"2020-10","BUKIT BATOK","4 ROOM","391","BT BATOK WEST AVE 5","01 TO 03",92,"Model A",2004,"83 years",368000
"2020-10","BUKIT BATOK","EXECUTIVE","221","BT BATOK EAST AVE 3","07 TO 09",149,"Maisonette",1985,"63 years 09 months",590000
"2020-10","BUKIT MERAH","5 ROOM","8B","BOON TIONG RD","13 TO 15",115,"Improved",2005,"84 years 01 month",958000
"2020-10","BUKIT PANJANG","EXECUTIVE","528","JELAPANG RD","04 TO 06",143,"Maisonette",1999,"77 years 04 months",630000
"2020-10","CLEMENTI","4 ROOM","345","CLEMENTI AVE 5","07 TO 09",92,"New Generation",1979,"57 years 05 months",449000
"2020-10","HOUGANG","3 ROOM","20","HOUGANG AVE 3","01 TO 03",73,"New Generation",1978,"56 years 07 months",276000
"2020-10","HOUGANG","5 ROOM","408","HOUGANG AVE 10","04 TO 06",121,"Improved",1986,"64 years 07 months",560000
"2020-10","JURONG WEST","2 ROOM","180A","BOON LAY DR","13 TO 15",47,"Model A",2014,"92 years 08 months",235000
"2020-10","JURONG WEST","5 ROOM","648A","JURONG WEST ST 61","01 TO 03",110,"Improved",2001,"79 years 07 months",475000
"2020-10","JURONG WEST","5 ROOM","661B","JURONG WEST ST 64","04 TO 06",110,"Improved",2001,"79 years 11 months",512888
"2020-10","KALLANG/WHAMPOA","5 ROOM","102","JLN DUSUN","07 TO 09",118,"Improved",1981,"60 years 02 months",565000
"2020-10","PASIR RIS","4 ROOM","530A","PASIR RIS DR 1","07 TO 09",86,"DBSS",2015,"93 years 07 months",660000
"2020-10","PASIR RIS","4 ROOM","421","PASIR RIS DR 6","01 TO 03",105,"Model A",1989,"67 years 09 months",410000
"2020-10","PASIR RIS","5 ROOM","753","PASIR RIS ST 71","07 TO 09",128,"Improved",1996,"75 years 01 month",512800
"2020-10","PASIR RIS","EXECUTIVE","239","PASIR RIS ST 21","01 TO 03",147,"Apartment",1993,"71 years 10 months",520000
"2020-10","PUNGGOL","4 ROOM","672D","EDGEFIELD PLAINS","04 TO 06",90,"Model A",2015,"94 years 03 months",415000
"2020-10","PUNGGOL","4 ROOM","677A","PUNGGOL DR","07 TO 09",93,"Premium Apartment",2016,"95 years",490000
"2020-10","PUNGGOL","EXECUTIVE","116","EDGEFIELD PLAINS","16 TO 18",130,"Premium Apartment",2003,"81 years 08 months",560000
"2020-10","QUEENSTOWN","4 ROOM","58","STRATHMORE AVE","28 TO 30",96,"Model A",2000,"79 years 01 month",735000
"2020-10","QUEENSTOWN","5 ROOM","13","DOVER CL EAST","19 TO 21",117,"Standard",1978,"56 years 03 months",8e+05
"2020-10","SEMBAWANG","EXECUTIVE","468D","ADMIRALTY DR","07 TO 09",137,"Premium Apartment",2001,"79 years 07 months",472800
"2020-10","SENGKANG","3 ROOM","279C","SENGKANG EAST AVE","01 TO 03",67,"Premium Apartment",2015,"93 years 11 months",373000
"2020-10","SENGKANG","4 ROOM","440B","FERNVALE LINK","07 TO 09",92,"Model A",2015,"93 years 09 months",425888
"2020-10","SENGKANG","4 ROOM","453C","FERNVALE RD","22 TO 24",92,"Model A",2015,"93 years 09 months",462500
"2020-10","SENGKANG","4 ROOM","272D","SENGKANG CTRL","04 TO 06",90,"Premium Apartment",2009,"88 years 02 months",565000
"2020-10","SENGKANG","4 ROOM","280B","SENGKANG EAST AVE","10 TO 12",92,"Premium Apartment",2015,"93 years 11 months",580000
"2020-10","SENGKANG","5 ROOM","318B","ANCHORVALE LINK","13 TO 15",110,"Premium Apartment",2003,"81 years 09 months",468000
"2020-10","SENGKANG","5 ROOM","472C","FERNVALE ST","01 TO 03",113,"Improved",2016,"95 years",488000
"2020-10","SERANGOON","3 ROOM","223","SERANGOON AVE 4","07 TO 09",67,"New Generation",1984,"63 years 03 months",308000
"2020-10","SERANGOON","4 ROOM","331","SERANGOON AVE 3","07 TO 09",84,"Simplified",1986,"64 years 08 months",530000
"2020-10","SERANGOON","4 ROOM","416","SERANGOON CTRL","07 TO 09",113,"Model A",1989,"67 years 08 months",650000
"2020-10","TAMPINES","3 ROOM","164","TAMPINES ST 12","01 TO 03",74,"Model A",1984,"63 years 01 month",330000
"2020-10","TAMPINES","3 ROOM","269","TAMPINES ST 21","04 TO 06",79,"Model A",1984,"62 years 06 months",350000
"2020-10","TAMPINES","3 ROOM","883","TAMPINES ST 84","04 TO 06",74,"Model A",1988,"66 years 08 months",333000
"2020-10","TAMPINES","4 ROOM","367","TAMPINES ST 34","07 TO 09",100,"Model A",1997,"75 years 07 months",425000
"2020-10","TAMPINES","5 ROOM","922","TAMPINES ST 91","13 TO 15",133,"Model A",1984,"62 years 10 months",585000
"2020-10","TAMPINES","EXECUTIVE","105","SIMEI ST 1","01 TO 03",146,"Maisonette",1988,"66 years 05 months",682000
"2020-10","WOODLANDS","3 ROOM","780A","WOODLANDS CRES","16 TO 18",67,"Model A",2015,"93 years 09 months",328000
"2020-10","WOODLANDS","4 ROOM","780E","WOODLANDS CRES","07 TO 09",92,"Model A",2015,"93 years 10 months",4e+05
"2020-10","WOODLANDS","EXECUTIVE","420","WOODLANDS ST 41","10 TO 12",177,"Apartment",1995,"74 years 01 month",7e+05
"2020-10","YISHUN","3 ROOM","348A","YISHUN AVE 11","10 TO 12",67,"DBSS",2013,"92 years",451000
"2020-10","YISHUN","3 ROOM","862","YISHUN AVE 4","01 TO 03",74,"Model A",1988,"66 years 10 months",280000
"2020-10","YISHUN","3 ROOM","397","YISHUN AVE 6","01 TO 03",73,"Model A",1989,"67 years 04 months",252000
"2020-10","YISHUN","3 ROOM","504A","YISHUN ST 51","10 TO 12",68,"Model A",2016,"94 years 06 months",320000
"2020-10","YISHUN","3 ROOM","825","YISHUN ST 81","10 TO 12",73,"Model A",1988,"67 years 01 month",3e+05
"2020-10","YISHUN","5 ROOM","240","YISHUN RING RD","07 TO 09",122,"Improved",1985,"63 years 10 months",430000
"2020-11","ANG MO KIO","3 ROOM","211","ANG MO KIO AVE 3","10 TO 12",81,"New Generation",1977,"55 years 05 months",355000
"2020-11","ANG MO KIO","4 ROOM","307C","ANG MO KIO AVE 1","19 TO 21",88,"Model A",2012,"90 years 10 months",650000
"2020-11","ANG MO KIO","5 ROOM","617","ANG MO KIO AVE 4","01 TO 03",130,"Model A",1996,"74 years 07 months",690000
"2020-11","BEDOK","4 ROOM","524","BEDOK NTH ST 3","04 TO 06",92,"New Generation",1979,"57 years 09 months",345000
"2020-11","BEDOK","4 ROOM","148","BEDOK RESERVOIR RD","01 TO 03",84,"Simplified",1987,"65 years 05 months",343000
"2020-11","BISHAN","3 ROOM","150A","BISHAN ST 11","01 TO 03",64,"Simplified",1989,"67 years 03 months",298000
"2020-11","BISHAN","EXECUTIVE","134","BISHAN ST 12","01 TO 03",143,"Maisonette",1986,"65 years 01 month",780000
"2020-11","BUKIT BATOK","3 ROOM","422","BT BATOK WEST AVE 2","10 TO 12",68,"New Generation",1988,"66 years 08 months",292000
"2020-11","BUKIT BATOK","4 ROOM","407","BT BATOK WEST AVE 4","04 TO 06",94,"New Generation",1988,"66 years 06 months",340000
"2020-11","BUKIT BATOK","4 ROOM","394","BT BATOK WEST AVE 5","19 TO 21",92,"Model A",2004,"82 years 11 months",445000
"2020-11","BUKIT MERAH","4 ROOM","115","BT PURMEI RD","10 TO 12",103,"Model A",1985,"63 years 05 months",510000
"2020-11","BUKIT PANJANG","4 ROOM","636B","SENJA RD","04 TO 06",92,"Model A",2015,"94 years 01 month",430000
"2020-11","CHOA CHU KANG","EXECUTIVE","296C","CHOA CHU KANG AVE 2","13 TO 15",141,"Premium Apartment",1999,"77 years 09 months",550000
"2020-11","CLEMENTI","4 ROOM","309","CLEMENTI AVE 4","07 TO 09",92,"New Generation",1980,"58 years 02 months",418000
"2020-11","CLEMENTI","4 ROOM","117","CLEMENTI ST 13","01 TO 03",104,"Model A",1984,"63 years",530000
"2020-11","GEYLANG","3 ROOM","1","HAIG RD","13 TO 15",59,"Improved",1982,"61 years 01 month",318000
"2020-11","GEYLANG","4 ROOM","42","CASSIA CRES","10 TO 12",93,"New Generation",1981,"59 years 09 months",522888
"2020-11","HOUGANG","4 ROOM","701","HOUGANG AVE 2","07 TO 09",91,"New Generation",1985,"64 years",368000
"2020-11","HOUGANG","4 ROOM","18","HOUGANG AVE 3","10 TO 12",92,"New Generation",1978,"56 years 06 months",368000
"2020-11","HOUGANG","EXECUTIVE","960","HOUGANG AVE 9","04 TO 06",137,"Apartment",1999,"77 years 10 months",555000
"2020-11","JURONG EAST","3 ROOM","57","TEBAN GDNS RD","04 TO 06",67,"Model A",2016,"95 years 01 month",338000
"2020-11","JURONG EAST","5 ROOM","307","JURONG EAST ST 32","04 TO 06",133,"Model A",1984,"63 years",460000
"2020-11","JURONG EAST","5 ROOM","278","TOH GUAN RD","16 TO 18",121,"Improved",1998,"77 years",650000
"2020-11","JURONG WEST","3 ROOM","113","TAO CHING RD","07 TO 09",67,"Improved",1971,"49 years 07 months",242000
"2020-11","JURONG WEST","4 ROOM","667D","JURONG WEST ST 65","01 TO 03",90,"Model A",2000,"78 years 07 months",393000
"2020-11","JURONG WEST","5 ROOM","751","JURONG WEST ST 73","01 TO 03",122,"Improved",1992,"71 years 01 month",390000
"2020-11","KALLANG/WHAMPOA","3 ROOM","15","FARRER PK RD","16 TO 18",62,"Model A",2004,"82 years 08 months",470000
"2020-11","KALLANG/WHAMPOA","5 ROOM","104","TOWNER RD","04 TO 06",137,"Model A-Maisonette",1983,"61 years 07 months",8e+05
"2020-11","PASIR RIS","4 ROOM","526A","PASIR RIS ST 51","04 TO 06",93,"Model A",2015,"93 years 08 months",499000
"2020-11","PASIR RIS","5 ROOM","145","PASIR RIS ST 11","04 TO 06",126,"Improved",1994,"72 years 05 months",490000
"2020-11","PUNGGOL","3 ROOM","308C","PUNGGOL WALK","10 TO 12",67,"Premium Apartment",2016,"94 years 05 months",430000
"2020-11","PUNGGOL","4 ROOM","602B","PUNGGOL CTRL","01 TO 03",93,"Model A",2012,"90 years 09 months",375000
"2020-11","PUNGGOL","4 ROOM","665A","PUNGGOL DR","13 TO 15",93,"Premium Apartment",2016,"94 years 04 months",530000
"2020-11","PUNGGOL","4 ROOM","273B","PUNGGOL PL","07 TO 09",94,"Premium Apartment",2013,"91 years 09 months",520000
"2020-11","PUNGGOL","5 ROOM","664A","PUNGGOL DR","04 TO 06",110,"Improved",2016,"94 years 07 months",580000
"2020-11","PUNGGOL","5 ROOM","270C","PUNGGOL FIELD","04 TO 06",113,"Premium Apartment",2013,"91 years 03 months",610000
"2020-11","PUNGGOL","5 ROOM","199C","PUNGGOL FIELD","04 TO 06",110,"Improved",2003,"81 years 09 months",453000
"2020-11","PUNGGOL","5 ROOM","260B","PUNGGOL WAY","04 TO 06",113,"Improved",2016,"94 years 08 months",580000
"2020-11","QUEENSTOWN","4 ROOM","91","TANGLIN HALT RD","04 TO 06",90,"Model A",2008,"86 years 09 months",678000
"2020-11","SENGKANG","4 ROOM","467B","FERNVALE LINK","16 TO 18",93,"Model A",2016,"94 years 10 months",435000
"2020-11","SENGKANG","4 ROOM","272D","SENGKANG CTRL","04 TO 06",90,"Premium Apartment",2009,"88 years 01 month",560000
"2020-11","SENGKANG","5 ROOM","309C","ANCHORVALE RD","07 TO 09",111,"Premium Apartment",2002,"81 years 01 month",415000
"2020-11","SENGKANG","5 ROOM","325C","SENGKANG EAST WAY","01 TO 03",110,"Improved",2003,"81 years 04 months",455000
"2020-11","SERANGOON","4 ROOM","324","SERANGOON AVE 3","07 TO 09",104,"Model A",1986,"64 years 05 months",580000
"2020-11","SERANGOON","5 ROOM","135","SERANGOON NTH AVE 2","10 TO 12",121,"Improved",1989,"67 years 07 months",560000
"2020-11","TAMPINES","4 ROOM","141","TAMPINES ST 12","01 TO 03",107,"Model A",1984,"62 years 11 months",410000
"2020-11","TAMPINES","4 ROOM","230C","TAMPINES ST 24","04 TO 06",107,"Model A",1993,"71 years 09 months",445000
"2020-11","TAMPINES","5 ROOM","156","SIMEI RD","04 TO 06",122,"Improved",1989,"67 years 05 months",490000
"2020-11","TAMPINES","EXECUTIVE","308","TAMPINES ST 32","04 TO 06",142,"Apartment",1993,"71 years 09 months",635000
"2020-11","TOA PAYOH","3 ROOM","70","LOR 4 TOA PAYOH","01 TO 03",64,"Standard",1969,"47 years 02 months",265000
"2020-11","TOA PAYOH","3 ROOM","1","LOR 7 TOA PAYOH","04 TO 06",67,"Improved",1969,"47 years 07 months",265000
"2020-11","WOODLANDS","4 ROOM","751","WOODLANDS CIRCLE","01 TO 03",103,"Model A",1998,"76 years 03 months",370000
"2020-11","WOODLANDS","4 ROOM","704","WOODLANDS DR 40","01 TO 03",102,"Model A",1996,"75 years",370000
"2020-11","WOODLANDS","4 ROOM","889C","WOODLANDS DR 50","04 TO 06",93,"Model A",2017,"95 years 08 months",420000
"2020-11","YISHUN","3 ROOM","745","YISHUN ST 72","07 TO 09",67,"New Generation",1985,"63 years 03 months",350000
"2020-11","YISHUN","4 ROOM","429A","YISHUN AVE 11","04 TO 06",92,"Model A",2015,"94 years 02 months",380000
"2020-11","YISHUN","4 ROOM","259","YISHUN ST 22","10 TO 12",84,"Simplified",1986,"64 years 07 months",322000
"2020-12","ANG MO KIO","3 ROOM","346","ANG MO KIO AVE 3","10 TO 12",88,"New Generation",1978,"56 years 04 months",389000
"2020-12","ANG MO KIO","3 ROOM","611","ANG MO KIO AVE 5","01 TO 03",67,"New Generation",1980,"58 years 06 months",285000
"2020-12","ANG MO KIO","3 ROOM","639","ANG MO KIO AVE 6","04 TO 06",68,"New Generation",1980,"58 years 09 months",280000
"2020-12","BEDOK","4 ROOM","95","BEDOK NTH AVE 4","04 TO 06",92,"New Generation",1979,"57 years 07 months",340000
"2020-12","BUKIT BATOK","5 ROOM","115","BT BATOK WEST AVE 6","10 TO 12",132,"Model A",1985,"63 years 05 months",538000
"2020-12","BUKIT BATOK","EXECUTIVE","290B","BT BATOK ST 24","10 TO 12",141,"Apartment",1997,"76 years",665000
"2020-12","BUKIT MERAH","4 ROOM","25B","JLN MEMBINA","13 TO 15",90,"Model A",2009,"87 years 02 months",730000
"2020-12","BUKIT MERAH","4 ROOM","75B","REDHILL RD","07 TO 09",100,"Model A",2005,"84 years 01 month",780000
"2020-12","BUKIT PANJANG","4 ROOM","459","SEGAR RD","01 TO 03",93,"Premium Apartment",2015,"93 years 09 months",390000
"2020-12","BUKIT PANJANG","4 ROOM","633B","SENJA RD","07 TO 09",93,"Model A",2013,"92 years 01 month",415000
"2020-12","BUKIT PANJANG","5 ROOM","257","BANGKIT RD","07 TO 09",123,"Improved",1989,"67 years 08 months",501000
"2020-12","CHOA CHU KANG","2 ROOM","809B","CHOA CHU KANG AVE 1","13 TO 15",47,"Model A",2017,"95 years 04 months",260000
"2020-12","CHOA CHU KANG","4 ROOM","484C","CHOA CHU KANG AVE 5","13 TO 15",101,"Model A",1999,"77 years 05 months",375000
"2020-12","CLEMENTI","3 ROOM","308","CLEMENTI AVE 4","07 TO 09",67,"New Generation",1980,"58 years 02 months",325000
"2020-12","CLEMENTI","3 ROOM","305","CLEMENTI AVE 4","07 TO 09",67,"New Generation",1979,"57 years 03 months",327000
"2020-12","HOUGANG","2 ROOM","987B","BUANGKOK GREEN","01 TO 03",47,"Model A",2015,"93 years 02 months",242000
"2020-12","JURONG EAST","4 ROOM","60","TEBAN GDNS RD","19 TO 21",90,"Model A",2003,"81 years 09 months",410000
"2020-12","JURONG WEST","4 ROOM","112","HO CHING RD","07 TO 09",108,"Improved",1970,"48 years 10 months",302000
"2020-12","JURONG WEST","4 ROOM","655A","JURONG WEST ST 61","04 TO 06",86,"Model A2",2002,"80 years 11 months",378000
"2020-12","JURONG WEST","5 ROOM","197C","BOON LAY DR","13 TO 15",113,"Improved",2015,"93 years 04 months",610000
"2020-12","JURONG WEST","5 ROOM","690","JURONG WEST CTRL 1","01 TO 03",119,"Premium Apartment",1998,"76 years 05 months",483000
"2020-12","JURONG WEST","5 ROOM","532","JURONG WEST ST 52","10 TO 12",118,"Improved",1982,"60 years 08 months",480000
"2020-12","JURONG WEST","5 ROOM","631","JURONG WEST ST 65","13 TO 15",110,"Improved",2001,"80 years",450000
"2020-12","KALLANG/WHAMPOA","3 ROOM","3","ST. GEORGE'S RD","13 TO 15",59,"Improved",1976,"54 years 06 months",3e+05
"2020-12","KALLANG/WHAMPOA","4 ROOM","42","CAMBRIDGE RD","07 TO 09",91,"New Generation",1982,"60 years 06 months",555000
"2020-12","PASIR RIS","4 ROOM","440","PASIR RIS DR 4","04 TO 06",103,"Model A",1989,"67 years 05 months",450000
"2020-12","PASIR RIS","5 ROOM","186","PASIR RIS ST 11","13 TO 15",123,"Improved",1993,"71 years 08 months",515000
"2020-12","PUNGGOL","3 ROOM","258B","PUNGGOL FIELD","13 TO 15",68,"Model A",2016,"94 years 07 months",390000
"2020-12","PUNGGOL","4 ROOM","167A","PUNGGOL EAST","04 TO 06",92,"Premium Apartment",2009,"87 years 03 months",430000
"2020-12","PUNGGOL","4 ROOM","274C","PUNGGOL PL","04 TO 06",93,"Premium Apartment",2013,"91 years 08 months",505000
"2020-12","PUNGGOL","5 ROOM","163B","PUNGGOL CTRL","01 TO 03",114,"Premium Apartment",2004,"82 years 08 months",450000
"2020-12","PUNGGOL","5 ROOM","642D","PUNGGOL DR","04 TO 06",110,"Premium Apartment",2005,"83 years 01 month",425000
"2020-12","PUNGGOL","5 ROOM","308C","PUNGGOL WALK","04 TO 06",112,"Premium Apartment",2016,"94 years 04 months",650000
"2020-12","PUNGGOL","5 ROOM","308A","PUNGGOL WALK","01 TO 03",112,"Premium Apartment",2016,"94 years 03 months",660000
"2020-12","PUNGGOL","5 ROOM","265A","PUNGGOL WAY","07 TO 09",112,"Improved",2015,"93 years 07 months",610000
"2020-12","QUEENSTOWN","4 ROOM","89","DAWSON RD","19 TO 21",83,"Premium Apartment",2016,"94 years 05 months",788000
"2020-12","QUEENSTOWN","4 ROOM","93","DAWSON RD","37 TO 39",97,"Premium Apartment Loft",2016,"94 years 05 months",920000
"2020-12","SENGKANG","4 ROOM","301B","ANCHORVALE DR","01 TO 03",90,"Model A",2001,"79 years 09 months",375000
"2020-12","SENGKANG","4 ROOM","208B","COMPASSVALE LANE","01 TO 03",92,"Model A",2011,"89 years 11 months",410000
"2020-12","SENGKANG","4 ROOM","441A","FERNVALE RD","19 TO 21",94,"Model A",2012,"90 years 03 months",435000
"2020-12","SENGKANG","4 ROOM","451B","SENGKANG WEST WAY","16 TO 18",92,"Model A",2015,"93 years 06 months",448888
"2020-12","SENGKANG","5 ROOM","332C","ANCHORVALE LINK","10 TO 12",112,"Improved",2015,"93 years 07 months",590000
"2020-12","SENGKANG","5 ROOM","157D","RIVERVALE CRES","13 TO 15",110,"Premium Apartment",2003,"81 years 10 months",438000
"2020-12","SENGKANG","5 ROOM","141","RIVERVALE ST","07 TO 09",121,"Improved",1999,"77 years 05 months",485000
"2020-12","TAMPINES","4 ROOM","255","TAMPINES ST 21","01 TO 03",93,"New Generation",1984,"62 years 08 months",395000
"2020-12","TAMPINES","4 ROOM","352","TAMPINES ST 33","01 TO 03",107,"Model A",1996,"74 years 09 months",365000
"2020-12","TAMPINES","5 ROOM","936","TAMPINES AVE 5","07 TO 09",122,"Improved",1988,"66 years 11 months",553000
"2020-12","TAMPINES","5 ROOM","524A","TAMPINES CTRL 7","01 TO 03",113,"Improved",2015,"93 years 09 months",645000
"2020-12","TAMPINES","5 ROOM","288","TAMPINES ST 22","07 TO 09",133,"Model A",1984,"62 years 09 months",490000
"2020-12","TAMPINES","EXECUTIVE","495B","TAMPINES ST 43","07 TO 09",147,"Apartment",1994,"72 years 01 month",628000
"2020-12","TOA PAYOH","3 ROOM","163","LOR 1 TOA PAYOH","07 TO 09",65,"Improved",1972,"50 years 08 months",3e+05
"2020-12","TOA PAYOH","3 ROOM","47","LOR 6 TOA PAYOH","04 TO 06",58,"Standard",1969,"47 years 01 month",228000
"2020-12","TOA PAYOH","4 ROOM","139B","LOR 1A TOA PAYOH","31 TO 33",91,"DBSS",2012,"90 years 05 months",838000
"2020-12","TOA PAYOH","4 ROOM","219","LOR 8 TOA PAYOH","04 TO 06",82,"Improved",1978,"56 years 02 months",330000
"2020-12","WOODLANDS","4 ROOM","764A","WOODLANDS CIRCLE","10 TO 12",91,"Model A",2003,"81 years 08 months",360000
"2020-12","WOODLANDS","5 ROOM","686A","WOODLANDS DR 73","07 TO 09",114,"Premium Apartment",2003,"81 years 02 months",445000
"2020-12","WOODLANDS","5 ROOM","824","WOODLANDS ST 81","10 TO 12",121,"Improved",1989,"67 years 11 months",475000
"2020-12","YISHUN","3 ROOM","739","YISHUN AVE 5","01 TO 03",67,"New Generation",1985,"63 years 08 months",260000
"2020-12","YISHUN","4 ROOM","286","YISHUN AVE 6","07 TO 09",104,"Model A",1987,"65 years 08 months",345000
"2020-12","YISHUN","4 ROOM","820","YISHUN ST 81","10 TO 12",104,"Model A",1988,"66 years 09 months",430000
"2020-12","YISHUN","5 ROOM","318C","YISHUN AVE 9","04 TO 06",112,"Improved",2015,"93 years 10 months",548000
"2020-12","YISHUN","5 ROOM","804","YISHUN RING RD","10 TO 12",122,"Improved",1987,"65 years 03 months",570000
"2021-01","ANG MO KIO","3 ROOM","348","ANG MO KIO AVE 3","01 TO 03",73,"New Generation",1978,"56 years 03 months",3e+05
"2021-01","ANG MO KIO","3 ROOM","475","ANG MO KIO AVE 10","10 TO 12",67,"New Generation",1979,"57 years 06 months",315000
"2021-01","ANG MO KIO","3 ROOM","302","ANG MO KIO AVE 3","04 TO 06",73,"New Generation",1978,"56 years 03 months",335000
"2021-01","ANG MO KIO","4 ROOM","619","ANG MO KIO AVE 4","01 TO 03",107,"Model A",1996,"74 years 05 months",508000
"2021-01","ANG MO KIO","4 ROOM","315A","ANG MO KIO ST 31","04 TO 06",90,"Model A",2006,"84 years 04 months",580000
"2021-01","ANG MO KIO","5 ROOM","423","ANG MO KIO AVE 3","01 TO 03",133,"Improved",1993,"71 years 03 months",680000
"2021-01","ANG MO KIO","5 ROOM","617","ANG MO KIO AVE 4","13 TO 15",133,"Model A",1996,"74 years 06 months",760000
"2021-01","ANG MO KIO","5 ROOM","588B","ANG MO KIO ST 52","13 TO 15",117,"DBSS",2011,"89 years 08 months",868000
"2021-01","BEDOK","4 ROOM","64","NEW UPP CHANGI RD","10 TO 12",92,"New Generation",1978,"56 years 05 months",418000
"2021-01","BEDOK","4 ROOM","747C","BEDOK RESERVOIR CRES","04 TO 06",87,"DBSS",2014,"92 years 08 months",650000
"2021-01","BUKIT BATOK","4 ROOM","290D","BT BATOK EAST AVE 3","07 TO 09",103,"Model A",1998,"76 years 02 months",425000
"2021-01","BUKIT BATOK","5 ROOM","257","BT BATOK EAST AVE 4","10 TO 12",121,"Improved",1985,"63 years 07 months",470000
"2021-01","BUKIT BATOK","5 ROOM","393","BT BATOK WEST AVE 5","01 TO 03",115,"Improved",2004,"82 years 10 months",505000
"2021-01","BUKIT BATOK","EXECUTIVE","121","BT BATOK CTRL","10 TO 12",150,"Maisonette",1985,"63 years 04 months",695000
"2021-01","BUKIT MERAH","5 ROOM","1","DELTA AVE","13 TO 15",119,"Improved",1983,"61 years 05 months",880000
"2021-01","BUKIT PANJANG","4 ROOM","474","SEGAR RD","10 TO 12",91,"Premium Apartment",2003,"81 years 01 month",378000
"2021-01","BUKIT PANJANG","4 ROOM","455","SEGAR RD","13 TO 15",93,"Premium Apartment",2012,"90 years 11 months",438888
"2021-01","BUKIT PANJANG","5 ROOM","442D","FAJAR RD","01 TO 03",113,"Improved",2016,"95 years",525000
"2021-01","BUKIT PANJANG","4 ROOM","182","JELEBU RD","19 TO 21",91,"Premium Apartment",2003,"81 years 04 months",608000
"2021-01","BUKIT TIMAH","3 ROOM","4","QUEEN'S RD","10 TO 12",73,"Improved",1974,"52 years 04 months",415000
"2021-01","CENTRAL AREA","3 ROOM","32","NEW MKT RD","04 TO 06",66,"Standard",1983,"61 years 03 months",390000
"2021-01","CHOA CHU KANG","3 ROOM","476D","CHOA CHU KANG AVE 5","10 TO 12",67,"Model A",2013,"91 years 09 months",340000
"2021-01","CHOA CHU KANG","4 ROOM","483","CHOA CHU KANG AVE 5","10 TO 12",101,"Model A",1999,"77 years 05 months",370000
"2021-01","CHOA CHU KANG","5 ROOM","769","CHOA CHU KANG ST 54","07 TO 09",121,"Improved",1996,"74 years 09 months",470000
"2021-01","CHOA CHU KANG","4 ROOM","815C","CHOA CHU KANG AVE 7","13 TO 15",93,"Model A",2017,"95 years 03 months",480000
"2021-01","CLEMENTI","4 ROOM","711","CLEMENTI WEST ST 2","10 TO 12",92,"New Generation",1980,"59 years",375000
"2021-01","CLEMENTI","EXECUTIVE","206","CLEMENTI AVE 6","04 TO 06",150,"Maisonette",1985,"63 years 02 months",775000
"2021-01","GEYLANG","5 ROOM","7","HAIG RD","19 TO 21",118,"Improved",1976,"54 years 07 months",680000
"2021-01","HOUGANG","4 ROOM","129","LOR AH SOO","04 TO 06",105,"Model A",1985,"63 years 07 months",4e+05
"2021-01","HOUGANG","4 ROOM","471A","UPP SERANGOON CRES","10 TO 12",92,"Model A",2015,"93 years 04 months",460000
"2021-01","HOUGANG","5 ROOM","513","HOUGANG AVE 10","01 TO 03",121,"Improved",1986,"64 years 09 months",530000
"2021-01","JURONG EAST","3 ROOM","243","JURONG EAST ST 24","04 TO 06",67,"New Generation",1983,"61 years 01 month",295000
"2021-01","JURONG WEST","4 ROOM","541","JURONG WEST AVE 1","07 TO 09",103,"Model A",1984,"62 years 11 months",375000
"2021-01","JURONG WEST","4 ROOM","676A","JURONG WEST ST 64","04 TO 06",91,"Premium Apartment",2008,"86 years 06 months",390000
"2021-01","JURONG WEST","4 ROOM","339A","KANG CHING RD","01 TO 03",89,"Model A",2012,"90 years 03 months",405000
"2021-01","PASIR RIS","4 ROOM","480","PASIR RIS DR 4","01 TO 03",110,"Model A",1992,"71 years",4e+05
"2021-01","PASIR RIS","3 ROOM","527C","PASIR RIS ST 51","10 TO 12",68,"Model A",2015,"93 years 07 months",410000
"2021-01","PASIR RIS","5 ROOM","146","PASIR RIS ST 11","04 TO 06",126,"Improved",1995,"73 years",478000
"2021-01","PASIR RIS","EXECUTIVE","203","PASIR RIS ST 21","01 TO 03",147,"Apartment",1993,"71 years 08 months",605000
"2021-01","PUNGGOL","5 ROOM","175D","PUNGGOL FIELD","01 TO 03",110,"Improved",2003,"81 years 06 months",425000
"2021-01","PUNGGOL","EXECUTIVE","111","EDGEFIELD PLAINS","13 TO 15",130,"Premium Apartment",2003,"81 years 06 months",585000
"2021-01","QUEENSTOWN","2 ROOM","51","C'WEALTH DR","16 TO 18",47,"Model A",2015,"93 years 01 month",390000
"2021-01","QUEENSTOWN","3 ROOM","13","HOLLAND DR","10 TO 12",65,"Improved",1975,"53 years 01 month",415000
"2021-01","QUEENSTOWN","4 ROOM","51","STRATHMORE AVE","28 TO 30",90,"Model A",2006,"84 years 10 months",780000
"2021-01","SEMBAWANG","4 ROOM","359","ADMIRALTY DR","07 TO 09",94,"Premium Apartment",2001,"79 years 09 months",408000
"2021-01","SENGKANG","4 ROOM","453D","FERNVALE RD","07 TO 09",92,"Model A",2015,"93 years 06 months",412888
"2021-01","SENGKANG","5 ROOM","403D","FERNVALE LANE","19 TO 21",114,"Premium Apartment",2004,"82 years 05 months",480000
"2021-01","SENGKANG","5 ROOM","440B","FERNVALE LINK","13 TO 15",113,"Improved",2015,"93 years 06 months",565000
"2021-01","SERANGOON","3 ROOM","203","SERANGOON CTRL","04 TO 06",64,"Simplified",1986,"64 years",388000
"2021-01","SERANGOON","4 ROOM","255","SERANGOON CTRL DR","07 TO 09",99,"Model A",1999,"77 years 04 months",605000
"2021-01","TAMPINES","3 ROOM","218","TAMPINES ST 24","04 TO 06",73,"Model A",1985,"63 years 01 month",301000
"2021-01","TAMPINES","4 ROOM","338","TAMPINES ST 33","07 TO 09",106,"Model A",1995,"73 years 11 months",412888
"2021-01","TAMPINES","5 ROOM","126","SIMEI ST 1","01 TO 03",121,"Improved",1988,"66 years 03 months",525000
"2021-01","TAMPINES","5 ROOM","230","TAMPINES ST 24","04 TO 06",121,"Improved",1985,"63 years 03 months",538000
"2021-01","TAMPINES","4 ROOM","522A","TAMPINES CTRL 7","04 TO 06",93,"Model A",2015,"93 years 08 months",545000
"2021-01","TAMPINES","5 ROOM","733","TAMPINES ST 71","10 TO 12",120,"Improved",1997,"75 years 06 months",565000
"2021-01","TAMPINES","EXECUTIVE","429","TAMPINES ST 41","04 TO 06",152,"Apartment",1985,"63 years 11 months",625000
"2021-01","TOA PAYOH","3 ROOM","13","LOR 7 TOA PAYOH","01 TO 03",66,"Improved",1970,"48 years 07 months",230000
"2021-01","WOODLANDS","3 ROOM","17","MARSILING LANE","04 TO 06",65,"Improved",1984,"62 years 10 months",230000
"2021-01","WOODLANDS","4 ROOM","889A","WOODLANDS DR 50","07 TO 09",93,"Model A",2017,"95 years 07 months",463000
"2021-01","YISHUN","4 ROOM","879","YISHUN ST 81","04 TO 06",104,"Model A",1987,"65 years 10 months",4e+05
"2021-02","ANG MO KIO","3 ROOM","230","ANG MO KIO AVE 3","04 TO 06",67,"New Generation",1978,"56 years",248000
"2021-02","BEDOK","5 ROOM","670","JLN DAMAI","10 TO 12",126,"Improved",1996,"74 years 09 months",650000
"2021-02","BISHAN","4 ROOM","214","BISHAN ST 23","10 TO 12",103,"Model A",1992,"70 years 03 months",595000
"2021-02","BISHAN","5 ROOM","101","BISHAN ST 12","13 TO 15",121,"Improved",1987,"64 years 11 months",750000
"2021-02","BUKIT BATOK","4 ROOM","207","BT BATOK ST 21","01 TO 03",104,"Model A",1983,"61 years 06 months",400800
"2021-02","BUKIT BATOK","4 ROOM","291A","BT BATOK ST 24","04 TO 06",102,"Model A",1997,"75 years 10 months",420000
"2021-02","BUKIT MERAH","3 ROOM","54","TELOK BLANGAH DR","07 TO 09",73,"New Generation",1978,"56 years",370000
"2021-02","BUKIT MERAH","5 ROOM","8","KIM TIAN PL","13 TO 15",131,"Model A",1984,"62 years 06 months",866000
"2021-02","BUKIT PANJANG","5 ROOM","550B","SEGAR RD","16 TO 18",113,"Improved",2015,"93 years 10 months",590000
"2021-02","CHOA CHU KANG","3 ROOM","1","TECK WHYE AVE","04 TO 06",74,"Model A",1984,"62 years 09 months",265000
"2021-02","CHOA CHU KANG","4 ROOM","815A","CHOA CHU KANG AVE 7","13 TO 15",93,"Model A",2017,"95 years 02 months",435000
"2021-02","CHOA CHU KANG","5 ROOM","488D","CHOA CHU KANG AVE 5","04 TO 06",113,"Improved",2016,"94 years 06 months",520000
"2021-02","CLEMENTI","3 ROOM","334","CLEMENTI AVE 2","04 TO 06",67,"New Generation",1978,"56 years 06 months",320000
"2021-02","CLEMENTI","3 ROOM","731","CLEMENTI WEST ST 2","04 TO 06",82,"New Generation",1980,"58 years 05 months",340000
"2021-02","GEYLANG","4 ROOM","18B","CIRCUIT RD","04 TO 06",93,"Model A",2016,"94 years 09 months",7e+05
"2021-02","HOUGANG","4 ROOM","699B","HOUGANG ST 52","04 TO 06",100,"Model A",1998,"76 years 09 months",422000
"2021-02","HOUGANG","5 ROOM","699","HOUGANG ST 52","07 TO 09",120,"Improved",1999,"77 years",528889
"2021-02","JURONG EAST","3 ROOM","210","JURONG EAST ST 21","01 TO 03",67,"New Generation",1983,"61 years 05 months",290000
"2021-02","JURONG EAST","4 ROOM","265","TOH GUAN RD","13 TO 15",101,"Model A",1998,"76 years 09 months",530000
"2021-02","JURONG EAST","5 ROOM","279","TOH GUAN RD","04 TO 06",120,"Improved",1998,"76 years 10 months",555000
"2021-02","JURONG WEST","3 ROOM","114","HO CHING RD","04 TO 06",67,"Improved",1971,"49 years 03 months",260000
"2021-02","JURONG WEST","4 ROOM","911","JURONG WEST ST 91","10 TO 12",104,"Model A",1989,"67 years",355000
"2021-02","JURONG WEST","3 ROOM","180C","BOON LAY DR","16 TO 18",68,"Model A",2014,"92 years 03 months",360000
"2021-02","JURONG WEST","4 ROOM","659D","JURONG WEST ST 65","01 TO 03",90,"Model A",2001,"79 years 06 months",405000
"2021-02","JURONG WEST","4 ROOM","657A","JURONG WEST ST 65","13 TO 15",91,"Model A",2002,"80 years 03 months",425000
"2021-02","PASIR RIS","EXECUTIVE","245","PASIR RIS ST 21","07 TO 09",150,"Apartment",1993,"71 years 05 months",555000
"2021-02","PUNGGOL","4 ROOM","208A","PUNGGOL PL","01 TO 03",92,"Model A",2014,"92 years 05 months",420000
"2021-02","PUNGGOL","EXECUTIVE","115","EDGEFIELD PLAINS","16 TO 18",130,"Premium Apartment",2003,"81 years 05 months",570000
"2021-02","PUNGGOL","5 ROOM","670B","EDGEFIELD PLAINS","07 TO 09",113,"Premium Apartment",2016,"94 years 05 months",652000
"2021-02","SEMBAWANG","5 ROOM","589B","MONTREAL DR","13 TO 15",110,"Improved",2002,"80 years 10 months",428000
"2021-02","SENGKANG","3 ROOM","467A","FERNVALE LINK","13 TO 15",68,"Model A",2016,"94 years 06 months",360000
"2021-02","SENGKANG","4 ROOM","185C","RIVERVALE CRES","01 TO 03",91,"Model A2",2000,"78 years 10 months",366000
"2021-02","SENGKANG","4 ROOM","467B","FERNVALE LINK","16 TO 18",93,"Model A",2016,"94 years 06 months",428000
"2021-02","SENGKANG","4 ROOM","469A","SENGKANG WEST WAY","07 TO 09",93,"Model A",2016,"94 years 07 months",438000
"2021-02","SENGKANG","4 ROOM","269B","COMPASSVALE LINK","01 TO 03",90,"Premium Apartment",2006,"84 years",448000
"2021-02","SENGKANG","5 ROOM","468A","FERNVALE LINK","04 TO 06",113,"Improved",2016,"94 years 06 months",513000
"2021-02","SENGKANG","5 ROOM","468C","FERNVALE LINK","25 TO 27",113,"Improved",2016,"94 years 06 months",643000
"2021-02","SERANGOON","5 ROOM","536","SERANGOON NTH AVE 4","07 TO 09",121,"Improved",1992,"70 years 09 months",550000
"2021-02","TAMPINES","4 ROOM","867","TAMPINES ST 83","04 TO 06",104,"Model A",1989,"67 years",408000
"2021-02","TAMPINES","4 ROOM","712","TAMPINES ST 71","01 TO 03",99,"Model A",1997,"75 years 02 months",420000
"2021-02","TAMPINES","5 ROOM","496D","TAMPINES AVE 9","04 TO 06",126,"Improved",1993,"71 years 07 months",490000
"2021-02","TAMPINES","5 ROOM","458","TAMPINES ST 42","04 TO 06",122,"Improved",1988,"66 years",560000
"2021-02","TAMPINES","5 ROOM","120","SIMEI ST 1","07 TO 09",128,"Improved",1988,"66 years 05 months",580088
"2021-02","TOA PAYOH","3 ROOM","195","KIM KEAT AVE","07 TO 09",66,"Improved",1973,"51 years 06 months",238000
"2021-02","TOA PAYOH","4 ROOM","146","LOR 2 TOA PAYOH","34 TO 36",91,"Model A",2006,"84 years",770000
"2021-02","TOA PAYOH","5 ROOM","171","LOR 1 TOA PAYOH","16 TO 18",124,"Improved",1995,"73 years 02 months",880000
"2021-02","WOODLANDS","3 ROOM","17","MARSILING LANE","13 TO 15",65,"Improved",1984,"62 years 10 months",273000
"2021-02","WOODLANDS","4 ROOM","887A","WOODLANDS DR 50","04 TO 06",92,"Premium Apartment",2015,"93 years 01 month",420000
"2021-02","WOODLANDS","5 ROOM","615","WOODLANDS AVE 4","07 TO 09",121,"Improved",1998,"76 years 05 months",442000
"2021-02","WOODLANDS","5 ROOM","576","WOODLANDS DR 16","04 TO 06",110,"Improved",2000,"78 years 10 months",455000
"2021-02","YISHUN","4 ROOM","647","YISHUN ST 61","07 TO 09",103,"Model A",1987,"65 years 02 months",370000
"2021-03","ANG MO KIO","4 ROOM","114","ANG MO KIO AVE 4","01 TO 03",99,"New Generation",1978,"55 years 11 months",448000
"2021-03","BEDOK","3 ROOM","501","BEDOK NTH ST 3","10 TO 12",59,"Improved",1978,"56 years 01 month",268888
"2021-03","BEDOK","3 ROOM","550","BEDOK NTH AVE 1","01 TO 03",68,"New Generation",1980,"58 years 04 months",305000
"2021-03","BISHAN","4 ROOM","109","BISHAN ST 12","07 TO 09",84,"Simplified",1985,"63 years 09 months",558000
"2021-03","BISHAN","5 ROOM","135","BISHAN ST 12","19 TO 21",121,"Improved",1987,"65 years 03 months",788000
"2021-03","BUKIT BATOK","3 ROOM","169","BT BATOK WEST AVE 8","01 TO 03",73,"Model A",1984,"62 years 08 months",279000
"2021-03","BUKIT BATOK","4 ROOM","291C","BT BATOK ST 24","10 TO 12",102,"Model A",1998,"76 years 02 months",430000
"2021-03","BUKIT MERAH","4 ROOM","76A","REDHILL RD","19 TO 21",100,"Model A",2005,"83 years 09 months",780000
"2021-03","BUKIT PANJANG","5 ROOM","611","BT PANJANG RING RD","10 TO 12",110,"Improved",2002,"80 years 02 months",528000
"2021-03","BUKIT TIMAH","EXECUTIVE","3","TOH YI DR","07 TO 09",146,"Maisonette",1988,"66 years 05 months",1020000
"2021-03","CENTRAL AREA","5 ROOM","1G","CANTONMENT RD","37 TO 39",107,"Type S2",2011,"88 years 11 months",1068888
"2021-03","CHOA CHU KANG","3 ROOM","573","CHOA CHU KANG ST 52","10 TO 12",67,"Model A",2015,"92 years 10 months",350000
"2021-03","CHOA CHU KANG","4 ROOM","805B","KEAT HONG CL","10 TO 12",93,"Model A",2017,"95 years 02 months",470000
"2021-03","CHOA CHU KANG","5 ROOM","489B","CHOA CHU KANG AVE 5","13 TO 15",113,"Improved",2016,"94 years 03 months",548888
"2021-03","CHOA CHU KANG","5 ROOM","816A","KEAT HONG LINK","16 TO 18",112,"Improved",2017,"95 years 06 months",585000
"2021-03","CLEMENTI","4 ROOM","373","CLEMENTI AVE 4","01 TO 03",92,"New Generation",1981,"59 years 06 months",470000
"2021-03","GEYLANG","3 ROOM","19","BALAM RD","01 TO 03",60,"Standard",1967,"44 years 11 months",260000
"2021-03","HOUGANG","3 ROOM","674","HOUGANG AVE 8","07 TO 09",64,"Simplified",1987,"64 years 11 months",312000
"2021-03","HOUGANG","3 ROOM","986B","BUANGKOK CRES","13 TO 15",67,"Model A",2012,"90 years 02 months",350000
"2021-03","HOUGANG","3 ROOM","475A","UPP SERANGOON CRES","04 TO 06",67,"DBSS",2014,"92 years 09 months",440000
"2021-03","HOUGANG","5 ROOM","532","HOUGANG AVE 6","01 TO 03",121,"Improved",1987,"65 years 09 months",522000
"2021-03","HOUGANG","5 ROOM","361","HOUGANG AVE 5","04 TO 06",123,"Improved",1992,"70 years 08 months",560000
"2021-03","HOUGANG","EXECUTIVE","221","HOUGANG ST 21","01 TO 03",146,"Maisonette",1992,"70 years 07 months",885000
"2021-03","JURONG EAST","3 ROOM","261","JURONG EAST ST 24","07 TO 09",67,"New Generation",1983,"61 years",310000
"2021-03","JURONG EAST","3 ROOM","102","JURONG EAST ST 13","10 TO 12",68,"New Generation",1982,"60 years 02 months",360000
"2021-03","JURONG EAST","4 ROOM","332","JURONG EAST AVE 1","01 TO 03",113,"Model A",1985,"63 years 08 months",360000
"2021-03","MARINE PARADE","3 ROOM","47","MARINE CRES","04 TO 06",65,"Improved",1975,"53 years 04 months",4e+05
"2021-03","PASIR RIS","4 ROOM","215","PASIR RIS ST 21","07 TO 09",106,"Model A",1993,"71 years 04 months",440000
"2021-03","PASIR RIS","4 ROOM","525A","PASIR RIS ST 51","04 TO 06",93,"Model A",2015,"93 years 05 months",515000
"2021-03","PASIR RIS","EXECUTIVE","420","PASIR RIS DR 6","01 TO 03",156,"Maisonette",1989,"66 years 11 months",747000
"2021-03","PASIR RIS","5 ROOM","530D","PASIR RIS DR 1","07 TO 09",105,"DBSS",2015,"93 years 03 months",786888
"2021-03","PUNGGOL","3 ROOM","603C","PUNGGOL RD","04 TO 06",68,"Model A",2012,"90 years 08 months",355000
"2021-03","PUNGGOL","3 ROOM","120B","EDGEDALE PLAINS","04 TO 06",68,"Model A",2017,"95 years 02 months",368000
"2021-03","PUNGGOL","4 ROOM","613D","PUNGGOL DR","13 TO 15",93,"Model A",2012,"90 years 10 months",460000
"2021-03","PUNGGOL","4 ROOM","267B","PUNGGOL FIELD","13 TO 15",93,"Premium Apartment",2013,"90 years 11 months",460000
"2021-03","PUNGGOL","4 ROOM","668B","EDGEFIELD PLAINS","04 TO 06",93,"Premium Apartment",2016,"94 years 03 months",470000
"2021-03","PUNGGOL","4 ROOM","613B","PUNGGOL DR","07 TO 09",93,"Model A",2012,"90 years 10 months",470000
"2021-03","PUNGGOL","5 ROOM","202A","PUNGGOL FIELD","07 TO 09",110,"Improved",2004,"82 years 03 months",485000
"2021-03","QUEENSTOWN","4 ROOM","90","DAWSON RD","10 TO 12",95,"Premium Apartment Loft",2016,"94 years 02 months",920000
"2021-03","SEMBAWANG","5 ROOM","339B","SEMBAWANG CL","07 TO 09",111,"Premium Apartment",2001,"79 years 03 months",480000
"2021-03","SENGKANG","5 ROOM","125","RIVERVALE ST","04 TO 06",120,"Improved",1999,"77 years 02 months",450000
"2021-03","SENGKANG","5 ROOM","415B","FERNVALE LINK","07 TO 09",113,"Improved",2016,"93 years 11 months",6e+05
"2021-03","SENGKANG","4 ROOM","282A","SENGKANG EAST AVE","13 TO 15",92,"Premium Apartment",2015,"93 years 05 months",610000
"2021-03","SERANGOON","4 ROOM","221","SERANGOON AVE 4","01 TO 03",96,"New Generation",1984,"62 years 09 months",404500
"2021-03","TAMPINES","3 ROOM","269","TAMPINES ST 21","10 TO 12",81,"Model A",1984,"62 years",374000
"2021-03","TAMPINES","3 ROOM","869B","TAMPINES AVE 8","04 TO 06",67,"Model A",2015,"93 years 03 months",381000
"2021-03","TAMPINES","4 ROOM","719","TAMPINES ST 72","04 TO 06",100,"Model A",1997,"75 years 03 months",450000
"2021-03","TAMPINES","4 ROOM","106","SIMEI ST 1","10 TO 12",104,"Model A",1988,"66 years 08 months",480000
"2021-03","TAMPINES","5 ROOM","897","TAMPINES ST 81","07 TO 09",122,"Improved",1988,"66 years 07 months",581888
"2021-03","WOODLANDS","3 ROOM","130","MARSILING RISE","04 TO 06",69,"Improved",1985,"62 years 11 months",267000
"2021-03","WOODLANDS","4 ROOM","25","MARSILING DR","10 TO 12",91,"New Generation",1977,"55 years 03 months",3e+05
"2021-03","WOODLANDS","4 ROOM","649","WOODLANDS RING RD","04 TO 06",100,"Model A",1998,"76 years 04 months",425000
"2021-03","YISHUN","4 ROOM","720","YISHUN ST 71","07 TO 09",84,"Simplified",1985,"63 years 05 months",343000
"2021-03","YISHUN","4 ROOM","430A","YISHUN AVE 11","01 TO 03",92,"Model A",2015,"93 years 09 months",4e+05
"2021-03","YISHUN","4 ROOM","446","YISHUN AVE 11","01 TO 03",93,"Model A",2012,"90 years 06 months",412000
"2021-03","YISHUN","5 ROOM","231","YISHUN ST 21","04 TO 06",121,"Improved",1985,"63 years 03 months",472000
"2021-03","YISHUN","5 ROOM","348B","YISHUN AVE 11","04 TO 06",112,"DBSS",2013,"91 years 07 months",7e+05
"2021-04","ANG MO KIO","3 ROOM","129","ANG MO KIO AVE 3","01 TO 03",73,"New Generation",1979,"56 years 11 months",250000
"2021-04","ANG MO KIO","3 ROOM","417","ANG MO KIO AVE 10","01 TO 03",74,"New Generation",1979,"57 years 04 months",315000
"2021-04","ANG MO KIO","4 ROOM","111","ANG MO KIO AVE 4","07 TO 09",92,"New Generation",1978,"56 years 04 months",450000
"2021-04","ANG MO KIO","4 ROOM","425","ANG MO KIO AVE 3","07 TO 09",98,"New Generation",1979,"56 years 09 months",470000
"2021-04","BEDOK","3 ROOM","614","BEDOK RESERVOIR RD","01 TO 03",67,"New Generation",1981,"59 years 03 months",328000
"2021-04","BEDOK","4 ROOM","105","BEDOK RESERVOIR RD","04 TO 06",96,"New Generation",1985,"63 years 04 months",384000
"2021-04","BUKIT MERAH","3 ROOM","28","JLN BT MERAH","07 TO 09",60,"Standard",1967,"45 years 02 months",255000
"2021-04","BUKIT MERAH","5 ROOM","39","TELOK BLANGAH RISE","01 TO 03",119,"Standard",1976,"54 years 06 months",510000
"2021-04","BUKIT MERAH","5 ROOM","86","TELOK BLANGAH HTS","19 TO 21",111,"Improved",2003,"81 years 01 month",816000
"2021-04","BUKIT PANJANG","4 ROOM","548B","SEGAR RD","07 TO 09",92,"Model A",2015,"93 years 08 months",453888
"2021-04","BUKIT PANJANG","5 ROOM","121","PENDING RD","07 TO 09",120,"Improved",1987,"65 years 09 months",490888
"2021-04","BUKIT PANJANG","5 ROOM","604","SENJA RD","22 TO 24",120,"Improved",1999,"77 years 01 month",718000
"2021-04","CHOA CHU KANG","EXECUTIVE","163","JLN TECK WHYE","07 TO 09",142,"Apartment",1998,"76 years 01 month",598000
"2021-04","CHOA CHU KANG","EXECUTIVE","560","CHOA CHU KANG NTH 6","07 TO 09",146,"Apartment",1996,"73 years 11 months",645000
"2021-04","CLEMENTI","4 ROOM","425","CLEMENTI AVE 1","04 TO 06",100,"Model A",2013,"91 years 05 months",685000
"2021-04","GEYLANG","3 ROOM","20","EUNOS CRES","01 TO 03",66,"Improved",1982,"59 years 09 months",290000
"2021-04","GEYLANG","3 ROOM","99","ALJUNIED CRES","10 TO 12",67,"New Generation",1978,"55 years 11 months",320000
"2021-04","HOUGANG","4 ROOM","650","HOUGANG AVE 8","07 TO 09",84,"Simplified",1987,"65 years 06 months",370000
"2021-04","JURONG WEST","4 ROOM","725","JURONG WEST AVE 5","10 TO 12",104,"Model A",1989,"67 years 07 months",355000
"2021-04","KALLANG/WHAMPOA","3 ROOM","806","KING GEORGE'S AVE","10 TO 12",68,"Improved",1981,"59 years 07 months",4e+05
"2021-04","PASIR RIS","4 ROOM","114","PASIR RIS ST 11","04 TO 06",103,"Model A",1989,"67 years 02 months",445000
"2021-04","PASIR RIS","4 ROOM","526A","PASIR RIS ST 51","07 TO 09",93,"Model A",2015,"93 years 03 months",515000
"2021-04","PUNGGOL","4 ROOM","106A","PUNGGOL FIELD","01 TO 03",85,"Model A",2003,"81 years 01 month",375000
"2021-04","PUNGGOL","5 ROOM","199A","PUNGGOL FIELD","01 TO 03",110,"Improved",2003,"81 years 02 months",425000
"2021-04","PUNGGOL","5 ROOM","103B","EDGEFIELD PLAINS","04 TO 06",110,"Improved",2003,"81 years 02 months",440000
"2021-04","PUNGGOL","5 ROOM","259C","PUNGGOL FIELD","04 TO 06",113,"Improved",2016,"94 years 03 months",553888
"2021-04","PUNGGOL","5 ROOM","217D","SUMANG WALK","10 TO 12",112,"Improved",2017,"95 years 04 months",603888
"2021-04","PUNGGOL","5 ROOM","310B","PUNGGOL WALK","01 TO 03",112,"Premium Apartment",2016,"94 years 03 months",630000
"2021-04","SEMBAWANG","4 ROOM","593A","MONTREAL LINK","04 TO 06",93,"Model A",2015,"93 years",4e+05
"2021-04","SENGKANG","4 ROOM","178C","RIVERVALE CRES","01 TO 03",93,"Model A",2015,"93 years",385000
"2021-04","SENGKANG","4 ROOM","163C","RIVERVALE CRES","01 TO 03",93,"Model A",2017,"95 years 01 month",420000
"2021-04","SENGKANG","4 ROOM","468C","FERNVALE LINK","19 TO 21",93,"Model A",2016,"94 years 04 months",450000
"2021-04","SENGKANG","4 ROOM","334B","ANCHORVALE CRES","13 TO 15",95,"Premium Apartment",2015,"93 years 08 months",525000
"2021-04","SENGKANG","4 ROOM","216A","COMPASSVALE DR","13 TO 15",92,"Premium Apartment",2017,"95 years 01 month",613888
"2021-04","TAMPINES","4 ROOM","523B","TAMPINES CTRL 7","01 TO 03",93,"Model A",2015,"93 years 05 months",505000
"2021-04","TAMPINES","4 ROOM","878B","TAMPINES AVE 8","07 TO 09",93,"Model A",2017,"95 years 03 months",532000
"2021-04","TAMPINES","4 ROOM","523B","TAMPINES CTRL 7","04 TO 06",93,"Model A",2015,"93 years 04 months",558888
"2021-04","TAMPINES","5 ROOM","859","TAMPINES AVE 5","13 TO 15",127,"Improved",1988,"66 years 04 months",622000
"2021-04","WOODLANDS","4 ROOM","33","MARSILING DR","07 TO 09",98,"New Generation",1978,"55 years 09 months",336088
"2021-04","WOODLANDS","4 ROOM","155","WOODLANDS ST 13","04 TO 06",103,"Model A",1985,"62 years 11 months",370000
"2021-04","WOODLANDS","4 ROOM","765","WOODLANDS CIRCLE","10 TO 12",90,"Model A",2003,"81 years 04 months",376000
"2021-04","WOODLANDS","5 ROOM","712","WOODLANDS DR 70","07 TO 09",118,"Improved",1996,"74 years 09 months",465000
"2021-04","WOODLANDS","5 ROOM","508","WOODLANDS DR 14","07 TO 09",124,"Improved",1999,"76 years 10 months",483000
"2021-04","WOODLANDS","EXECUTIVE","803","WOODLANDS ST 81","04 TO 06",189,"Apartment",1994,"71 years 10 months",810000
"2021-05","ANG MO KIO","3 ROOM","650","ANG MO KIO ST 61","16 TO 18",67,"Model A",2015,"93 years 08 months",455000
"2021-05","ANG MO KIO","5 ROOM","648","ANG MO KIO AVE 5","13 TO 15",125,"Improved",1980,"58 years 06 months",577000
"2021-05","BEDOK","3 ROOM","533","BEDOK NTH ST 3","13 TO 15",68,"New Generation",1980,"57 years 09 months",310000
"2021-05","BEDOK","3 ROOM","520","BEDOK NTH AVE 1","01 TO 03",67,"New Generation",1979,"57 years 05 months",310000
"2021-05","BEDOK","4 ROOM","55","CHAI CHEE DR","07 TO 09",104,"Model A",1984,"62 years",478000
"2021-05","BEDOK","EXECUTIVE","633","BEDOK RESERVOIR RD","10 TO 12",144,"Apartment",1993,"70 years 11 months",750000
"2021-05","BUKIT MERAH","3 ROOM","105","BT PURMEI RD","04 TO 06",67,"New Generation",1983,"60 years 09 months",382000
"2021-05","BUKIT MERAH","3 ROOM","9","CANTONMENT CL","04 TO 06",60,"Model A",2002,"80 years 08 months",540000
"2021-05","BUKIT MERAH","5 ROOM","14A","TELOK BLANGAH CRES","01 TO 03",120,"Improved",1999,"77 years 06 months",7e+05
"2021-05","BUKIT PANJANG","4 ROOM","636B","SENJA RD","22 TO 24",92,"Model A",2015,"93 years 07 months",5e+05
"2021-05","CHOA CHU KANG","4 ROOM","808A","CHOA CHU KANG AVE 1","01 TO 03",92,"Model A",2017,"95 years",445000
"2021-05","CHOA CHU KANG","4 ROOM","805A","KEAT HONG CL","07 TO 09",93,"Model A",2017,"95 years 01 month",465000
"2021-05","HOUGANG","3 ROOM","645","HOUGANG AVE 8","04 TO 06",69,"Improved",1987,"64 years 09 months",318000
"2021-05","HOUGANG","4 ROOM","376A","HOUGANG ST 32","01 TO 03",92,"Model A",2016,"93 years 11 months",460000
"2021-05","HOUGANG","5 ROOM","245","HOUGANG ST 22","13 TO 15",121,"Improved",1984,"62 years 08 months",473000
"2021-05","HOUGANG","4 ROOM","234","HOUGANG AVE 1","04 TO 06",109,"Model A",1984,"62 years 03 months",478000
"2021-05","HOUGANG","5 ROOM","473A","UPP SERANGOON CRES","16 TO 18",113,"Improved",2017,"95 years 01 month",723000
"2021-05","JURONG EAST","4 ROOM","24","TEBAN GDNS RD","04 TO 06",107,"Model A",1993,"71 years 02 months",394000
"2021-05","JURONG WEST","5 ROOM","415","JURONG WEST ST 42","07 TO 09",134,"Model A",1985,"62 years 11 months",480000
"2021-05","JURONG WEST","5 ROOM","609","JURONG WEST ST 65","04 TO 06",115,"Premium Apartment",2001,"79 years 01 month",5e+05
"2021-05","KALLANG/WHAMPOA","3 ROOM","57","GEYLANG BAHRU","01 TO 03",65,"Improved",1974,"52 years 03 months",310000
"2021-05","KALLANG/WHAMPOA","3 ROOM","16","UPP BOON KENG RD","04 TO 06",65,"Improved",1975,"52 years 10 months",320000
"2021-05","MARINE PARADE","3 ROOM","8","MARINE TER","10 TO 12",65,"Improved",1975,"52 years 08 months",375000
"2021-05","PASIR RIS","4 ROOM","524A","PASIR RIS ST 51","07 TO 09",93,"Model A",2015,"93 years 03 months",553000
"2021-05","PASIR RIS","EXECUTIVE","547","PASIR RIS ST 51","04 TO 06",148,"Maisonette",1992,"70 years 08 months",710000
"2021-05","PUNGGOL","3 ROOM","622A","PUNGGOL CTRL","04 TO 06",69,"Model A",2014,"92 years",355000
"2021-05","PUNGGOL","4 ROOM","122A","EDGEDALE PLAINS","01 TO 03",93,"Model A",2017,"95 years 01 month",420000
"2021-05","PUNGGOL","4 ROOM","666A","PUNGGOL DR","04 TO 06",93,"Premium Apartment",2016,"93 years 10 months",472000
"2021-05","PUNGGOL","5 ROOM","204D","PUNGGOL FIELD","04 TO 06",110,"Improved",2004,"82 years 06 months",475000
"2021-05","PUNGGOL","4 ROOM","624B","PUNGGOL CTRL","16 TO 18",95,"Model A",2014,"92 years",483000
"2021-05","PUNGGOL","4 ROOM","256A","SUMANG WALK","07 TO 09",93,"Model A",2016,"94 years 08 months",493000
"2021-05","PUNGGOL","4 ROOM","669B","EDGEFIELD PLAINS","10 TO 12",93,"Premium Apartment",2016,"94 years 01 month",510000
"2021-05","PUNGGOL","5 ROOM","169A","PUNGGOL FIELD","10 TO 12",112,"Improved",2014,"92 years",545000
"2021-05","QUEENSTOWN","2 ROOM","96","C'WEALTH CRES","10 TO 12",47,"Standard",1970,"48 years 01 month",240000
"2021-05","QUEENSTOWN","5 ROOM","18C","HOLLAND DR","04 TO 06",117,"Improved",2012,"90 years 05 months",930000
"2021-05","SEMBAWANG","2 ROOM","593B","MONTREAL LINK","10 TO 12",47,"Model A",2015,"93 years",240000
"2021-05","SENGKANG","4 ROOM","122E","RIVERVALE DR","16 TO 18",90,"Model A",2000,"78 years 03 months",415000
"2021-05","SENGKANG","5 ROOM","472A","FERNVALE ST","01 TO 03",113,"Improved",2016,"94 years 05 months",530000
"2021-05","SERANGOON","5 ROOM","545","SERANGOON NTH AVE 3","04 TO 06",121,"Improved",1997,"75 years 05 months",540000
"2021-05","SERANGOON","EXECUTIVE","322","SERANGOON AVE 3","04 TO 06",146,"Maisonette",1986,"63 years 11 months",881000
"2021-05","TAMPINES","3 ROOM","201E","TAMPINES ST 23","04 TO 06",82,"New Generation",1987,"65 years 07 months",353000
"2021-05","TAMPINES","3 ROOM","273","TAMPINES ST 22","04 TO 06",73,"Model A",1984,"62 years 03 months",380000
"2021-05","TAMPINES","4 ROOM","120","SIMEI ST 1","01 TO 03",104,"Model A",1988,"66 years 01 month",460000
"2021-05","TAMPINES","5 ROOM","298","TAMPINES ST 22","10 TO 12",121,"Improved",1985,"62 years 10 months",530000
"2021-05","TAMPINES","5 ROOM","143","TAMPINES ST 12","01 TO 03",133,"Model A",1984,"62 years 02 months",585000
"2021-05","TOA PAYOH","3 ROOM","26","TOA PAYOH EAST","07 TO 09",67,"Improved",1971,"48 years 08 months",270000
"2021-05","TOA PAYOH","3 ROOM","173","LOR 1 TOA PAYOH","10 TO 12",66,"Improved",1972,"50 years 03 months",290000
"2021-05","TOA PAYOH","5 ROOM","144","LOR 2 TOA PAYOH","25 TO 27",110,"Improved",2002,"80 years 05 months",870000
"2021-05","WOODLANDS","4 ROOM","684A","WOODLANDS DR 73","07 TO 09",104,"Premium Apartment",2000,"77 years 10 months",447000
"2021-05","WOODLANDS","4 ROOM","717A","WOODLANDS DR 70","01 TO 03",88,"Model A",2017,"95 years 08 months",455000
"2021-05","WOODLANDS","5 ROOM","718","WOODLANDS AVE 6","04 TO 06",119,"Improved",1997,"75 years 03 months",470000
"2021-05","WOODLANDS","5 ROOM","889D","WOODLANDS DR 50","07 TO 09",113,"Improved",2017,"95 years 03 months",601888
"2021-05","YISHUN","2 ROOM","424A","YISHUN AVE 11","07 TO 09",47,"Model A",2015,"93 years 07 months",270000
"2021-05","YISHUN","4 ROOM","455","YISHUN ST 41","04 TO 06",93,"Model A",2013,"91 years 03 months",420000
"2021-06","ANG MO KIO","4 ROOM","429","ANG MO KIO AVE 3","10 TO 12",92,"New Generation",1978,"56 years 05 months",480000
"2021-06","BEDOK","4 ROOM","121","BEDOK NTH RD","01 TO 03",92,"New Generation",1978,"55 years 10 months",415000
"2021-06","BISHAN","4 ROOM","25","SIN MING RD","07 TO 09",88,"Improved",1974,"52 years 02 months",388000
"2021-06","BISHAN","EXECUTIVE","212","BISHAN ST 23","16 TO 18",149,"Maisonette",1992,"69 years 11 months",1020000
"2021-06","BISHAN","5 ROOM","273A","BISHAN ST 24","25 TO 27",120,"DBSS",2011,"89 years 03 months",1238800
"2021-06","BUKIT BATOK","3 ROOM","259","BT BATOK EAST AVE 4","07 TO 09",67,"New Generation",1985,"63 years 02 months",335000
"2021-06","BUKIT BATOK","EXECUTIVE","362","BT BATOK ST 31","01 TO 03",154,"Maisonette",1985,"63 years 03 months",623000
"2021-06","BUKIT MERAH","3 ROOM","61","TELOK BLANGAH HTS","04 TO 06",67,"New Generation",1976,"54 years 05 months",335000
"2021-06","BUKIT PANJANG","4 ROOM","146","GANGSA RD","04 TO 06",104,"Model A",1988,"66 years 03 months",425000
"2021-06","BUKIT PANJANG","4 ROOM","636C","SENJA RD","07 TO 09",92,"Model A",2015,"93 years 06 months",478000
"2021-06","BUKIT PANJANG","4 ROOM","636B","SENJA RD","13 TO 15",92,"Model A",2015,"93 years 06 months",485000
"2021-06","BUKIT TIMAH","4 ROOM","14","TOH YI DR","07 TO 09",104,"Model A",1988,"66 years 04 months",638000
"2021-06","CENTRAL AREA","4 ROOM","232","BAIN ST","07 TO 09",82,"Improved",1980,"58 years 01 month",628000
"2021-06","CHOA CHU KANG","4 ROOM","224","CHOA CHU KANG CTRL","07 TO 09",104,"Model A",1993,"71 years",425000
"2021-06","CHOA CHU KANG","4 ROOM","202","CHOA CHU KANG AVE 1","10 TO 12",112,"Model A",1989,"67 years 07 months",455000
"2021-06","CHOA CHU KANG","5 ROOM","670A","CHOA CHU KANG CRES","07 TO 09",124,"Premium Apartment",1999,"77 years 06 months",485000
"2021-06","CHOA CHU KANG","5 ROOM","809A","CHOA CHU KANG AVE 1","13 TO 15",112,"Improved",2017,"94 years 11 months",570000
"2021-06","CHOA CHU KANG","EXECUTIVE","208","CHOA CHU KANG CTRL","10 TO 12",146,"Maisonette",1989,"67 years 03 months",685000
"2021-06","CLEMENTI","3 ROOM","331","CLEMENTI AVE 2","10 TO 12",82,"New Generation",1978,"56 years 02 months",405000
"2021-06","CLEMENTI","4 ROOM","307","CLEMENTI AVE 4","04 TO 06",92,"New Generation",1979,"57 years 06 months",520000
"2021-06","GEYLANG","4 ROOM","323","UBI AVE 1","01 TO 03",84,"Simplified",1985,"63 years 01 month",388888
"2021-06","GEYLANG","4 ROOM","47","JLN TIGA","04 TO 06",93,"Model A",2005,"82 years 10 months",690000
"2021-06","HOUGANG","4 ROOM","310","HOUGANG AVE 5","04 TO 06",98,"New Generation",1984,"61 years 09 months",385000
"2021-06","HOUGANG","4 ROOM","475A","UPP SERANGOON CRES","13 TO 15",92,"DBSS",2014,"92 years 05 months",625000
"2021-06","HOUGANG","5 ROOM","473D","UPP SERANGOON CRES","13 TO 15",113,"Improved",2017,"95 years 01 month",670000
"2021-06","KALLANG/WHAMPOA","4 ROOM","99","WHAMPOA DR","04 TO 06",91,"Improved",1974,"51 years 10 months",390000
"2021-06","MARINE PARADE","4 ROOM","45","MARINE CRES","04 TO 06",88,"Improved",1975,"53 years",488000
"2021-06","MARINE PARADE","4 ROOM","17","MARINE TER","10 TO 12",82,"Improved",1975,"52 years 10 months",520000
"2021-06","MARINE PARADE","5 ROOM","13","MARINE TER","16 TO 18",126,"Standard",1975,"52 years 08 months",750000
"2021-06","PUNGGOL","3 ROOM","613C","PUNGGOL DR","13 TO 15",68,"Model A",2012,"90 years 07 months",380000
"2021-06","PUNGGOL","4 ROOM","613A","PUNGGOL DR","01 TO 03",93,"Model A",2012,"90 years 07 months",415000
"2021-06","PUNGGOL","4 ROOM","169C","PUNGGOL FIELD","04 TO 06",92,"Model A",2014,"91 years 11 months",438888
"2021-06","PUNGGOL","5 ROOM","172B","EDGEDALE PLAINS","07 TO 09",110,"Improved",2004,"81 years 11 months",480000
"2021-06","PUNGGOL","4 ROOM","316D","PUNGGOL WAY","04 TO 06",93,"Premium Apartment",2017,"95 years 04 months",495000
"2021-06","PUNGGOL","4 ROOM","260A","PUNGGOL WAY","07 TO 09",93,"Model A",2016,"94 years 01 month",5e+05
"2021-06","PUNGGOL","4 ROOM","676D","PUNGGOL DR","04 TO 06",93,"Premium Apartment",2016,"94 years 04 months",505000
"2021-06","PUNGGOL","4 ROOM","269C","PUNGGOL FIELD","10 TO 12",96,"Premium Apartment",2013,"90 years 08 months",560000
"2021-06","PUNGGOL","5 ROOM","666A","PUNGGOL DR","01 TO 03",113,"Premium Apartment",2016,"93 years 09 months",616000
"2021-06","PUNGGOL","5 ROOM","677D","PUNGGOL DR","10 TO 12",113,"Premium Apartment",2016,"94 years 04 months",703000
"2021-06","QUEENSTOWN","4 ROOM","86","DAWSON RD","25 TO 27",83,"Premium Apartment",2016,"94 years 03 months",805000
"2021-06","QUEENSTOWN","4 ROOM","89","DAWSON RD","10 TO 12",109,"Premium Apartment Loft",2016,"93 years 11 months",950000
"2021-06","SEMBAWANG","5 ROOM","403","ADMIRALTY LINK","04 TO 06",110,"Improved",2001,"78 years 10 months",422000
"2021-06","SENGKANG","4 ROOM","311B","ANCHORVALE LANE","04 TO 06",95,"Premium Apartment",2002,"80 years 04 months",380000
"2021-06","SENGKANG","4 ROOM","407B","FERNVALE RD","10 TO 12",90,"Premium Apartment",2005,"82 years 08 months",405000
"2021-06","SENGKANG","4 ROOM","201B","COMPASSVALE DR","04 TO 06",90,"Model A",2001,"79 years 02 months",428000
"2021-06","SENGKANG","4 ROOM","266C","COMPASSVALE BOW","04 TO 06",92,"Premium Apartment",2007,"85 years 03 months",485000
"2021-06","SENGKANG","4 ROOM","470C","FERNVALE LINK","19 TO 21",93,"Model A",2016,"94 years 04 months",5e+05
"2021-06","SERANGOON","4 ROOM","236","SERANGOON AVE 3","07 TO 09",84,"Simplified",1985,"63 years 01 month",490000
"2021-06","TAMPINES","3 ROOM","418","TAMPINES ST 41","01 TO 03",74,"Model A",1985,"63 years 01 month",352000
"2021-06","TAMPINES","4 ROOM","416","TAMPINES ST 41","07 TO 09",84,"Simplified",1987,"65 years",410000
"2021-06","TAMPINES","4 ROOM","853","TAMPINES ST 83","01 TO 03",105,"Model A",1987,"65 years 08 months",424000
"2021-06","TAMPINES","4 ROOM","163","TAMPINES ST 12","04 TO 06",107,"Model A",1984,"62 years",469000
"2021-06","TAMPINES","5 ROOM","114","SIMEI ST 1","10 TO 12",121,"Improved",1988,"65 years 08 months",555000
"2021-06","TAMPINES","EXECUTIVE","867A","TAMPINES ST 83","07 TO 09",146,"Maisonette",1989,"66 years 09 months",768000
"2021-06","TOA PAYOH","4 ROOM","138C","LOR 1A TOA PAYOH","31 TO 33",91,"DBSS",2012,"90 years",870000
"2021-06","TOA PAYOH","5 ROOM","154","LOR 2 TOA PAYOH","13 TO 15",122,"Improved",2001,"78 years 09 months",928888
"2021-06","WOODLANDS","3 ROOM","780A","WOODLANDS CRES","13 TO 15",67,"Model A",2015,"93 years 02 months",350000
"2021-06","WOODLANDS","4 ROOM","424","WOODLANDS ST 41","07 TO 09",100,"Model A",1997,"74 years 11 months",380000
"2021-06","WOODLANDS","4 ROOM","729","WOODLANDS CIRCLE","10 TO 12",100,"Model A2",1997,"75 years 07 months",420000
"2021-06","WOODLANDS","5 ROOM","766","WOODLANDS CIRCLE","13 TO 15",111,"Improved",2003,"81 years 02 months",460000
"2021-06","WOODLANDS","5 ROOM","687C","WOODLANDS DR 75","07 TO 09",114,"Premium Apartment",2003,"80 years 08 months",480000
"2021-06","WOODLANDS","EXECUTIVE","681A","WOODLANDS DR 62","07 TO 09",145,"Premium Apartment",2000,"77 years 09 months",643188
"2021-06","YISHUN","EXECUTIVE","828","YISHUN ST 81","04 TO 06",146,"Maisonette",1988,"65 years 08 months",715000
"2021-07","ANG MO KIO","3 ROOM","154","ANG MO KIO AVE 5","04 TO 06",68,"New Generation",1981,"58 years 07 months",328000
"2021-07","BEDOK","3 ROOM","620","BEDOK RESERVOIR RD","04 TO 06",61,"Improved",1986,"64 years 02 months",255000
"2021-07","BEDOK","4 ROOM","40","BEDOK STH RD","07 TO 09",92,"New Generation",1978,"56 years 03 months",430000
"2021-07","BUKIT BATOK","3 ROOM","420","BT BATOK WEST AVE 2","10 TO 12",68,"New Generation",1988,"65 years 11 months",300888
"2021-07","BUKIT BATOK","EXECUTIVE","141","BT BATOK ST 11","16 TO 18",150,"Maisonette",1984,"62 years 06 months",748000
"2021-07","BUKIT MERAH","3 ROOM","129","BT MERAH VIEW","16 TO 18",65,"Improved",1973,"51 years 01 month",310000
"2021-07","BUKIT MERAH","3 ROOM","108","BT PURMEI RD","01 TO 03",74,"Model A",1984,"62 years 01 month",345000
"2021-07","BUKIT PANJANG","3 ROOM","131","CASHEW RD","10 TO 12",73,"Model A",1988,"65 years 10 months",325000
"2021-07","BUKIT PANJANG","3 ROOM","485","SEGAR RD","01 TO 03",67,"Model A",2014,"92 years 06 months",332000
"2021-07","BUKIT PANJANG","4 ROOM","149","PETIR RD","01 TO 03",103,"Model A",1988,"66 years 04 months",360000
"2021-07","BUKIT PANJANG","EXECUTIVE","422","FAJAR RD","07 TO 09",146,"Maisonette",1988,"66 years 06 months",688000
"2021-07","CHOA CHU KANG","4 ROOM","625","CHOA CHU KANG ST 62","10 TO 12",100,"Model A",1997,"74 years 11 months",448888
"2021-07","CHOA CHU KANG","5 ROOM","297D","CHOA CHU KANG AVE 2","01 TO 03",122,"Premium Apartment",1999,"77 years",480000
"2021-07","CHOA CHU KANG","EXECUTIVE","273","CHOA CHU KANG AVE 2","10 TO 12",148,"Apartment",1993,"71 years 01 month",6e+05
"2021-07","CLEMENTI","3 ROOM","704","WEST COAST RD","07 TO 09",67,"New Generation",1980,"58 years 04 months",240000
"2021-07","CLEMENTI","3 ROOM","329","CLEMENTI AVE 2","10 TO 12",67,"New Generation",1978,"56 years 01 month",340000
"2021-07","GEYLANG","3 ROOM","87","CIRCUIT RD","01 TO 03",60,"Improved",1970,"47 years 07 months",255000
"2021-07","GEYLANG","3 ROOM","119","ALJUNIED AVE 2","01 TO 03",86,"New Generation",1999,"76 years 08 months",375000
"2021-07","HOUGANG","3 ROOM","629","HOUGANG AVE 8","04 TO 06",64,"Simplified",1986,"64 years 01 month",305000
"2021-07","HOUGANG","4 ROOM","134","LOR AH SOO","04 TO 06",103,"Model A",1984,"61 years 09 months",425000
"2021-07","HOUGANG","5 ROOM","111","HOUGANG AVE 1","01 TO 03",133,"Improved-Maisonette",1983,"60 years 09 months",698888
"2021-07","JURONG EAST","5 ROOM","272","TOH GUAN RD","01 TO 03",120,"Improved",1999,"76 years 10 months",565000
"2021-07","JURONG EAST","EXECUTIVE","323","JURONG EAST ST 31","10 TO 12",149,"Maisonette",1985,"63 years 02 months",670000
"2021-07","JURONG WEST","3 ROOM","498","JURONG WEST ST 41","04 TO 06",64,"Simplified",1986,"64 years 01 month",288000
"2021-07","JURONG WEST","3 ROOM","477","JURONG WEST ST 41","10 TO 12",73,"Model A",1984,"62 years 01 month",345000
"2021-07","JURONG WEST","4 ROOM","406","JURONG WEST ST 42","07 TO 09",106,"Model A",1984,"62 years 02 months",380000
"2021-07","JURONG WEST","4 ROOM","731","JURONG WEST ST 72","04 TO 06",104,"Model A",1990,"68 years 05 months",4e+05
"2021-07","JURONG WEST","4 ROOM","263","BOON LAY DR","07 TO 09",109,"Model A",1995,"73 years",420000
"2021-07","JURONG WEST","EXECUTIVE","679A","JURONG WEST CTRL 1","07 TO 09",134,"Premium Apartment",2000,"78 years",640000
"2021-07","KALLANG/WHAMPOA","2 ROOM","8","JLN BATU","07 TO 09",48,"Standard",1970,"48 years",255000
"2021-07","KALLANG/WHAMPOA","3 ROOM","1","BEACH RD","16 TO 18",68,"Improved",1979,"57 years 03 months",355000
"2021-07","KALLANG/WHAMPOA","4 ROOM","466","CRAWFORD LANE","16 TO 18",82,"Improved",1982,"60 years 04 months",550000
"2021-07","MARINE PARADE","5 ROOM","43","MARINE CRES","10 TO 12",120,"Standard",1975,"53 years 05 months",745000
"2021-07","MARINE PARADE","5 ROOM","73","MARINE DR","22 TO 24",120,"Standard",1977,"54 years 07 months",9e+05
"2021-07","MARINE PARADE","5 ROOM","77","MARINE DR","19 TO 21",120,"Standard",1977,"54 years 07 months",943000
"2021-07","PASIR RIS","EXECUTIVE","266","PASIR RIS ST 21","01 TO 03",146,"Apartment",1994,"72 years 04 months",630000
"2021-07","PUNGGOL","3 ROOM","672C","EDGEFIELD PLAINS","07 TO 09",65,"Model A",2015,"93 years 06 months",370000
"2021-07","PUNGGOL","4 ROOM","645","PUNGGOL CTRL","04 TO 06",91,"Premium Apartment",2005,"82 years 07 months",410000
"2021-07","PUNGGOL","5 ROOM","203A","PUNGGOL FIELD","01 TO 03",110,"Improved",2004,"82 years 04 months",450000
"2021-07","PUNGGOL","4 ROOM","217B","SUMANG WALK","04 TO 06",92,"Model A",2017,"95 years 01 month",460000
"2021-07","PUNGGOL","4 ROOM","271D","PUNGGOL WALK","01 TO 03",92,"Premium Apartment",2014,"91 years 09 months",482000
"2021-07","PUNGGOL","4 ROOM","217B","SUMANG WALK","13 TO 15",92,"Model A",2017,"95 years 01 month",505000
"2021-07","PUNGGOL","5 ROOM","165B","PUNGGOL CTRL","13 TO 15",114,"Premium Apartment",2004,"82 years",510000
"2021-07","SEMBAWANG","4 ROOM","409","SEMBAWANG DR","10 TO 12",90,"Model A",2001,"78 years 10 months",415000
"2021-07","SEMBAWANG","4 ROOM","592C","MONTREAL LINK","10 TO 12",93,"Model A",2015,"92 years 09 months",460000
"2021-07","SENGKANG","3 ROOM","445B","FERNVALE RD","13 TO 15",68,"Model A",2012,"90 years 06 months",370000
"2021-07","SENGKANG","4 ROOM","470C","FERNVALE LINK","19 TO 21",93,"Model A",2016,"94 years 03 months",450000
"2021-07","SENGKANG","4 ROOM","436B","FERNVALE RD","10 TO 12",96,"Model A",2010,"87 years 09 months",480000
"2021-07","SENGKANG","4 ROOM","331C","ANCHORVALE ST","13 TO 15",92,"Model A",2015,"93 years 02 months",510000
"2021-07","SENGKANG","4 ROOM","332C","ANCHORVALE LINK","13 TO 15",92,"Model A",2015,"93 years",540000
"2021-07","SENGKANG","5 ROOM","163A","RIVERVALE CRES","10 TO 12",113,"Improved",2017,"94 years 11 months",575000
"2021-07","SENGKANG","4 ROOM","277C","COMPASSVALE LINK","13 TO 15",90,"Premium Apartment",2009,"87 years",580000
"2021-07","SENGKANG","5 ROOM","217A","COMPASSVALE DR","13 TO 15",112,"Premium Apartment",2017,"94 years 11 months",737000
"2021-07","SERANGOON","3 ROOM","154","SERANGOON NTH AVE 1","04 TO 06",64,"Simplified",1986,"64 years",284000
"2021-07","TAMPINES","3 ROOM","814","TAMPINES ST 81","10 TO 12",73,"Model A",1984,"62 years 02 months",360000
"2021-07","TAMPINES","4 ROOM","150","SIMEI ST 1","01 TO 03",84,"Simplified",1987,"65 years 06 months",4e+05
"2021-07","TAMPINES","3 ROOM","157","TAMPINES ST 12","07 TO 09",82,"New Generation",1985,"62 years 07 months",438000
"2021-07","TAMPINES","4 ROOM","898A","TAMPINES ST 81","13 TO 15",104,"Model A",1988,"66 years 05 months",530000
"2021-07","TOA PAYOH","3 ROOM","194","KIM KEAT AVE","04 TO 06",66,"Improved",1973,"51 years 01 month",256000
"2021-07","TOA PAYOH","3 ROOM","17","LOR 7 TOA PAYOH","01 TO 03",66,"Improved",1971,"48 years 07 months",270000
"2021-07","TOA PAYOH","3 ROOM","206","TOA PAYOH NTH","07 TO 09",65,"Improved",1973,"51 years 01 month",270000
"2021-07","WOODLANDS","4 ROOM","780C","WOODLANDS CRES","01 TO 03",92,"Model A",2015,"93 years",425000
"2021-07","WOODLANDS","5 ROOM","689D","WOODLANDS DR 75","01 TO 03",110,"Premium Apartment",2004,"81 years 09 months",440000
"2021-07","WOODLANDS","5 ROOM","754","WOODLANDS CIRCLE","01 TO 03",122,"Improved",1997,"75 years 05 months",460000
"2021-07","YISHUN","3 ROOM","207","YISHUN ST 21","01 TO 03",67,"New Generation",1985,"62 years 09 months",315000
"2021-07","YISHUN","3 ROOM","134","YISHUN ST 11","10 TO 12",68,"New Generation",1984,"62 years 02 months",340000
"2021-07","YISHUN","4 ROOM","511B","YISHUN ST 51","10 TO 12",93,"Model A",2017,"95 years 02 months",502000
"2021-07","YISHUN","5 ROOM","241","YISHUN RING RD","04 TO 06",134,"Model A",1986,"64 years 06 months",525000
"2021-08","ANG MO KIO","5 ROOM","460","ANG MO KIO AVE 10","16 TO 18",120,"Improved",1980,"57 years 06 months",6e+05
"2021-08","ANG MO KIO","5 ROOM","310A","ANG MO KIO AVE 1","19 TO 21",121,"Improved",2012,"90 years 01 month",960000
"2021-08","BEDOK","3 ROOM","20","CHAI CHEE RD","01 TO 03",65,"Improved",1972,"50 years",255000
"2021-08","BEDOK","3 ROOM","420","BEDOK NTH ST 1","07 TO 09",68,"New Generation",1979,"56 years 06 months",380000
"2021-08","BEDOK","4 ROOM","655","JLN TENAGA","10 TO 12",108,"Model A",1996,"74 years 03 months",512000
"2021-08","BISHAN","4 ROOM","113","BISHAN ST 12","01 TO 03",84,"Simplified",1986,"63 years 05 months",480000
"2021-08","BISHAN","EXECUTIVE","446","BRIGHT HILL DR","07 TO 09",199,"Maisonette",1990,"67 years 09 months",1030000
"2021-08","BUKIT BATOK","3 ROOM","410","BT BATOK WEST AVE 4","07 TO 09",68,"New Generation",1988,"65 years 10 months",3e+05
"2021-08","BUKIT BATOK","3 ROOM","271","BT BATOK EAST AVE 4","01 TO 03",64,"Simplified",1986,"64 years 01 month",305000
"2021-08","BUKIT BATOK","4 ROOM","119","BT BATOK WEST AVE 6","07 TO 09",110,"Model A",1984,"61 years 10 months",5e+05
"2021-08","BUKIT MERAH","3 ROOM","12","TAMAN HO SWEE","04 TO 06",54,"Standard",1970,"47 years 06 months",258000
"2021-08","BUKIT MERAH","3 ROOM","119","BT MERAH VIEW","16 TO 18",65,"Improved",1983,"60 years 06 months",363000
"2021-08","BUKIT MERAH","4 ROOM","61","TELOK BLANGAH HTS","04 TO 06",81,"New Generation",1976,"54 years 02 months",432888
"2021-08","BUKIT MERAH","4 ROOM","68","TELOK BLANGAH HTS","01 TO 03",91,"New Generation",1978,"55 years 06 months",490000
"2021-08","BUKIT MERAH","4 ROOM","70C","TELOK BLANGAH HTS","10 TO 12",93,"Model A",2017,"94 years 09 months",770000
"2021-08","BUKIT PANJANG","4 ROOM","106","GANGSA RD","07 TO 09",103,"Model A",1988,"65 years 06 months",447000
"2021-08","BUKIT PANJANG","4 ROOM","546A","SEGAR RD","04 TO 06",92,"Model A",2015,"93 years",455000
"2021-08","BUKIT PANJANG","5 ROOM","533","BT PANJANG RING RD","19 TO 21",122,"Improved",1999,"76 years 10 months",625000
"2021-08","BUKIT TIMAH","EXECUTIVE","2","TOH YI DR","04 TO 06",146,"Maisonette",1988,"66 years 01 month",1038000
"2021-08","CHOA CHU KANG","3 ROOM","809B","CHOA CHU KANG AVE 1","10 TO 12",67,"Model A",2017,"94 years 09 months",388000
"2021-08","CHOA CHU KANG","4 ROOM","805C","KEAT HONG CL","07 TO 09",93,"Model A",2017,"94 years 10 months",490000
"2021-08","CLEMENTI","3 ROOM","105","CLEMENTI ST 12","01 TO 03",67,"New Generation",1984,"62 years 05 months",334000
"2021-08","CLEMENTI","5 ROOM","604","CLEMENTI WEST ST 1","10 TO 12",119,"Improved",1979,"57 years 04 months",650000
"2021-08","HOUGANG","3 ROOM","242","HOUGANG ST 22","04 TO 06",67,"New Generation",1984,"62 years 03 months",316000
"2021-08","HOUGANG","4 ROOM","114","HOUGANG AVE 1","07 TO 09",95,"New Generation",1982,"59 years 06 months",380000
"2021-08","HOUGANG","4 ROOM","159","HOUGANG ST 11","07 TO 09",103,"Model A",1998,"75 years 06 months",520000
"2021-08","HOUGANG","5 ROOM","699","HOUGANG ST 52","16 TO 18",125,"Improved",1999,"76 years 07 months",579000
"2021-08","JURONG EAST","4 ROOM","232","JURONG EAST ST 21","01 TO 03",98,"New Generation",1982,"59 years 07 months",4e+05
"2021-08","JURONG EAST","4 ROOM","56","TEBAN GDNS RD","34 TO 36",92,"Model A",2016,"94 years 04 months",550000
"2021-08","JURONG WEST","3 ROOM","698A","JURONG WEST CTRL 3","01 TO 03",68,"Model A",2017,"95 years 02 months",408000
"2021-08","JURONG WEST","5 ROOM","276D","JURONG WEST ST 25","07 TO 09",111,"Improved",2002,"79 years 08 months",450000
"2021-08","JURONG WEST","4 ROOM","685B","JURONG WEST ST 64","07 TO 09",93,"Premium Apartment",2000,"78 years",479000
"2021-08","JURONG WEST","5 ROOM","652A","JURONG WEST ST 61","04 TO 06",111,"Improved",2002,"79 years 09 months",530000
"2021-08","JURONG WEST","EXECUTIVE","752","JURONG WEST ST 74","07 TO 09",154,"Apartment",1995,"73 years 02 months",618000
"2021-08","KALLANG/WHAMPOA","2 ROOM","6","BEACH RD","13 TO 15",42,"Standard",1979,"57 years 02 months",250000
"2021-08","KALLANG/WHAMPOA","5 ROOM","3A","UPP BOON KENG RD","04 TO 06",110,"Improved",2006,"84 years 03 months",740000
"2021-08","PASIR RIS","EXECUTIVE","711","PASIR RIS ST 72","04 TO 06",148,"Apartment",1996,"73 years 11 months",640000
"2021-08","PUNGGOL","5 ROOM","199C","PUNGGOL FIELD","01 TO 03",112,"Improved",2003,"81 years",420000
"2021-08","PUNGGOL","5 ROOM","133","EDGEDALE PLAINS","04 TO 06",111,"Premium Apartment",2003,"81 years 04 months",445000
"2021-08","PUNGGOL","5 ROOM","172C","EDGEDALE PLAINS","07 TO 09",110,"Improved",2004,"81 years 09 months",478000
"2021-08","PUNGGOL","4 ROOM","677C","PUNGGOL DR","01 TO 03",93,"Premium Apartment",2016,"94 years 02 months",5e+05
"2021-08","PUNGGOL","4 ROOM","266B","PUNGGOL WAY","07 TO 09",92,"Model A",2015,"92 years 11 months",503000
"2021-08","PUNGGOL","4 ROOM","271A","PUNGGOL WALK","16 TO 18",93,"Premium Apartment",2014,"91 years 09 months",570000
"2021-08","PUNGGOL","5 ROOM","662D","EDGEDALE PLAINS","10 TO 12",112,"Premium Apartment",2017,"94 years 09 months",655000
"2021-08","QUEENSTOWN","3 ROOM","165","STIRLING RD","01 TO 03",60,"Improved",1970,"48 years",280000
"2021-08","SEMBAWANG","4 ROOM","487","ADMIRALTY LINK","01 TO 03",96,"Model A",2010,"88 years",416000
"2021-08","SENGKANG","3 ROOM","441D","FERNVALE RD","19 TO 21",69,"Model A",2012,"89 years 07 months",406000
"2021-08","SENGKANG","4 ROOM","204B","COMPASSVALE DR","07 TO 09",90,"Model A",2001,"78 years 07 months",440000
"2021-08","SENGKANG","4 ROOM","238","COMPASSVALE WALK","13 TO 15",101,"Model A",1999,"77 years 03 months",442000
"2021-08","SENGKANG","4 ROOM","248","COMPASSVALE RD","07 TO 09",96,"Model A",2000,"77 years 11 months",450000
"2021-08","SENGKANG","5 ROOM","183C","RIVERVALE CRES","10 TO 12",110,"Improved",2003,"80 years 10 months",450000
"2021-08","SENGKANG","5 ROOM","158C","RIVERVALE CRES","16 TO 18",111,"Premium Apartment",2003,"81 years 01 month",490000
"2021-08","SENGKANG","5 ROOM","262A","COMPASSVALE ST","10 TO 12",110,"Improved",2001,"78 years 09 months",510000
"2021-08","SENGKANG","4 ROOM","266B","COMPASSVALE BOW","10 TO 12",92,"Premium Apartment",2007,"85 years 01 month",520000
"2021-08","SENGKANG","4 ROOM","216D","COMPASSVALE DR","01 TO 03",92,"Premium Apartment",2017,"94 years 09 months",580000
"2021-08","SENGKANG","4 ROOM","275B","COMPASSVALE LINK","04 TO 06",90,"Premium Apartment",2009,"86 years 10 months",580000
"2021-08","SENGKANG","5 ROOM","336C","ANCHORVALE CRES","10 TO 12",111,"Premium Apartment",2015,"93 years 04 months",645000
"2021-08","TAMPINES","3 ROOM","270","TAMPINES ST 21","07 TO 09",75,"Model A",1985,"63 years 05 months",335000
"2021-08","TAMPINES","3 ROOM","929","TAMPINES ST 91","04 TO 06",73,"Model A",1984,"62 years 02 months",355000
"2021-08","TAMPINES","3 ROOM","242","TAMPINES ST 21","01 TO 03",67,"New Generation",1984,"62 years 03 months",365000
"2021-08","TAMPINES","4 ROOM","164","SIMEI RD","04 TO 06",104,"Model A",1989,"66 years 08 months",460000
"2021-08","TAMPINES","5 ROOM","523C","TAMPINES CTRL 7","04 TO 06",113,"Improved",2015,"93 years 01 month",673000
"2021-08","TAMPINES","EXECUTIVE","429","TAMPINES ST 41","07 TO 09",148,"Maisonette",1985,"63 years 04 months",675000
"2021-08","TOA PAYOH","2 ROOM","160","LOR 1 TOA PAYOH","07 TO 09",40,"Improved",1972,"49 years 06 months",228000
"2021-08","TOA PAYOH","5 ROOM","256","KIM KEAT AVE","01 TO 03",122,"Improved",1988,"66 years 06 months",580000
"2021-08","TOA PAYOH","4 ROOM","84","LOR 2 TOA PAYOH","01 TO 03",106,"Model A",1997,"74 years 10 months",590000
"2021-08","TOA PAYOH","5 ROOM","60","LOR 4 TOA PAYOH","13 TO 15",120,"Improved",1999,"77 years 02 months",870000
"2021-08","WOODLANDS","3 ROOM","202","MARSILING DR","13 TO 15",68,"New Generation",1981,"59 years",282000
"2021-08","WOODLANDS","3 ROOM","149","WOODLANDS ST 13","10 TO 12",68,"New Generation",1985,"62 years 08 months",290000
"2021-08","WOODLANDS","4 ROOM","897B","WOODLANDS DR 50","07 TO 09",99,"Model A",1997,"74 years 11 months",406888
"2021-08","YISHUN","4 ROOM","660","YISHUN AVE 4","07 TO 09",84,"Simplified",1987,"65 years 01 month",385000
"2021-08","YISHUN","5 ROOM","357","YISHUN RING RD","07 TO 09",122,"Improved",1988,"66 years 01 month",490000
"2021-09","ANG MO KIO","3 ROOM","219","ANG MO KIO AVE 1","10 TO 12",67,"New Generation",1977,"54 years 11 months",324078
"2021-09","BEDOK","3 ROOM","71","BEDOK STH RD","01 TO 03",67,"New Generation",1978,"55 years 04 months",290000
"2021-09","BUKIT BATOK","4 ROOM","308","BT BATOK ST 31","10 TO 12",93,"New Generation",1985,"62 years 10 months",420000
"2021-09","BUKIT PANJANG","4 ROOM","611","BT PANJANG RING RD","07 TO 09",90,"Model A",2002,"79 years 09 months",440000
"2021-09","BUKIT PANJANG","EXECUTIVE","532","JELAPANG RD","07 TO 09",143,"Maisonette",1999,"76 years 07 months",8e+05
"2021-09","CHOA CHU KANG","4 ROOM","487B","CHOA CHU KANG AVE 5","04 TO 06",93,"Model A",2016,"93 years 10 months",452500
"2021-09","CHOA CHU KANG","5 ROOM","440","CHOA CHU KANG AVE 4","01 TO 03",125,"Improved",1993,"70 years 10 months",5e+05
"2021-09","CHOA CHU KANG","4 ROOM","810B","CHOA CHU KANG AVE 7","13 TO 15",93,"Model A",2017,"95 years 02 months",5e+05
"2021-09","CHOA CHU KANG","5 ROOM","418","CHOA CHU KANG AVE 4","04 TO 06",122,"Improved",1993,"70 years 09 months",525000
"2021-09","CHOA CHU KANG","4 ROOM","818A","CHOA CHU KANG AVE 1","19 TO 21",92,"Model A",2017,"95 years 01 month",530000
"2021-09","CLEMENTI","3 ROOM","608","CLEMENTI WEST ST 1","01 TO 03",67,"New Generation",1979,"57 years 03 months",288000
"2021-09","CLEMENTI","3 ROOM","610","CLEMENTI WEST ST 1","01 TO 03",74,"Model A",1983,"61 years",315000
"2021-09","CLEMENTI","3 ROOM","702","WEST COAST RD","01 TO 03",82,"New Generation",1980,"58 years 02 months",348000
"2021-09","CLEMENTI","5 ROOM","459","CLEMENTI AVE 3","07 TO 09",110,"Improved",2002,"80 years 04 months",760000
"2021-09","CLEMENTI","EXECUTIVE","116","CLEMENTI ST 13","07 TO 09",149,"Maisonette",1984,"61 years 10 months",878000
"2021-09","HOUGANG","4 ROOM","699B","HOUGANG ST 52","13 TO 15",100,"Model A",1998,"76 years 03 months",480888
"2021-09","HOUGANG","4 ROOM","424","HOUGANG AVE 6","07 TO 09",105,"Model A",1989,"67 years 04 months",501000
"2021-09","HOUGANG","4 ROOM","987C","BUANGKOK GREEN","16 TO 18",93,"Model A",2015,"92 years 06 months",518000
"2021-09","HOUGANG","5 ROOM","156","HOUGANG ST 11","04 TO 06",123,"Improved",1984,"62 years 03 months",590000
"2021-09","HOUGANG","4 ROOM","365A","UPP SERANGOON RD","04 TO 06",93,"Model A",2018,"95 years 05 months",6e+05
"2021-09","HOUGANG","4 ROOM","475B","UPP SERANGOON CRES","01 TO 03",92,"DBSS",2014,"92 years 02 months",610000
"2021-09","JURONG EAST","4 ROOM","32","TEBAN GDNS RD","10 TO 12",99,"New Generation",1981,"58 years 11 months",380000
"2021-09","JURONG EAST","4 ROOM","214","JURONG EAST ST 21","01 TO 03",94,"New Generation",1983,"60 years 07 months",420000
"2021-09","JURONG EAST","EXECUTIVE","322A","JURONG EAST ST 31","07 TO 09",149,"Maisonette",1985,"62 years 08 months",740000
"2021-09","JURONG WEST","5 ROOM","272B","JURONG WEST ST 24","07 TO 09",112,"Premium Apartment",2003,"81 years 02 months",465000
"2021-09","KALLANG/WHAMPOA","3 ROOM","10A","BENDEMEER RD","34 TO 36",68,"Model A",2017,"95 years 04 months",688000
"2021-09","PASIR RIS","5 ROOM","520","PASIR RIS ST 52","07 TO 09",127,"Improved",1993,"71 years 04 months",595000
"2021-09","PUNGGOL","5 ROOM","308A","PUNGGOL WALK","07 TO 09",112,"Premium Apartment",2016,"93 years 07 months",725000
"2021-09","SEMBAWANG","5 ROOM","321","SEMBAWANG CL","01 TO 03",119,"Improved",1999,"76 years 09 months",472000
"2021-09","SEMBAWANG","5 ROOM","340B","SEMBAWANG CL","13 TO 15",111,"Premium Apartment",2001,"78 years 09 months",548000
"2021-09","SEMBAWANG","EXECUTIVE","354D","ADMIRALTY DR","07 TO 09",126,"Apartment",2002,"79 years 05 months",664000
"2021-09","SENGKANG","5 ROOM","403C","FERNVALE LANE","07 TO 09",111,"Premium Apartment",2004,"81 years 08 months",458000
"2021-09","SENGKANG","4 ROOM","469B","SENGKANG WEST WAY","13 TO 15",93,"Model A",2016,"94 years",478000
"2021-09","SENGKANG","4 ROOM","441C","FERNVALE RD","16 TO 18",92,"Model A",2012,"89 years 05 months",498000
"2021-09","SENGKANG","5 ROOM","319B","ANCHORVALE DR","13 TO 15",110,"Improved",2002,"79 years 11 months",538000
"2021-09","SENGKANG","4 ROOM","215A","COMPASSVALE DR","10 TO 12",92,"Premium Apartment",2017,"94 years 09 months",606888
"2021-09","SENGKANG","5 ROOM","288B","COMPASSVALE CRES","10 TO 12",113,"Premium Apartment",2017,"95 years 03 months",660000
"2021-09","SERANGOON","3 ROOM","215","SERANGOON AVE 4","10 TO 12",67,"New Generation",1985,"62 years 09 months",360000
"2021-09","TAMPINES","3 ROOM","899A","TAMPINES ST 81","07 TO 09",74,"Model A",1988,"66 years",380000
"2021-09","TAMPINES","4 ROOM","263","TAMPINES ST 21","07 TO 09",103,"Model A",1984,"62 years",485000
"2021-09","TAMPINES","EXECUTIVE","151","TAMPINES ST 12","04 TO 06",150,"Maisonette",1984,"62 years",8e+05
"2021-09","WOODLANDS","4 ROOM","891B","WOODLANDS DR 50","01 TO 03",100,"Model A",1996,"74 years 03 months",405000
"2021-09","YISHUN","3 ROOM","402","YISHUN RING RD","04 TO 06",74,"Model A",1989,"66 years 06 months",310000
"2021-09","YISHUN","3 ROOM","731","YISHUN ST 72","01 TO 03",67,"New Generation",1984,"61 years 11 months",330000
"2021-09","YISHUN","4 ROOM","217","YISHUN ST 21","04 TO 06",93,"New Generation",1985,"63 years",420000
"2021-09","YISHUN","4 ROOM","799","YISHUN RING RD","10 TO 12",103,"Model A",1987,"64 years 04 months",475000
"2021-10","ANG MO KIO","3 ROOM","108","ANG MO KIO AVE 4","10 TO 12",67,"New Generation",1978,"55 years 11 months",338000
"2021-10","ANG MO KIO","3 ROOM","606","ANG MO KIO AVE 5","01 TO 03",81,"New Generation",1980,"57 years 09 months",393000
"2021-10","ANG MO KIO","5 ROOM","501","ANG MO KIO AVE 5","01 TO 03",121,"Improved",1981,"58 years 04 months",580000
"2021-10","BEDOK","4 ROOM","105","BEDOK NTH AVE 4","10 TO 12",91,"New Generation",1977,"54 years 10 months",420000
"2021-10","BEDOK","4 ROOM","769","BEDOK RESERVOIR VIEW","07 TO 09",105,"Premium Apartment",2000,"78 years 03 months",570000
"2021-10","BEDOK","5 ROOM","27","CHAI CHEE RD","04 TO 06",122,"Improved",1993,"70 years 08 months",7e+05
"2021-10","BEDOK","5 ROOM","103","LENGKONG TIGA","13 TO 15",125,"Improved",1989,"66 years 04 months",770000
"2021-10","BUKIT BATOK","3 ROOM","537","BT BATOK ST 52","07 TO 09",73,"Model A",1987,"64 years 08 months",343000
"2021-10","BUKIT PANJANG","3 ROOM","633A","SENJA RD","07 TO 09",67,"Model A",2013,"91 years 03 months",376888
"2021-10","BUKIT PANJANG","5 ROOM","425","FAJAR RD","04 TO 06",122,"Improved",1989,"66 years 06 months",4e+05
"2021-10","BUKIT PANJANG","5 ROOM","483","SEGAR RD","04 TO 06",112,"Premium Apartment",2002,"79 years 11 months",443000
"2021-10","BUKIT PANJANG","4 ROOM","547B","SEGAR RD","04 TO 06",92,"Model A",2015,"92 years 10 months",453000
"2021-10","BUKIT PANJANG","4 ROOM","443C","FAJAR RD","01 TO 03",93,"Model A",2016,"94 years 02 months",455000
"2021-10","BUKIT PANJANG","4 ROOM","274","BANGKIT RD","07 TO 09",104,"Model A",1987,"65 years 02 months",460000
"2021-10","BUKIT PANJANG","4 ROOM","548A","SEGAR RD","16 TO 18",92,"Model A",2015,"93 years 03 months",5e+05
"2021-10","CHOA CHU KANG","4 ROOM","20","TECK WHYE LANE","10 TO 12",91,"New Generation",1981,"58 years 11 months",361000
"2021-10","CHOA CHU KANG","3 ROOM","801A","KEAT HONG CL","04 TO 06",67,"Model A",2018,"95 years 05 months",375000
"2021-10","CLEMENTI","3 ROOM","429","CLEMENTI AVE 3","10 TO 12",67,"New Generation",1978,"55 years 08 months",390000
"2021-10","JURONG WEST","4 ROOM","412","JURONG WEST ST 42","10 TO 12",103,"Model A",1985,"62 years 08 months",386000
"2021-10","JURONG WEST","5 ROOM","911","JURONG WEST ST 91","10 TO 12",122,"Improved",1989,"66 years 05 months",458000
"2021-10","JURONG WEST","5 ROOM","197D","BOON LAY DR","13 TO 15",113,"Improved",2015,"92 years 07 months",635888
"2021-10","MARINE PARADE","5 ROOM","78","MARINE DR","10 TO 12",120,"Standard",1977,"54 years 04 months",893000
"2021-10","PASIR RIS","4 ROOM","526A","PASIR RIS ST 51","10 TO 12",93,"Model A",2015,"92 years 09 months",565000
"2021-10","PASIR RIS","EXECUTIVE","539","PASIR RIS ST 51","01 TO 03",147,"Maisonette",1992,"70 years 02 months",720000
"2021-10","PUNGGOL","5 ROOM","637C","PUNGGOL DR","10 TO 12",111,"Premium Apartment",2005,"82 years 04 months",5e+05
"2021-10","PUNGGOL","4 ROOM","269C","PUNGGOL FIELD","04 TO 06",93,"Premium Apartment",2013,"90 years 04 months",508888
"2021-10","PUNGGOL","4 ROOM","217B","SUMANG WALK","04 TO 06",92,"Model A",2017,"94 years 10 months",515000
"2021-10","PUNGGOL","4 ROOM","666A","PUNGGOL DR","16 TO 18",93,"Premium Apartment",2016,"93 years 04 months",560000
"2021-10","QUEENSTOWN","4 ROOM","19","DOVER CRES","13 TO 15",92,"Model A",2003,"80 years 11 months",695000
"2021-10","QUEENSTOWN","4 ROOM","86","DAWSON RD","25 TO 27",83,"Premium Apartment",2016,"93 years 11 months",838000
"2021-10","SEMBAWANG","5 ROOM","354C","ADMIRALTY DR","10 TO 12",110,"Improved",2001,"79 years 03 months",527000
"2021-10","SENGKANG","2 ROOM","441C","FERNVALE RD","13 TO 15",50,"Model A",2012,"89 years 05 months",320000
"2021-10","SENGKANG","4 ROOM","195","RIVERVALE DR","13 TO 15",91,"Model A",2001,"78 years 10 months",422000
"2021-10","SENGKANG","4 ROOM","403D","FERNVALE LANE","13 TO 15",92,"Premium Apartment",2004,"81 years 09 months",440000
"2021-10","SENGKANG","5 ROOM","201A","COMPASSVALE DR","04 TO 06",110,"Improved",2001,"78 years 11 months",475000
"2021-10","SENGKANG","4 ROOM","212C","COMPASSVALE DR","10 TO 12",98,"Premium Apartment",2012,"90 years 01 month",483000
"2021-10","SENGKANG","5 ROOM","128","RIVERVALE ST","10 TO 12",120,"Improved",1999,"76 years 09 months",488000
"2021-10","SENGKANG","4 ROOM","271B","SENGKANG CTRL","07 TO 09",93,"Premium Apartment",2010,"87 years 07 months",555000
"2021-10","SENGKANG","4 ROOM","274C","COMPASSVALE BOW","07 TO 09",92,"Model A",2017,"95 years 02 months",595000
"2021-10","SENGKANG","5 ROOM","472A","FERNVALE ST","10 TO 12",113,"Improved",2016,"93 years 11 months",620000
"2021-10","SENGKANG","4 ROOM","216B","COMPASSVALE DR","10 TO 12",92,"Premium Apartment",2017,"94 years 08 months",643000
"2021-10","SERANGOON","3 ROOM","218","SERANGOON AVE 4","10 TO 12",67,"New Generation",1985,"62 years 05 months",355000
"2021-10","SERANGOON","4 ROOM","535A","SERANGOON NTH AVE 4","10 TO 12",104,"Model A",1992,"70 years 01 month",481000
"2021-10","TAMPINES","3 ROOM","914","TAMPINES ST 91","04 TO 06",73,"Model A",1984,"62 years",360000
"2021-10","TAMPINES","4 ROOM","459","TAMPINES ST 42","04 TO 06",84,"Simplified",1987,"65 years",435000
"2021-10","TAMPINES","4 ROOM","450C","TAMPINES ST 42","01 TO 03",106,"Model A",1996,"74 years",450000
"2021-10","TAMPINES","4 ROOM","212","TAMPINES ST 23","07 TO 09",104,"Model A",1985,"62 years 07 months",460000
"2021-10","TAMPINES","5 ROOM","707","TAMPINES ST 71","07 TO 09",119,"Improved",1997,"74 years 10 months",552000
"2021-10","YISHUN","4 ROOM","316C","YISHUN AVE 9","10 TO 12",92,"Model A",2015,"93 years 01 month",480000
"2021-10","YISHUN","5 ROOM","511A","YISHUN ST 51","13 TO 15",113,"Improved",2017,"94 years 11 months",650000
"2021-11","ANG MO KIO","3 ROOM","533","ANG MO KIO AVE 5","04 TO 06",82,"New Generation",1980,"57 years 03 months",368000
"2021-11","ANG MO KIO","3 ROOM","422","ANG MO KIO AVE 3","10 TO 12",73,"New Generation",1979,"56 years 03 months",393000
"2021-11","ANG MO KIO","5 ROOM","588D","ANG MO KIO ST 52","07 TO 09",117,"DBSS",2011,"88 years 10 months",942000
"2021-11","BEDOK","3 ROOM","105","BEDOK NTH AVE 4","07 TO 09",67,"New Generation",1977,"54 years 09 months",310000
"2021-11","BEDOK","3 ROOM","70","BEDOK STH RD","01 TO 03",67,"New Generation",1978,"55 years 03 months",340000
"2021-11","BEDOK","4 ROOM","428","BEDOK NTH RD","07 TO 09",92,"New Generation",1979,"56 years 03 months",420000
"2021-11","BEDOK","4 ROOM","769","BEDOK RESERVOIR VIEW","04 TO 06",105,"Premium Apartment",2000,"78 years 02 months",520000
"2021-11","BEDOK","5 ROOM","611","BEDOK RESERVOIR RD","01 TO 03",123,"Improved",1993,"70 years 07 months",530000
"2021-11","BEDOK","5 ROOM","722","BEDOK RESERVOIR RD","10 TO 12",139,"Model A-Maisonette",1984,"61 years 09 months",750000
"2021-11","BISHAN","3 ROOM","115","BISHAN ST 12","04 TO 06",64,"Simplified",1986,"63 years 03 months",410000
"2021-11","BISHAN","EXECUTIVE","245","BISHAN ST 22","04 TO 06",149,"Maisonette",1992,"69 years 09 months",940000
"2021-11","BUKIT BATOK","3 ROOM","539","BT BATOK ST 52","01 TO 03",73,"Model A",1987,"64 years 07 months",333000
"2021-11","BUKIT BATOK","4 ROOM","194B","BT BATOK WEST AVE 6","13 TO 15",92,"Premium Apartment",2017,"94 years 09 months",628000
"2021-11","BUKIT MERAH","3 ROOM","38","BEO CRES","10 TO 12",59,"Standard",1971,"48 years 03 months",342888
"2021-11","BUKIT MERAH","5 ROOM","67","TELOK BLANGAH DR","01 TO 03",118,"Standard",1978,"55 years 09 months",560000
"2021-11","BUKIT MERAH","4 ROOM","12","JLN BT MERAH","16 TO 18",105,"Model A",1996,"74 years 01 month",715000
"2021-11","BUKIT MERAH","5 ROOM","111B","DEPOT RD","10 TO 12",116,"Improved",2006,"83 years 04 months",8e+05
"2021-11","BUKIT MERAH","4 ROOM","8","CANTONMENT CL","22 TO 24",90,"Model A",2002,"80 years 04 months",805000
"2021-11","BUKIT PANJANG","5 ROOM","450","BT PANJANG RING RD","10 TO 12",119,"Improved",1997,"74 years 09 months",508000
"2021-11","BUKIT PANJANG","5 ROOM","621","SENJA RD","16 TO 18",111,"Improved",2001,"79 years 02 months",555000
"2021-11","CENTRAL AREA","5 ROOM","1E","CANTONMENT RD","19 TO 21",106,"Type S2",2011,"88 years 03 months",1125000
"2021-11","CHOA CHU KANG","3 ROOM","818A","CHOA CHU KANG AVE 1","16 TO 18",67,"Model A",2017,"94 years 11 months",422000
"2021-11","CHOA CHU KANG","4 ROOM","485A","CHOA CHU KANG AVE 5","04 TO 06",100,"Model A",1999,"76 years 07 months",425000
"2021-11","CHOA CHU KANG","4 ROOM","230","CHOA CHU KANG CTRL","10 TO 12",104,"Model A",1990,"67 years 08 months",460000
"2021-11","CHOA CHU KANG","5 ROOM","688B","CHOA CHU KANG DR","10 TO 12",110,"Improved",2002,"79 years 05 months",505000
"2021-11","CLEMENTI","4 ROOM","462","CLEMENTI AVE 3","04 TO 06",90,"Model A",2006,"83 years 09 months",672000
"2021-11","GEYLANG","4 ROOM","120","GEYLANG EAST CTRL","04 TO 06",91,"New Generation",1982,"59 years 07 months",545000
"2021-11","GEYLANG","4 ROOM","18D","CIRCUIT RD","16 TO 18",93,"Model A",2016,"94 years 01 month",750000
"2021-11","HOUGANG","3 ROOM","19","HOUGANG AVE 3","07 TO 09",73,"New Generation",1978,"55 years 07 months",327000
"2021-11","HOUGANG","4 ROOM","471B","UPP SERANGOON CRES","01 TO 03",92,"Model A",2015,"92 years 06 months",483000
"2021-11","JURONG EAST","4 ROOM","247","JURONG EAST ST 24","07 TO 09",95,"New Generation",1983,"60 years 08 months",430000
"2021-11","JURONG WEST","4 ROOM","511","JURONG WEST ST 52","07 TO 09",104,"Model A",1984,"61 years 05 months",520000
"2021-11","JURONG WEST","5 ROOM","523","JURONG WEST ST 52","04 TO 06",118,"Improved",1982,"59 years 06 months",536000
"2021-11","JURONG WEST","5 ROOM","736","JURONG WEST ST 75","10 TO 12",123,"Improved",1995,"72 years 10 months",560000
"2021-11","JURONG WEST","5 ROOM","664A","JURONG WEST ST 64","13 TO 15",110,"Improved",2000,"77 years 09 months",580000
"2021-11","JURONG WEST","5 ROOM","681B","JURONG WEST CTRL 1","07 TO 09",114,"Premium Apartment",2000,"77 years 08 months",582000
"2021-11","KALLANG/WHAMPOA","4 ROOM","8A","UPP BOON KENG RD","13 TO 15",88,"Premium Apartment",2017,"94 years 09 months",850000
"2021-11","MARINE PARADE","3 ROOM","59","MARINE TER","10 TO 12",65,"Improved",1975,"52 years 05 months",390000
"2021-11","MARINE PARADE","4 ROOM","35","MARINE CRES","04 TO 06",82,"Improved",1975,"52 years 08 months",488000
"2021-11","PASIR RIS","4 ROOM","526D","PASIR RIS ST 51","04 TO 06",93,"Model A",2015,"92 years 09 months",570000
"2021-11","PASIR RIS","5 ROOM","554","PASIR RIS ST 51","10 TO 12",122,"Improved",1992,"70 years 02 months",585000
"2021-11","PASIR RIS","EXECUTIVE","503","PASIR RIS ST 52","07 TO 09",145,"Apartment",1993,"71 years 02 months",8e+05
"2021-11","PUNGGOL","2 ROOM","209C","PUNGGOL PL","04 TO 06",46,"2-room",2014,"92 years 02 months",282000
"2021-11","PUNGGOL","3 ROOM","212A","PUNGGOL WALK","10 TO 12",67,"Model A",2015,"92 years 05 months",410000
"2021-11","PUNGGOL","4 ROOM","310A","PUNGGOL WALK","07 TO 09",92,"Premium Apartment",2016,"93 years 07 months",540000
"2021-11","PUNGGOL","5 ROOM","662D","EDGEDALE PLAINS","07 TO 09",112,"Premium Apartment",2017,"94 years 07 months",666000
"2021-11","QUEENSTOWN","3 ROOM","98","C'WEALTH CRES","07 TO 09",59,"Standard",1970,"47 years 08 months",295000
"2021-11","QUEENSTOWN","5 ROOM","86","DAWSON RD","31 TO 33",104,"Premium Apartment",2016,"93 years 10 months",1100000
"2021-11","SENGKANG","3 ROOM","289A","COMPASSVALE CRES","13 TO 15",68,"Premium Apartment",2017,"95 years 01 month",418000
"2021-11","SENGKANG","3 ROOM","289B","COMPASSVALE CRES","07 TO 09",68,"Premium Apartment",2017,"95 years",430000
"2021-11","SENGKANG","3 ROOM","279C","SENGKANG EAST AVE","04 TO 06",67,"Premium Apartment",2015,"92 years 10 months",438888
"2021-11","SENGKANG","4 ROOM","440C","FERNVALE LINK","07 TO 09",92,"Model A",2015,"92 years 09 months",465000
"2021-11","SENGKANG","5 ROOM","325A","SENGKANG EAST WAY","07 TO 09",110,"Improved",2003,"80 years 05 months",527000
"2021-11","SENGKANG","5 ROOM","229","COMPASSVALE WALK","10 TO 12",123,"Improved",1999,"76 years 11 months",576000
"2021-11","SENGKANG","5 ROOM","286B","COMPASSVALE CRES","10 TO 12",113,"Premium Apartment",2017,"95 years 01 month",665000
"2021-11","SENGKANG","5 ROOM","287A","COMPASSVALE CRES","13 TO 15",113,"Premium Apartment",2017,"95 years",708000
"2021-11","TAMPINES","3 ROOM","885","TAMPINES ST 83","01 TO 03",74,"Model A",1987,"65 years 01 month",348000
"2021-11","TAMPINES","3 ROOM","520C","TAMPINES CTRL 8","16 TO 18",62,"DBSS",2014,"91 years 08 months",532000
"2021-11","TAMPINES","5 ROOM","706","TAMPINES ST 71","13 TO 15",119,"Improved",1997,"74 years 09 months",630000
"2021-11","TOA PAYOH","3 ROOM","109","LOR 1 TOA PAYOH","01 TO 03",66,"Improved",1970,"47 years 03 months",310000
"2021-11","TOA PAYOH","5 ROOM","50","LOR 5 TOA PAYOH","07 TO 09",123,"Improved",1993,"70 years 05 months",738000
"2021-11","TOA PAYOH","5 ROOM","153A","LOR 1 TOA PAYOH","04 TO 06",124,"Improved",1999,"76 years 03 months",830000
"2021-11","TOA PAYOH","5 ROOM","153","LOR 2 TOA PAYOH","28 TO 30",124,"Improved",1999,"76 years 08 months",1065000
"2021-11","WOODLANDS","3 ROOM","302A","WOODLANDS ST 31","28 TO 30",67,"Model A",2016,"94 years",445000
"2021-11","WOODLANDS","4 ROOM","639","WOODLANDS RING RD","07 TO 09",102,"Model A",1999,"76 years 09 months",468000
"2021-11","YISHUN","3 ROOM","774","YISHUN AVE 3","01 TO 03",64,"Simplified",1987,"64 years 04 months",307000
"2021-11","YISHUN","3 ROOM","402","YISHUN RING RD","10 TO 12",74,"Model A",1989,"66 years 04 months",338000
"2021-11","YISHUN","4 ROOM","274","YISHUN ST 22","10 TO 12",104,"Model A",1986,"63 years 04 months",450000
"2021-11","YISHUN","4 ROOM","430A","YISHUN AVE 11","13 TO 15",92,"Model A",2015,"93 years 02 months",475000
"2021-11","YISHUN","EXECUTIVE","387","YISHUN RING RD","04 TO 06",146,"Maisonette",1988,"65 years 08 months",688000
"2021-12","ANG MO KIO","4 ROOM","207","ANG MO KIO AVE 1","01 TO 03",97,"New Generation",1976,"53 years 07 months",415000
"2021-12","ANG MO KIO","4 ROOM","353","ANG MO KIO ST 32","13 TO 15",90,"Model A",2001,"78 years 10 months",625000
"2021-12","ANG MO KIO","5 ROOM","401","ANG MO KIO AVE 10","16 TO 18",119,"Improved",1979,"56 years 06 months",645000
"2021-12","BEDOK","3 ROOM","125","BEDOK NTH RD","07 TO 09",67,"New Generation",1978,"55 years 06 months",340000
"2021-12","BEDOK","5 ROOM","68","BEDOK STH AVE 3","07 TO 09",123,"Standard",1977,"54 years 11 months",585000
"2021-12","BEDOK","5 ROOM","25","CHAI CHEE RD","04 TO 06",122,"Improved",1993,"70 years 05 months",660000
"2021-12","BEDOK","5 ROOM","766","BEDOK RESERVOIR VIEW","16 TO 18",115,"Premium Apartment",2000,"78 years",7e+05
"2021-12","BUKIT BATOK","EXECUTIVE","326","BT BATOK ST 33","01 TO 03",149,"Maisonette",1985,"62 years 11 months",660888
"2021-12","BUKIT MERAH","3 ROOM","10","TELOK BLANGAH CRES","01 TO 03",59,"Improved",1975,"52 years 04 months",305000
"2021-12","BUKIT PANJANG","5 ROOM","483","SEGAR RD","01 TO 03",111,"Premium Apartment",2002,"79 years 09 months",468000
"2021-12","BUKIT PANJANG","5 ROOM","273","BANGKIT RD","04 TO 06",122,"Improved",1988,"66 years",5e+05
"2021-12","CENTRAL AREA","3 ROOM","633","VEERASAMY RD","01 TO 03",72,"Model A",1985,"62 years 07 months",460000
"2021-12","CENTRAL AREA","4 ROOM","1C","CANTONMENT RD","19 TO 21",93,"Type S1",2011,"88 years 02 months",1e+06
"2021-12","CHOA CHU KANG","4 ROOM","808D","CHOA CHU KANG AVE 1","04 TO 06",92,"Model A",2017,"94 years 05 months",460000
"2021-12","CHOA CHU KANG","5 ROOM","810A","CHOA CHU KANG AVE 7","10 TO 12",113,"Improved",2017,"95 years",588000
"2021-12","CHOA CHU KANG","5 ROOM","817A","KEAT HONG LINK","04 TO 06",112,"Improved",2017,"94 years 10 months",620000
"2021-12","CLEMENTI","3 ROOM","429","CLEMENTI AVE 3","01 TO 03",67,"New Generation",1978,"55 years 06 months",351000
"2021-12","CLEMENTI","4 ROOM","311B","CLEMENTI AVE 4","16 TO 18",80,"DBSS",2014,"92 years 01 month",736888
"2021-12","HOUGANG","4 ROOM","436","HOUGANG AVE 8","01 TO 03",107,"Model A",1990,"68 years 01 month",440000
"2021-12","JURONG WEST","5 ROOM","745","JURONG WEST ST 73","04 TO 06",122,"Improved",1990,"67 years 08 months",478000
"2021-12","JURONG WEST","5 ROOM","274D","JURONG WEST AVE 3","07 TO 09",111,"Improved",2001,"79 years",490888
"2021-12","JURONG WEST","5 ROOM","351","CORPORATION DR","07 TO 09",122,"Improved",1997,"75 years",570000
"2021-12","JURONG WEST","4 ROOM","138D","YUAN CHING RD","10 TO 12",91,"DBSS",2014,"91 years 10 months",645000
"2021-12","KALLANG/WHAMPOA","3 ROOM","45","BENDEMEER RD","01 TO 03",66,"Improved",1972,"49 years 02 months",335000
"2021-12","KALLANG/WHAMPOA","3 ROOM","68","GEYLANG BAHRU","10 TO 12",65,"Improved",1974,"51 years 07 months",340000
"2021-12","KALLANG/WHAMPOA","4 ROOM","15","UPP BOON KENG RD","07 TO 09",88,"Improved",1975,"52 years 03 months",445000
"2021-12","KALLANG/WHAMPOA","4 ROOM","116A","JLN TENTERAM","16 TO 18",93,"Model A",2017,"95 years",745000
"2021-12","KALLANG/WHAMPOA","4 ROOM","117A","JLN TENTERAM","19 TO 21",93,"Model A",2017,"95 years",760000
"2021-12","KALLANG/WHAMPOA","4 ROOM","8B","UPP BOON KENG RD","01 TO 03",95,"Premium Apartment",2017,"94 years 08 months",810000
"2021-12","MARINE PARADE","3 ROOM","31","MARINE CRES","04 TO 06",65,"Improved",1975,"52 years 06 months",388000
"2021-12","MARINE PARADE","3 ROOM","4","MARINE TER","04 TO 06",76,"Improved",1975,"52 years 02 months",390000
"2021-12","PUNGGOL","4 ROOM","132","EDGEDALE PLAINS","07 TO 09",91,"Premium Apartment",2003,"81 years",450000
"2021-12","PUNGGOL","5 ROOM","109C","EDGEDALE PLAINS","10 TO 12",110,"Improved",2003,"80 years 06 months",490000
"2021-12","PUNGGOL","5 ROOM","188","PUNGGOL CTRL","07 TO 09",110,"Premium Apartment",2004,"81 years 05 months",505000
"2021-12","PUNGGOL","5 ROOM","638B","PUNGGOL DR","07 TO 09",110,"Premium Apartment",2005,"82 years 03 months",525000
"2021-12","PUNGGOL","4 ROOM","267B","PUNGGOL FIELD","01 TO 03",97,"Premium Apartment",2013,"90 years 02 months",535000
"2021-12","PUNGGOL","4 ROOM","266D","PUNGGOL WAY","10 TO 12",92,"Model A",2015,"92 years 07 months",539000
"2021-12","PUNGGOL","4 ROOM","310B","PUNGGOL WALK","16 TO 18",92,"Premium Apartment",2016,"93 years 07 months",553000
"2021-12","PUNGGOL","4 ROOM","313C","SUMANG LINK","13 TO 15",92,"Model A",2015,"92 years 07 months",558000
"2021-12","PUNGGOL","4 ROOM","270B","PUNGGOL FIELD","10 TO 12",93,"Premium Apartment",2013,"90 years 01 month",575000
"2021-12","PUNGGOL","4 ROOM","313A","SUMANG LINK","13 TO 15",92,"Model A",2015,"92 years 07 months",580000
"2021-12","PUNGGOL","5 ROOM","312B","SUMANG LINK","07 TO 09",112,"Improved",2015,"92 years 06 months",678000
"2021-12","PUNGGOL","5 ROOM","289D","PUNGGOL PL","13 TO 15",112,"Premium Apartment",2013,"90 years 03 months",7e+05
"2021-12","QUEENSTOWN","4 ROOM","28A","DOVER CRES","07 TO 09",95,"Model A",2012,"89 years 04 months",760000
"2021-12","QUEENSTOWN","5 ROOM","92","DAWSON RD","40 TO 42",122,"Premium Apartment Loft",2016,"93 years 04 months",1328000
"2021-12","SEMBAWANG","EXECUTIVE","423","CANBERRA RD","07 TO 09",130,"Apartment",2001,"78 years 04 months",545000
"2021-12","SENGKANG","2 ROOM","467A","FERNVALE LINK","07 TO 09",47,"Model A",2016,"93 years 09 months",318000
"2021-12","SENGKANG","4 ROOM","266B","COMPASSVALE BOW","16 TO 18",92,"Premium Apartment",2007,"84 years 10 months",562000
"2021-12","SENGKANG","5 ROOM","415C","FERNVALE LINK","01 TO 03",112,"Improved",2016,"93 years 01 month",6e+05
"2021-12","SENGKANG","EXECUTIVE","102","RIVERVALE WALK","13 TO 15",141,"Apartment",1999,"76 years 04 months",685000
"2021-12","SERANGOON","4 ROOM","518","SERANGOON NTH AVE 4","07 TO 09",104,"Model A",1992,"70 years",451000
"2021-12","TAMPINES","4 ROOM","879B","TAMPINES AVE 8","10 TO 12",93,"Model A",2017,"94 years 07 months",610000
"2021-12","TOA PAYOH","3 ROOM","3","UPP ALJUNIED LANE","10 TO 12",57,"Standard",1968,"45 years 08 months",256000
"2021-12","TOA PAYOH","3 ROOM","195","KIM KEAT AVE","07 TO 09",66,"Improved",1973,"50 years 09 months",275000
"2021-12","TOA PAYOH","3 ROOM","98","LOR 1 TOA PAYOH","04 TO 06",68,"Improved",1970,"47 years 02 months",3e+05
"2021-12","TOA PAYOH","3 ROOM","9","LOR 7 TOA PAYOH","04 TO 06",66,"Improved",1970,"47 years 07 months",3e+05
"2021-12","WOODLANDS","4 ROOM","773","WOODLANDS DR 60","10 TO 12",91,"Model A2",1997,"74 years 11 months",430000
"2021-12","WOODLANDS","5 ROOM","839","WOODLANDS ST 82","07 TO 09",124,"Improved",1996,"73 years 09 months",5e+05
"2021-12","YISHUN","4 ROOM","115","YISHUN RING RD","01 TO 03",109,"Model A",1983,"60 years 07 months",398000
"2021-12","YISHUN","4 ROOM","332","YISHUN RING RD","04 TO 06",108,"Model A",1988,"65 years 09 months",428000
"2021-12","YISHUN","4 ROOM","128","YISHUN ST 11","01 TO 03",104,"Model A",1985,"62 years 03 months",432000
"2021-12","YISHUN","4 ROOM","858","YISHUN AVE 4","04 TO 06",104,"Model A",1988,"65 years 08 months",440000
"2021-12","YISHUN","4 ROOM","861","YISHUN AVE 4","10 TO 12",104,"Model A",1989,"66 years 03 months",475000
"2021-12","YISHUN","4 ROOM","509C","YISHUN AVE 4","10 TO 12",93,"Model A",2018,"95 years 05 months",5e+05
"2021-12","YISHUN","5 ROOM","838","YISHUN ST 81","10 TO 12",127,"Improved",1987,"64 years 11 months",658000
"2021-12","YISHUN","MULTI-GENERATION","633","YISHUN ST 61","07 TO 09",171,"Multi Generation",1987,"65 years 01 month",865000
"2022-01","BEDOK","3 ROOM","502","BEDOK NTH ST 3","04 TO 06",59,"Improved",1978,"55 years 04 months",288000
"2022-01","BEDOK","3 ROOM","501","BEDOK NTH ST 3","04 TO 06",59,"Improved",1978,"55 years 04 months",315000
"2022-01","BEDOK","4 ROOM","408","BEDOK NTH AVE 2","04 TO 06",92,"New Generation",1980,"57 years 04 months",438888
"2022-01","BEDOK","4 ROOM","654","JLN TENAGA","04 TO 06",108,"Model A",1996,"73 years 11 months",538000
"2022-01","BEDOK","4 ROOM","748C","BEDOK RESERVOIR CRES","07 TO 09",87,"DBSS",2014,"91 years 08 months",740000
"2022-01","BISHAN","4 ROOM","451","SIN MING AVE","07 TO 09",108,"Model A",1990,"67 years 01 month",642888
"2022-01","BUKIT BATOK","3 ROOM","235","BT BATOK EAST AVE 5","01 TO 03",69,"New Generation",1985,"62 years 05 months",325000
"2022-01","BUKIT BATOK","4 ROOM","370","BT BATOK ST 31","01 TO 03",84,"Simplified",1985,"62 years 10 months",390000
"2022-01","BUKIT MERAH","4 ROOM","27A","JLN MEMBINA","01 TO 03",85,"Model A",2008,"86 years",670000
"2022-01","BUKIT PANJANG","5 ROOM","629","SENJA RD","01 TO 03",110,"Premium Apartment",2004,"81 years 10 months",495000
"2022-01","BUKIT PANJANG","5 ROOM","213","PETIR RD","10 TO 12",122,"Improved",1988,"65 years 09 months",558000
"2022-01","BUKIT PANJANG","5 ROOM","546C","SEGAR RD","16 TO 18",112,"Improved",2015,"92 years 06 months",666888
"2022-01","CHOA CHU KANG","3 ROOM","2","TECK WHYE AVE","04 TO 06",74,"Model A",1984,"61 years 10 months",335000
"2022-01","CHOA CHU KANG","3 ROOM","801A","KEAT HONG CL","04 TO 06",67,"Model A",2018,"95 years 04 months",382888
"2022-01","CHOA CHU KANG","4 ROOM","686C","CHOA CHU KANG CRES","13 TO 15",85,"Model A2",2002,"79 years 10 months",405000
"2022-01","CHOA CHU KANG","5 ROOM","677","CHOA CHU KANG CRES","10 TO 12",122,"Premium Apartment",1999,"76 years 10 months",518000
"2022-01","CLEMENTI","3 ROOM","311B","CLEMENTI AVE 4","22 TO 24",60,"DBSS",2014,"92 years",545000
"2022-01","CLEMENTI","5 ROOM","312A","CLEMENTI AVE 4","07 TO 09",113,"Improved",2017,"94 years 07 months",920000
"2022-01","GEYLANG","3 ROOM","32","BALAM RD","07 TO 09",57,"Standard",1973,"50 years 07 months",247000
"2022-01","GEYLANG","3 ROOM","95","OLD AIRPORT RD","07 TO 09",56,"Standard",1969,"46 years 01 month",318000
"2022-01","GEYLANG","4 ROOM","107","ALJUNIED CRES","07 TO 09",91,"New Generation",1981,"58 years 03 months",510000
"2022-01","HOUGANG","3 ROOM","315","HOUGANG AVE 5","01 TO 03",67,"New Generation",1993,"70 years 03 months",315000
"2022-01","HOUGANG","5 ROOM","699","HOUGANG ST 52","01 TO 03",120,"Improved",1999,"76 years 01 month",520000
"2022-01","HOUGANG","5 ROOM","351","HOUGANG AVE 7","10 TO 12",121,"Improved",1985,"62 years 06 months",558000
"2022-01","HOUGANG","4 ROOM","365C","UPP SERANGOON RD","07 TO 09",92,"Model A",2018,"95 years 01 month",648000
"2022-01","HOUGANG","EXECUTIVE","975","HOUGANG ST 91","04 TO 06",137,"Apartment",1999,"77 years",670000
"2022-01","HOUGANG","4 ROOM","365C","UPP SERANGOON RD","16 TO 18",92,"Model A",2018,"95 years 02 months",692800
"2022-01","JURONG EAST","3 ROOM","244","JURONG EAST ST 24","04 TO 06",67,"New Generation",1983,"60 years 03 months",321000
"2022-01","JURONG WEST","3 ROOM","212","BOON LAY PL","04 TO 06",75,"Improved",1974,"51 years 10 months",305000
"2022-01","JURONG WEST","3 ROOM","925","JURONG WEST ST 92","07 TO 09",73,"Model A",1988,"65 years 10 months",328000
"2022-01","JURONG WEST","5 ROOM","922","JURONG WEST ST 92","04 TO 06",122,"Improved",1988,"65 years 09 months",436000
"2022-01","JURONG WEST","4 ROOM","403","JURONG WEST ST 42","07 TO 09",106,"Model A",1984,"61 years 05 months",450000
"2022-01","JURONG WEST","4 ROOM","694","JURONG WEST CTRL 1","10 TO 12",104,"Premium Apartment",1998,"75 years 02 months",505000
"2022-01","KALLANG/WHAMPOA","3 ROOM","10","GLOUCESTER RD","13 TO 15",67,"New Generation",1976,"53 years 10 months",422000
"2022-01","KALLANG/WHAMPOA","4 ROOM","108C","MCNAIR RD","19 TO 21",95,"Model A",2005,"82 years",780000
"2022-01","MARINE PARADE","5 ROOM","1","MARINE TER","22 TO 24",120,"Standard",1975,"52 years 01 month",850000
"2022-01","PASIR RIS","4 ROOM","475","PASIR RIS DR 6","04 TO 06",105,"Model A",1990,"67 years 04 months",5e+05
"2022-01","PUNGGOL","4 ROOM","641A","PUNGGOL DR","07 TO 09",91,"Premium Apartment",2005,"82 years 01 month",448000
"2022-01","PUNGGOL","4 ROOM","664A","PUNGGOL DR","07 TO 09",90,"Model A",2016,"93 years 06 months",5e+05
"2022-01","PUNGGOL","4 ROOM","213A","PUNGGOL WALK","07 TO 09",93,"Model A",2015,"92 years 03 months",505000
"2022-01","PUNGGOL","4 ROOM","306B","PUNGGOL PL","13 TO 15",93,"Premium Apartment",2012,"89 years 06 months",555000
"2022-01","QUEENSTOWN","4 ROOM","28B","DOVER CRES","01 TO 03",88,"Model A",2012,"89 years 03 months",620000
"2022-01","QUEENSTOWN","4 ROOM","28D","DOVER CRES","34 TO 36",95,"Model A",2012,"89 years 02 months",805000
"2022-01","SEMBAWANG","4 ROOM","119B","CANBERRA CRES","10 TO 12",93,"Model A",2018,"95 years 01 month",550000
"2022-01","SENGKANG","3 ROOM","331C","ANCHORVALE ST","10 TO 12",67,"Model A",2015,"92 years 09 months",420000
"2022-01","SENGKANG","4 ROOM","290A","COMPASSVALE CRES","10 TO 12",90,"Model A",2002,"79 years 02 months",460000
"2022-01","SENGKANG","4 ROOM","331C","ANCHORVALE ST","13 TO 15",92,"Model A",2015,"92 years 08 months",535000
"2022-01","SENGKANG","5 ROOM","433B","SENGKANG WEST WAY","19 TO 21",113,"Improved",2014,"91 years 10 months",665000
"2022-01","TAMPINES","3 ROOM","235","TAMPINES ST 21","04 TO 06",74,"Model A",1993,"70 years 07 months",388000
"2022-01","TAMPINES","4 ROOM","881","TAMPINES ST 84","07 TO 09",104,"Model A",1988,"65 years 07 months",490000
"2022-01","TAMPINES","5 ROOM","461","TAMPINES ST 44","01 TO 03",122,"Improved",1986,"63 years 05 months",510000
"2022-01","TAMPINES","5 ROOM","392","TAMPINES AVE 7","01 TO 03",121,"Improved",1994,"71 years 02 months",558000
"2022-01","TOA PAYOH","4 ROOM","145","LOR 2 TOA PAYOH","28 TO 30",91,"Model A",2006,"83 years 01 month",810000
"2022-01","WOODLANDS","4 ROOM","366","WOODLANDS AVE 5","07 TO 09",105,"Model A",1996,"73 years 05 months",5e+05
"2022-01","WOODLANDS","5 ROOM","549","WOODLANDS DR 44","10 TO 12",120,"Improved",2000,"77 years 05 months",530000
"2022-01","WOODLANDS","EXECUTIVE","819","WOODLANDS ST 82","01 TO 03",146,"Maisonette",1989,"66 years 05 months",7e+05
"2022-01","YISHUN","3 ROOM","225","YISHUN ST 21","10 TO 12",67,"New Generation",1985,"62 years 11 months",360000
"2022-01","YISHUN","4 ROOM","302","YISHUN CTRL","01 TO 03",104,"Model A",1988,"65 years 03 months",433000
"2022-01","YISHUN","4 ROOM","296","YISHUN ST 20","07 TO 09",91,"Model A",2000,"77 years 11 months",440000
"2022-01","YISHUN","5 ROOM","419","YISHUN AVE 11","01 TO 03",123,"Improved",1993,"70 years 02 months",540000
"2022-01","YISHUN","5 ROOM","221","YISHUN ST 21","10 TO 12",126,"Improved",1985,"62 years 06 months",590000
"2022-01","YISHUN","5 ROOM","502D","YISHUN ST 51","10 TO 12",112,"Improved",2018,"95 years",675000
"2022-02","ANG MO KIO","3 ROOM","610","ANG MO KIO AVE 4","04 TO 06",68,"New Generation",1980,"57 years 10 months",338000
"2022-02","ANG MO KIO","3 ROOM","457","ANG MO KIO AVE 10","10 TO 12",75,"New Generation",1980,"56 years 11 months",368000
"2022-02","ANG MO KIO","4 ROOM","344","ANG MO KIO AVE 3","04 TO 06",98,"New Generation",1978,"55 years 03 months",480000
"2022-02","BEDOK","3 ROOM","1","BEDOK STH AVE 1","13 TO 15",59,"Improved",1976,"52 years 11 months",320000
"2022-02","BUKIT BATOK","3 ROOM","416","BT BATOK WEST AVE 4","10 TO 12",73,"Model A",1987,"64 years 10 months",333000
"2022-02","BUKIT PANJANG","4 ROOM","226","PENDING RD","04 TO 06",84,"Simplified",1987,"64 years 04 months",390000
"2022-02","BUKIT PANJANG","4 ROOM","633C","SENJA RD","07 TO 09",93,"Model A",2013,"90 years 10 months",520000
"2022-02","BUKIT PANJANG","EXECUTIVE","466","SEGAR RD","07 TO 09",133,"Premium Apartment",2002,"79 years 03 months",565000
"2022-02","CHOA CHU KANG","4 ROOM","617","CHOA CHU KANG NTH 7","01 TO 03",107,"Model A",1996,"73 years 03 months",426000
"2022-02","HOUGANG","3 ROOM","704","HOUGANG AVE 2","07 TO 09",67,"New Generation",1985,"62 years 10 months",345000
"2022-02","JURONG EAST","4 ROOM","112","JURONG EAST ST 13","01 TO 03",90,"New Generation",1981,"58 years 04 months",390000
"2022-02","JURONG WEST","3 ROOM","185","BOON LAY AVE","10 TO 12",59,"Improved",1975,"52 years 08 months",255000
"2022-02","JURONG WEST","3 ROOM","174","BOON LAY DR","10 TO 12",59,"Improved",1978,"55 years 05 months",273000
"2022-02","JURONG WEST","3 ROOM","181A","BOON LAY DR","01 TO 03",68,"Model A",2014,"91 years 04 months",365000
"2022-02","JURONG WEST","5 ROOM","656B","JURONG WEST ST 61","13 TO 15",111,"Improved",2001,"78 years 06 months",565000
"2022-02","KALLANG/WHAMPOA","3 ROOM","10A","BENDEMEER RD","16 TO 18",68,"Model A",2017,"94 years 11 months",655000
"2022-02","MARINE PARADE","3 ROOM","6","MARINE TER","01 TO 03",65,"Improved",1975,"52 years",312000
"2022-02","PASIR RIS","4 ROOM","113","PASIR RIS ST 11","13 TO 15",113,"Model A",1990,"67 years 03 months",455000
"2022-02","PASIR RIS","EXECUTIVE","235","PASIR RIS ST 21","07 TO 09",147,"Apartment",1993,"70 years 05 months",740000
"2022-02","PUNGGOL","3 ROOM","670A","EDGEFIELD PLAINS","01 TO 03",68,"Premium Apartment",2016,"93 years 05 months",385000
"2022-02","PUNGGOL","3 ROOM","662A","EDGEDALE PLAINS","01 TO 03",68,"Premium Apartment",2017,"94 years 05 months",395000
"2022-02","PUNGGOL","4 ROOM","622A","PUNGGOL CTRL","04 TO 06",94,"Model A",2014,"91 years 02 months",480000
"2022-02","PUNGGOL","5 ROOM","175B","PUNGGOL FIELD","01 TO 03",110,"Improved",2003,"80 years 08 months",495000
"2022-02","PUNGGOL","4 ROOM","302A","PUNGGOL PL","01 TO 03",93,"Premium Apartment",2011,"88 years 02 months",502888
"2022-02","PUNGGOL","4 ROOM","664B","PUNGGOL DR","13 TO 15",90,"Model A",2016,"93 years 05 months",540000
"2022-02","PUNGGOL","EXECUTIVE","116","EDGEFIELD PLAINS","10 TO 12",130,"Premium Apartment",2003,"80 years 04 months",645000
"2022-02","QUEENSTOWN","3 ROOM","87","C'WEALTH CL","01 TO 03",63,"Standard",1967,"44 years",280000
"2022-02","SENGKANG","4 ROOM","443C","FERNVALE RD","04 TO 06",94,"Model A",2012,"89 years 09 months",465000
"2022-02","SENGKANG","4 ROOM","238","COMPASSVALE WALK","13 TO 15",100,"Model A",1999,"76 years 09 months",480000
"2022-02","SENGKANG","4 ROOM","215B","COMPASSVALE DR","10 TO 12",92,"Premium Apartment",2017,"94 years 04 months",645888
"2022-02","SENGKANG","5 ROOM","415B","FERNVALE LINK","13 TO 15",113,"Improved",2016,"93 years",688000
"2022-02","TAMPINES","2 ROOM","499B","TAMPINES AVE 9","07 TO 09",46,"Model A",2014,"91 years 02 months",302000
"2022-02","TAMPINES","4 ROOM","265","TAMPINES ST 21","04 TO 06",103,"Model A",1984,"61 years 08 months",485000
"2022-02","TAMPINES","4 ROOM","102","TAMPINES ST 11","01 TO 03",104,"Model A",1983,"60 years 09 months",508000
"2022-02","TAMPINES","5 ROOM","126","TAMPINES ST 11","10 TO 12",134,"Model A",1985,"62 years 09 months",680000
"2022-02","TAMPINES","EXECUTIVE","498G","TAMPINES ST 45","07 TO 09",147,"Premium Maisonette",1997,"74 years 06 months",808000
"2022-02","WOODLANDS","4 ROOM","168","WOODLANDS ST 11","04 TO 06",91,"New Generation",1986,"63 years 09 months",405000
"2022-02","WOODLANDS","4 ROOM","551","WOODLANDS DR 44","10 TO 12",101,"Model A",2000,"77 years 01 month",450000
"2022-02","WOODLANDS","4 ROOM","782D","WOODLANDS CRES","10 TO 12",92,"Model A",2015,"92 years 05 months",455000
"2022-02","WOODLANDS","4 ROOM","773","WOODLANDS DR 60","10 TO 12",93,"Model A2",1997,"74 years 09 months",455000
"2022-02","WOODLANDS","5 ROOM","533","WOODLANDS DR 14","10 TO 12",128,"Premium Apartment",1999,"76 years 07 months",628000
"2022-02","WOODLANDS","EXECUTIVE","361","WOODLANDS AVE 5","04 TO 06",143,"Apartment",1996,"73 years 09 months",720000
"2022-02","WOODLANDS","EXECUTIVE","402","WOODLANDS ST 41","04 TO 06",177,"Apartment",1995,"72 years 05 months",820000
"2022-02","YISHUN","3 ROOM","111","YISHUN RING RD","04 TO 06",67,"New Generation",1982,"59 years 04 months",330000
"2022-02","YISHUN","4 ROOM","457","YISHUN ST 41","04 TO 06",93,"Model A",2013,"90 years 07 months",446000
"2022-02","YISHUN","4 ROOM","504A","YISHUN ST 51","10 TO 12",93,"Model A",2016,"93 years 02 months",515000
"2022-02","YISHUN","4 ROOM","505B","YISHUN ST 51","04 TO 06",93,"Model A",2016,"93 years 02 months",520000
"2022-03","ANG MO KIO","4 ROOM","260A","ANG MO KIO ST 21","19 TO 21",93,"Model A",2018,"95 years 04 months",860000
"2022-03","BEDOK","3 ROOM","529","BEDOK NTH ST 3","07 TO 09",68,"New Generation",1979,"56 years 05 months",330000
"2022-03","BEDOK","5 ROOM","118","BEDOK NTH ST 2","16 TO 18",123,"Standard",1978,"55 years",590000
"2022-03","BISHAN","4 ROOM","178","BISHAN ST 13","04 TO 06",103,"Model A",1987,"64 years 08 months",550000
"2022-03","BUKIT BATOK","3 ROOM","312","BT BATOK ST 32","10 TO 12",68,"New Generation",1985,"62 years 04 months",350000
"2022-03","BUKIT PANJANG","4 ROOM","546B","SEGAR RD","04 TO 06",92,"Model A",2015,"92 years 04 months",455000
"2022-03","BUKIT PANJANG","4 ROOM","487","SEGAR RD","07 TO 09",92,"Model A",2014,"91 years 09 months",495000
"2022-03","BUKIT PANJANG","4 ROOM","547B","SEGAR RD","07 TO 09",92,"Model A",2015,"92 years 04 months",540000
"2022-03","CENTRAL AREA","5 ROOM","1F","CANTONMENT RD","46 TO 48",107,"Type S2",2011,"87 years 10 months",1388888.88
"2022-03","CHOA CHU KANG","4 ROOM","113","TECK WHYE LANE","07 TO 09",106,"Model A",1989,"65 years 11 months",450000
"2022-03","CHOA CHU KANG","4 ROOM","431","CHOA CHU KANG AVE 4","10 TO 12",104,"Model A",1993,"70 years 03 months",455000
"2022-03","CHOA CHU KANG","5 ROOM","487C","CHOA CHU KANG AVE 5","10 TO 12",113,"Improved",2016,"93 years 04 months",615000
"2022-03","CLEMENTI","3 ROOM","701","WEST COAST RD","10 TO 12",67,"New Generation",1980,"57 years 06 months",398000
"2022-03","HOUGANG","4 ROOM","161","HOUGANG ST 11","01 TO 03",103,"Model A",1997,"74 years 09 months",508000
"2022-03","HOUGANG","4 ROOM","158","HOUGANG ST 11","04 TO 06",103,"Model A",1997,"74 years 09 months",518000
"2022-03","JURONG EAST","EXECUTIVE","50","TEBAN GDNS RD","04 TO 06",142,"Apartment",1986,"63 years 05 months",620000
"2022-03","KALLANG/WHAMPOA","5 ROOM","108C","MCNAIR RD","07 TO 09",110,"Improved",2005,"81 years 10 months",815000
"2022-03","PASIR RIS","5 ROOM","552","PASIR RIS ST 51","01 TO 03",123,"Improved",1992,"69 years 10 months",548000
"2022-03","PUNGGOL","4 ROOM","664A","PUNGGOL DR","04 TO 06",90,"Model A",2016,"93 years 04 months",503000
"2022-03","PUNGGOL","4 ROOM","209A","PUNGGOL PL","10 TO 12",92,"Model A",2014,"91 years 09 months",535000
"2022-03","PUNGGOL","5 ROOM","121B","EDGEDALE PLAINS","13 TO 15",112,"Improved",2017,"94 years 03 months",625000
"2022-03","QUEENSTOWN","3 ROOM","153","MEI LING ST","07 TO 09",67,"Improved",1970,"46 years 11 months",330000
"2022-03","QUEENSTOWN","4 ROOM","88","DAWSON RD","22 TO 24",83,"Premium Apartment",2016,"93 years 06 months",828000
"2022-03","QUEENSTOWN","4 ROOM","91","TANGLIN HALT RD","40 TO 42",90,"Model A",2008,"85 years 05 months",898000
"2022-03","SEMBAWANG","4 ROOM","508A","WELLINGTON CIRCLE","01 TO 03",90,"Model A",2004,"81 years 05 months",420000
"2022-03","SEMBAWANG","EXECUTIVE","303","CANBERRA RD","13 TO 15",141,"Apartment",1998,"75 years 10 months",670000
"2022-03","SEMBAWANG","5 ROOM","121C","CANBERRA ST","10 TO 12",113,"Improved",2018,"94 years 10 months",685000
"2022-03","SENGKANG","4 ROOM","178D","RIVERVALE CRES","13 TO 15",93,"Model A",2015,"92 years",468000
"2022-03","SENGKANG","4 ROOM","211B","COMPASSVALE LANE","07 TO 09",93,"Model A",2013,"89 years 11 months",498000
"2022-03","SENGKANG","5 ROOM","206B","COMPASSVALE LANE","01 TO 03",122,"Improved",1999,"76 years 05 months",515000
"2022-03","SENGKANG","5 ROOM","201B","COMPASSVALE DR","04 TO 06",110,"Improved",2001,"78 years 05 months",540000
"2022-03","SENGKANG","4 ROOM","286A","COMPASSVALE CRES","10 TO 12",93,"Premium Apartment",2017,"94 years 08 months",558000
"2022-03","TAMPINES","3 ROOM","213","TAMPINES ST 23","04 TO 06",73,"Model A",1985,"62 years",370000
"2022-03","TAMPINES","3 ROOM","878A","TAMPINES AVE 8","07 TO 09",68,"Model A",2017,"94 years 04 months",470000
"2022-03","TAMPINES","5 ROOM","731","TAMPINES ST 71","04 TO 06",125,"Improved",1997,"74 years 03 months",615888
"2022-03","TAMPINES","5 ROOM","167B","SIMEI LANE","04 TO 06",107,"DBSS",2011,"88 years",760000
"2022-03","TOA PAYOH","2 ROOM","120","LOR 2 TOA PAYOH","01 TO 03",40,"Standard",1968,"45 years 04 months",260000
"2022-03","TOA PAYOH","3 ROOM","13","LOR 7 TOA PAYOH","10 TO 12",66,"Improved",1970,"47 years 05 months",300888
"2022-03","WOODLANDS","4 ROOM","517","WOODLANDS DR 14","07 TO 09",104,"Premium Apartment",2000,"77 years 06 months",472000
"2022-03","YISHUN","3 ROOM","108","YISHUN RING RD","07 TO 09",67,"New Generation",1985,"61 years 11 months",340000
"2022-03","YISHUN","3 ROOM","502A","YISHUN ST 51","01 TO 03",67,"Model A",2018,"94 years 11 months",392000
"2022-03","YISHUN","3 ROOM","508A","YISHUN AVE 4","01 TO 03",68,"Model A",2018,"95 years 01 month",4e+05
"2022-04","ANG MO KIO","4 ROOM","225","ANG MO KIO AVE 1","10 TO 12",92,"New Generation",1978,"54 years 09 months",450000
"2022-04","BEDOK","3 ROOM","103","BEDOK NTH AVE 4","10 TO 12",82,"New Generation",1977,"54 years 04 months",382000
"2022-04","BISHAN","3 ROOM","116","BISHAN ST 12","07 TO 09",64,"Simplified",1985,"62 years 07 months",420000
"2022-04","BISHAN","4 ROOM","226","BISHAN ST 23","10 TO 12",102,"Model A",1992,"68 years 11 months",6e+05
"2022-04","BISHAN","4 ROOM","448","BRIGHT HILL DR","04 TO 06",105,"Model A",1990,"67 years",650000
"2022-04","BISHAN","5 ROOM","408","SIN MING AVE","13 TO 15",120,"Improved",1986,"63 years 03 months",802800
"2022-04","BUKIT BATOK","4 ROOM","393","BT BATOK WEST AVE 5","01 TO 03",92,"Model A",2004,"81 years 06 months",503000
"2022-04","BUKIT BATOK","4 ROOM","298","BT BATOK ST 22","07 TO 09",100,"Model A",1997,"74 years 04 months",505000
"2022-04","BUKIT MERAH","3 ROOM","63","TELOK BLANGAH HTS","01 TO 03",73,"New Generation",1976,"53 years 05 months",341888
"2022-04","BUKIT MERAH","5 ROOM","48","TELOK BLANGAH DR","04 TO 06",123,"Standard",1976,"53 years 07 months",625000
"2022-04","BUKIT MERAH","4 ROOM","124B","BT MERAH VIEW","01 TO 03",109,"Model A",1996,"73 years 06 months",680888
"2022-04","BUKIT PANJANG","3 ROOM","137","PETIR RD","01 TO 03",73,"Model A",1989,"66 years 03 months",336000
"2022-04","BUKIT PANJANG","4 ROOM","432","BT PANJANG RING RD","07 TO 09",104,"Model A",1989,"66 years 03 months",450000
"2022-04","BUKIT PANJANG","4 ROOM","219","PETIR RD","10 TO 12",103,"Model A",1988,"65 years",475000
"2022-04","BUKIT PANJANG","4 ROOM","548B","SEGAR RD","04 TO 06",92,"Model A",2015,"92 years 08 months",490000
"2022-04","BUKIT PANJANG","5 ROOM","211","PETIR RD","13 TO 15",122,"Improved",1988,"65 years 02 months",6e+05
"2022-04","BUKIT PANJANG","5 ROOM","549A","SEGAR RD","13 TO 15",113,"Improved",2015,"92 years 08 months",663888
"2022-04","CHOA CHU KANG","3 ROOM","111","TECK WHYE LANE","07 TO 09",73,"Model A",1989,"66 years 06 months",360000
"2022-04","CHOA CHU KANG","5 ROOM","810A","CHOA CHU KANG AVE 7","04 TO 06",113,"Improved",2017,"94 years 07 months",559000
"2022-04","CLEMENTI","3 ROOM","346","CLEMENTI AVE 5","01 TO 03",67,"New Generation",1979,"55 years 11 months",323000
"2022-04","CLEMENTI","3 ROOM","305","CLEMENTI AVE 4","01 TO 03",67,"New Generation",1979,"56 years",348000
"2022-04","CLEMENTI","4 ROOM","311A","CLEMENTI AVE 4","04 TO 06",82,"DBSS",2014,"91 years 09 months",660000
"2022-04","CLEMENTI","4 ROOM","208A","CLEMENTI AVE 6","25 TO 27",93,"Model A",2017,"94 years 07 months",820000
"2022-04","GEYLANG","4 ROOM","10","EUNOS CRES","16 TO 18",91,"New Generation",1978,"55 years 04 months",552000
"2022-04","HOUGANG","3 ROOM","106","HOUGANG AVE 1","01 TO 03",67,"New Generation",1984,"61 years",340000
"2022-04","HOUGANG","4 ROOM","680","HOUGANG AVE 8","01 TO 03",84,"Simplified",1987,"63 years 10 months",4e+05
"2022-04","HOUGANG","4 ROOM","917","HOUGANG AVE 9","04 TO 06",100,"Model A",1998,"75 years 01 month",470000
"2022-04","JURONG EAST","3 ROOM","233","JURONG EAST ST 21","07 TO 09",67,"New Generation",1982,"59 years",350000
"2022-04","JURONG EAST","3 ROOM","206","JURONG EAST ST 21","07 TO 09",67,"New Generation",1982,"59 years 08 months",375000
"2022-04","JURONG EAST","3 ROOM","302","JURONG EAST ST 32","01 TO 03",84,"New Generation",1983,"60 years 09 months",375000
"2022-04","JURONG EAST","5 ROOM","270","TOH GUAN RD","16 TO 18",121,"Improved",1999,"76 years",675000
"2022-04","JURONG WEST","3 ROOM","174","BOON LAY DR","04 TO 06",59,"Improved",1978,"55 years 03 months",285000
"2022-04","JURONG WEST","5 ROOM","350","CORPORATION DR","01 TO 03",123,"Improved",1997,"74 years 06 months",530000
"2022-04","JURONG WEST","5 ROOM","618","JURONG WEST ST 65","13 TO 15",109,"Improved",2000,"77 years 09 months",550000
"2022-04","KALLANG/WHAMPOA","5 ROOM","12","NTH BRIDGE RD","10 TO 12",119,"Standard",1975,"51 years 10 months",758000
"2022-04","KALLANG/WHAMPOA","5 ROOM","112","WHAMPOA RD","16 TO 18",124,"Improved",1994,"71 years 07 months",838000
"2022-04","PASIR RIS","4 ROOM","639","PASIR RIS DR 1","04 TO 06",104,"Model A",1995,"72 years 03 months",5e+05
"2022-04","PASIR RIS","5 ROOM","125","PASIR RIS ST 11","01 TO 03",123,"Improved",1989,"66 years",550000
"2022-04","PUNGGOL","2 ROOM","209C","PUNGGOL PL","07 TO 09",46,"Model A",2014,"91 years 09 months",308000
"2022-04","PUNGGOL","4 ROOM","261B","PUNGGOL WAY","01 TO 03",93,"Model A",2016,"93 years 02 months",5e+05
"2022-04","PUNGGOL","4 ROOM","624B","PUNGGOL CTRL","10 TO 12",95,"Model A",2014,"91 years",540000
"2022-04","PUNGGOL","4 ROOM","266D","PUNGGOL WAY","10 TO 12",92,"Model A",2015,"92 years 02 months",540000
"2022-04","PUNGGOL","4 ROOM","676C","PUNGGOL DR","10 TO 12",93,"Premium Apartment",2016,"93 years 06 months",6e+05
"2022-04","PUNGGOL","4 ROOM","682A","EDGEDALE PLAINS","13 TO 15",93,"Premium Apartment",2018,"95 years 04 months",610000
"2022-04","PUNGGOL","5 ROOM","663B","PUNGGOL DR","07 TO 09",110,"Improved",2016,"93 years 03 months",688000
"2022-04","QUEENSTOWN","3 ROOM","97","C'WEALTH CRES","01 TO 03",59,"Standard",1970,"47 years 03 months",295000
"2022-04","QUEENSTOWN","5 ROOM","55","STRATHMORE AVE","16 TO 18",110,"Improved",2002,"79 years 01 month",916666
"2022-04","SEMBAWANG","4 ROOM","120C","CANBERRA CRES","13 TO 15",93,"Model A",2018,"94 years 11 months",595000
"2022-04","SENGKANG","3 ROOM","470C","FERNVALE LINK","07 TO 09",68,"Model A",2016,"93 years 06 months",408000
"2022-04","SENGKANG","4 ROOM","104","RIVERVALE WALK","04 TO 06",102,"Model A",1999,"76 years",475000
"2022-04","SENGKANG","5 ROOM","253","COMPASSVALE ST","01 TO 03",115,"Improved",2000,"77 years 07 months",483000
"2022-04","SENGKANG","4 ROOM","406C","FERNVALE RD","22 TO 24",91,"Premium Apartment",2004,"81 years 08 months",495000
"2022-04","SENGKANG","4 ROOM","326C","ANCHORVALE RD","04 TO 06",92,"Premium Apartment",2015,"92 years",5e+05
"2022-04","SENGKANG","5 ROOM","133","RIVERVALE ST","16 TO 18",121,"Improved",1999,"75 years 10 months",560000
"2022-04","SENGKANG","EXECUTIVE","202A","COMPASSVALE DR","07 TO 09",130,"Apartment",2001,"78 years 03 months",688000
"2022-04","TAMPINES","4 ROOM","248","TAMPINES ST 21","10 TO 12",91,"New Generation",1984,"61 years 08 months",512000
"2022-04","TOA PAYOH","3 ROOM","173","LOR 1 TOA PAYOH","07 TO 09",66,"Improved",1972,"49 years 03 months",306000
"2022-04","TOA PAYOH","3 ROOM","111","LOR 1 TOA PAYOH","07 TO 09",66,"Improved",1970,"46 years 10 months",338000
"2022-04","TOA PAYOH","3 ROOM","203","TOA PAYOH NTH","10 TO 12",65,"Improved",1982,"58 years 09 months",378000
"2022-04","TOA PAYOH","5 ROOM","138C","LOR 1A TOA PAYOH","10 TO 12",110,"DBSS",2012,"89 years 01 month",1e+06
"2022-04","WOODLANDS","4 ROOM","739","WOODLANDS CIRCLE","07 TO 09",100,"Model A2",1997,"74 years 04 months",458000
"2022-04","WOODLANDS","5 ROOM","727","WOODLANDS CIRCLE","10 TO 12",122,"Improved",1997,"74 years 02 months",520000
"2022-04","WOODLANDS","5 ROOM","651","WOODLANDS RING RD","01 TO 03",122,"Improved",1998,"75 years 02 months",528000
"2022-04","WOODLANDS","5 ROOM","686A","WOODLANDS DR 73","04 TO 06",114,"Premium Apartment",2003,"79 years 11 months",560000
"2022-04","YISHUN","3 ROOM","228","YISHUN ST 21","07 TO 09",67,"New Generation",1985,"62 years 09 months",360000
"2022-04","YISHUN","4 ROOM","509A","YISHUN AVE 4","01 TO 03",93,"Model A",2018,"95 years",485000
"2022-04","YISHUN","EXECUTIVE","391","YISHUN AVE 6","07 TO 09",145,"Apartment",1988,"65 years 03 months",7e+05
"2022-05","ANG MO KIO","3 ROOM","154","ANG MO KIO AVE 5","10 TO 12",68,"New Generation",1981,"57 years 09 months",388000
"2022-05","ANG MO KIO","EXECUTIVE","616","ANG MO KIO AVE 4","01 TO 03",148,"Maisonette",1996,"73 years",918000
"2022-05","BEDOK","3 ROOM","54","CHAI CHEE ST","10 TO 12",68,"New Generation",1981,"58 years 01 month",343000
"2022-05","BEDOK","3 ROOM","24","NEW UPP CHANGI RD","01 TO 03",73,"New Generation",1978,"55 years 04 months",375000
"2022-05","BISHAN","3 ROOM","176","BISHAN ST 13","01 TO 03",64,"Simplified",1988,"65 years",405000
"2022-05","BUKIT BATOK","4 ROOM","267","BT BATOK EAST AVE 4","10 TO 12",84,"Simplified",1987,"63 years 09 months",420000
"2022-05","BUKIT MERAH","3 ROOM","3","EVERTON PK","07 TO 09",72,"New Generation",1980,"57 years 07 months",455000
"2022-05","BUKIT PANJANG","5 ROOM","419","FAJAR RD","01 TO 03",122,"Improved",1989,"65 years 11 months",520000
"2022-05","BUKIT PANJANG","4 ROOM","634A","SENJA RD","13 TO 15",93,"Model A",2015,"92 years 05 months",535000
"2022-05","CHOA CHU KANG","4 ROOM","489A","CHOA CHU KANG AVE 5","10 TO 12",93,"Model A",2016,"93 years 01 month",510000
"2022-05","HOUGANG","4 ROOM","988A","BUANGKOK GREEN","19 TO 21",93,"Model A",2015,"91 years 10 months",550000
"2022-05","HOUGANG","EXECUTIVE","579","HOUGANG AVE 4","04 TO 06",139,"Maisonette",1997,"74 years 06 months",780000
"2022-05","JURONG EAST","EXECUTIVE","287A","JURONG EAST ST 21","16 TO 18",142,"Apartment",1998,"75 years 05 months",905000
"2022-05","JURONG WEST","4 ROOM","922","JURONG WEST ST 92","07 TO 09",108,"Model A",1988,"65 years 05 months",430000
"2022-05","JURONG WEST","4 ROOM","423","JURONG WEST AVE 1","04 TO 06",104,"Model A",1984,"61 years 04 months",445000
"2022-05","JURONG WEST","4 ROOM","660D","JURONG WEST ST 64","16 TO 18",91,"Model A",2001,"78 years 05 months",490000
"2022-05","JURONG WEST","5 ROOM","667D","JURONG WEST ST 65","04 TO 06",110,"Improved",2000,"77 years 02 months",520888
"2022-05","JURONG WEST","5 ROOM","261","BOON LAY DR","13 TO 15",132,"Model A",1995,"72 years 02 months",558000
"2022-05","KALLANG/WHAMPOA","3 ROOM","95","GEYLANG BAHRU","10 TO 12",68,"New Generation",1979,"55 years 09 months",412000
"2022-05","KALLANG/WHAMPOA","5 ROOM","9","BOON KENG RD","04 TO 06",115,"DBSS",2011,"87 years 09 months",1020000
"2022-05","PASIR RIS","5 ROOM","751","PASIR RIS ST 71","01 TO 03",126,"Improved",1996,"73 years 07 months",565000
"2022-05","PUNGGOL","4 ROOM","122A","EDGEDALE PLAINS","10 TO 12",93,"Model A",2017,"94 years",511000
"2022-05","PUNGGOL","4 ROOM","310B","PUNGGOL WALK","13 TO 15",92,"Premium Apartment",2016,"93 years 02 months",560000
"2022-05","QUEENSTOWN","3 ROOM","4","HOLLAND CL","01 TO 03",65,"Improved",1974,"51 years 01 month",355000
"2022-05","SENGKANG","2 ROOM","418A","FERNVALE LINK","22 TO 24",38,"Model A",2018,"95 years 03 months",318000
"2022-05","SENGKANG","4 ROOM","303C","ANCHORVALE LINK","07 TO 09",85,"Model A2",2001,"78 years 05 months",432000
"2022-05","SENGKANG","4 ROOM","190A","RIVERVALE DR","13 TO 15",96,"Model A",2000,"77 years 01 month",455000
"2022-05","SENGKANG","4 ROOM","469C","SENGKANG WEST WAY","01 TO 03",93,"Model A",2016,"93 years 04 months",469000
"2022-05","SENGKANG","5 ROOM","293A","COMPASSVALE CRES","13 TO 15",113,"Improved",2016,"93 years 06 months",690000
"2022-05","SENGKANG","5 ROOM","338A","ANCHORVALE CRES","10 TO 12",113,"Improved",2018,"95 years",698000
"2022-05","SENGKANG","EXECUTIVE","103","RIVERVALE WALK","04 TO 06",145,"Maisonette",1999,"75 years 11 months",775000
"2022-05","SERANGOON","EXECUTIVE","542","SERANGOON NTH AVE 4","10 TO 12",147,"Maisonette",1992,"69 years 06 months",838000
"2022-05","TAMPINES","4 ROOM","102","TAMPINES ST 11","04 TO 06",105,"Model A",1983,"60 years 05 months",505000
"2022-05","TAMPINES","5 ROOM","257","TAMPINES ST 21","01 TO 03",121,"Improved",1985,"61 years 10 months",585000
"2022-05","TAMPINES","EXECUTIVE","125","TAMPINES ST 11","01 TO 03",157,"Maisonette",1985,"62 years 06 months",880000
"2022-05","TOA PAYOH","3 ROOM","195","KIM KEAT AVE","04 TO 06",66,"Improved",1973,"50 years 03 months",268000
"2022-05","TOA PAYOH","4 ROOM","143","LOR 2 TOA PAYOH","13 TO 15",90,"Model A",2002,"79 years 05 months",580000
"2022-05","WOODLANDS","4 ROOM","786E","WOODLANDS DR 60","01 TO 03",91,"Model A2",1997,"74 years 04 months",425000
"2022-05","WOODLANDS","4 ROOM","12B","MARSILING LANE","04 TO 06",93,"Model A",2013,"90 years 01 month",450000
"2022-05","WOODLANDS","5 ROOM","862","WOODLANDS ST 83","04 TO 06",127,"Improved",1996,"72 years 11 months",540000
"2022-05","YISHUN","4 ROOM","425","YISHUN AVE 11","01 TO 03",84,"Simplified",1988,"65 years 04 months",365000
"2022-05","YISHUN","4 ROOM","806","YISHUN RING RD","10 TO 12",105,"Model A",1987,"63 years 11 months",508000
"2022-05","YISHUN","4 ROOM","502A","YISHUN ST 51","01 TO 03",92,"Model A",2018,"94 years 09 months",520000
"2022-06","ANG MO KIO","3 ROOM","503","ANG MO KIO AVE 5","10 TO 12",68,"New Generation",1981,"57 years 08 months",340000
"2022-06","BEDOK","4 ROOM","165","BEDOK STH RD","04 TO 06",83,"Simplified",1985,"61 years 09 months",480000
"2022-06","BEDOK","4 ROOM","647","JLN TENAGA","04 TO 06",104,"Model A",1993,"69 years 11 months",538000
"2022-06","BUKIT BATOK","EXECUTIVE","542","BT BATOK ST 52","01 TO 03",152,"Maisonette",1986,"63 years 07 months",750000
"2022-06","BUKIT MERAH","4 ROOM","119D","KIM TIAN RD","19 TO 21",92,"Model A",2002,"79 years 05 months",765000
"2022-06","BUKIT PANJANG","2 ROOM","488","SEGAR RD","10 TO 12",47,"Model A",2014,"91 years 06 months",280000
"2022-06","BUKIT PANJANG","5 ROOM","473","SEGAR RD","01 TO 03",112,"Premium Apartment",2003,"79 years 09 months",5e+05
"2022-06","CENTRAL AREA","3 ROOM","335A","SMITH ST","07 TO 09",73,"Improved",1984,"60 years 10 months",480000
"2022-06","CENTRAL AREA","4 ROOM","1F","CANTONMENT RD","13 TO 15",93,"Type S1",2011,"87 years 08 months",1e+06
"2022-06","CENTRAL AREA","4 ROOM","1C","CANTONMENT RD","31 TO 33",93,"Type S1",2011,"87 years 07 months",1130000
"2022-06","CHOA CHU KANG","5 ROOM","541","CHOA CHU KANG ST 52","04 TO 06",126,"Improved",1994,"70 years 11 months",588000
"2022-06","GEYLANG","5 ROOM","9","PINE CL","07 TO 09",120,"Improved",1997,"74 years 06 months",845000
"2022-06","HOUGANG","3 ROOM","317","HOUGANG AVE 7","10 TO 12",67,"New Generation",1983,"60 years 02 months",380000
"2022-06","HOUGANG","EXECUTIVE","533","HOUGANG AVE 6","10 TO 12",145,"Maisonette",1988,"64 years 11 months",872000
"2022-06","JURONG WEST","3 ROOM","531","JURONG WEST ST 52","10 TO 12",67,"New Generation",1983,"60 years 02 months",355000
"2022-06","JURONG WEST","3 ROOM","561B","JURONG WEST ST 42","10 TO 12",68,"Model A",2018,"94 years 09 months",430000
"2022-06","JURONG WEST","5 ROOM","675B","JURONG WEST ST 64","01 TO 03",110,"Premium Apartment",2008,"85 years 01 month",488000
"2022-06","KALLANG/WHAMPOA","4 ROOM","16","JLN TENTERAM","07 TO 09",75,"Model A",2002,"79 years 04 months",483000
"2022-06","KALLANG/WHAMPOA","5 ROOM","807","KING GEORGE'S AVE","13 TO 15",115,"Improved",1981,"58 years 03 months",838888
"2022-06","PASIR RIS","4 ROOM","754","PASIR RIS ST 71","07 TO 09",105,"Model A",1996,"73 years 06 months",510000
"2022-06","PASIR RIS","4 ROOM","525B","PASIR RIS ST 51","10 TO 12",93,"Model A",2015,"92 years 02 months",628000
"2022-06","PUNGGOL","4 ROOM","671B","EDGEFIELD PLAINS","01 TO 03",90,"Model A",2015,"92 years 07 months",490000
"2022-06","PUNGGOL","4 ROOM","673B","EDGEFIELD PLAINS","04 TO 06",90,"Model A",2015,"92 years 07 months",520000
"2022-06","PUNGGOL","4 ROOM","308C","PUNGGOL WALK","10 TO 12",92,"Premium Apartment",2016,"92 years 10 months",595000
"2022-06","PUNGGOL","5 ROOM","313C","SUMANG LINK","04 TO 06",112,"Improved",2015,"92 years 01 month",650000
"2022-06","QUEENSTOWN","3 ROOM","3","DOVER RD","10 TO 12",65,"Improved",1975,"52 years 02 months",358000
"2022-06","QUEENSTOWN","5 ROOM","83","STRATHMORE AVE","07 TO 09",125,"Improved",1997,"74 years 02 months",905000
"2022-06","SEMBAWANG","2 ROOM","130B","CANBERRA CRES","10 TO 12",47,"Model A",2018,"95 years 05 months",334000
"2022-06","SEMBAWANG","3 ROOM","130A","CANBERRA CRES","07 TO 09",68,"Model A",2018,"95 years 05 months",452000
"2022-06","SEMBAWANG","5 ROOM","356B","ADMIRALTY DR","13 TO 15",110,"Premium Apartment",2001,"78 years 01 month",568000
"2022-06","SENGKANG","4 ROOM","107","RIVERVALE WALK","04 TO 06",101,"Model A",1999,"75 years 08 months",476000
"2022-06","SENGKANG","4 ROOM","323C","SENGKANG EAST WAY","04 TO 06",90,"Model A",2003,"79 years 10 months",492500
"2022-06","SENGKANG","4 ROOM","178C","RIVERVALE CRES","13 TO 15",93,"Model A",2015,"91 years 10 months",508000
"2022-06","SENGKANG","5 ROOM","325A","SENGKANG EAST WAY","01 TO 03",115,"Improved",2003,"79 years 10 months",510000
"2022-06","SENGKANG","4 ROOM","288A","COMPASSVALE CRES","07 TO 09",93,"Premium Apartment",2017,"94 years 06 months",562000
"2022-06","SENGKANG","4 ROOM","289A","COMPASSVALE CRES","10 TO 12",96,"Premium Apartment",2017,"94 years 06 months",608000
"2022-06","SENGKANG","5 ROOM","288B","COMPASSVALE CRES","04 TO 06",113,"Premium Apartment",2017,"94 years 06 months",675000
"2022-06","TAMPINES","5 ROOM","515B","TAMPINES CTRL 7","13 TO 15",108,"DBSS",2008,"85 years 07 months",845000
"2022-06","WOODLANDS","3 ROOM","152","WOODLANDS ST 13","10 TO 12",73,"Model A",1985,"61 years 10 months",355000
"2022-06","WOODLANDS","4 ROOM","899A","WOODLANDS DR 50","01 TO 03",100,"Model A",1997,"74 years 04 months",444000
"2022-06","WOODLANDS","4 ROOM","832","WOODLANDS ST 83","01 TO 03",103,"Model A",1994,"71 years 05 months",445000
"2022-06","WOODLANDS","4 ROOM","152","WOODLANDS ST 13","07 TO 09",103,"Model A",1985,"61 years 10 months",450000
"2022-06","WOODLANDS","3 ROOM","302A","WOODLANDS ST 31","31 TO 33",67,"Model A",2016,"93 years 05 months",490000
"2022-06","WOODLANDS","4 ROOM","511","WOODLANDS DR 14","04 TO 06",107,"Premium Apartment",1999,"75 years 10 months",530000
"2022-06","WOODLANDS","5 ROOM","785C","WOODLANDS RISE","07 TO 09",113,"Improved",2018,"95 years 02 months",6e+05
"2022-06","YISHUN","5 ROOM","509C","YISHUN AVE 4","07 TO 09",113,"Improved",2018,"94 years 10 months",650000
"2022-07","ANG MO KIO","4 ROOM","596B","ANG MO KIO ST 52","19 TO 21",91,"Model A",2002,"79 years 05 months",788000
"2022-07","BEDOK","3 ROOM","20","CHAI CHEE RD","10 TO 12",65,"Improved",1972,"49 years 01 month",310000
"2022-07","BEDOK","3 ROOM","620","BEDOK RESERVOIR RD","01 TO 03",61,"Improved",1986,"63 years 02 months",331000
"2022-07","BEDOK","3 ROOM","420","BEDOK NTH ST 1","04 TO 06",68,"New Generation",1979,"55 years 07 months",380000
"2022-07","BEDOK","4 ROOM","747C","BEDOK RESERVOIR CRES","01 TO 03",87,"DBSS",2014,"91 years 02 months",710000
"2022-07","BISHAN","3 ROOM","309","SHUNFU RD","10 TO 12",67,"New Generation",1984,"61 years 05 months",460000
"2022-07","BISHAN","5 ROOM","156","BISHAN ST 13","01 TO 03",121,"Improved",1988,"65 years 03 months",7e+05
"2022-07","BISHAN","5 ROOM","128","BISHAN ST 12","19 TO 21",121,"Improved",1987,"63 years 08 months",870000
"2022-07","BUKIT BATOK","4 ROOM","290E","BT BATOK ST 24","16 TO 18",103,"Model A",1997,"74 years 06 months",528000
"2022-07","BUKIT BATOK","EXECUTIVE","402","BT BATOK WEST AVE 7","13 TO 15",143,"Apartment",1993,"69 years 10 months",760000
"2022-07","BUKIT PANJANG","5 ROOM","442C","FAJAR RD","07 TO 09",113,"Improved",2016,"93 years 06 months",625000
"2022-07","BUKIT PANJANG","EXECUTIVE","408","FAJAR RD","04 TO 06",146,"Maisonette",1989,"65 years 08 months",718000
"2022-07","BUKIT TIMAH","4 ROOM","6","FARRER RD","01 TO 03",91,"Improved",1974,"50 years 10 months",575000
"2022-07","CHOA CHU KANG","4 ROOM","676A","CHOA CHU KANG CRES","04 TO 06",101,"Premium Apartment",1999,"76 years 06 months",445000
"2022-07","CHOA CHU KANG","4 ROOM","218","CHOA CHU KANG CTRL","07 TO 09",105,"Model A",1990,"66 years 07 months",460000
"2022-07","GEYLANG","3 ROOM","99","OLD AIRPORT RD","04 TO 06",56,"Standard",1969,"45 years 07 months",320000
"2022-07","HOUGANG","3 ROOM","661","HOUGANG AVE 4","04 TO 06",74,"Model A",1987,"63 years 10 months",386000
"2022-07","HOUGANG","4 ROOM","470B","UPP SERANGOON CRES","10 TO 12",92,"Model A",2015,"91 years 11 months",536000
"2022-07","HOUGANG","4 ROOM","365C","UPP SERANGOON RD","07 TO 09",92,"Model A",2018,"94 years 09 months",678000
"2022-07","JURONG EAST","4 ROOM","225A","JURONG EAST ST 21","01 TO 03",93,"New Generation",1984,"61 years 05 months",459000
"2022-07","JURONG WEST","3 ROOM","914","JURONG WEST ST 91","10 TO 12",73,"Model A",1988,"65 years 01 month",345000
"2022-07","JURONG WEST","4 ROOM","724","JURONG WEST ST 72","04 TO 06",104,"Model A",1990,"67 years 05 months",425000
"2022-07","JURONG WEST","4 ROOM","153","YUNG HO RD","04 TO 06",104,"Model A",1990,"67 years 02 months",427000
"2022-07","JURONG WEST","4 ROOM","723","JURONG WEST AVE 5","04 TO 06",104,"Model A",1990,"67 years 05 months",430000
"2022-07","JURONG WEST","4 ROOM","181","YUNG SHENG RD","13 TO 15",90,"Model A",2001,"77 years 09 months",462000
"2022-07","JURONG WEST","4 ROOM","697C","JURONG WEST CTRL 3","01 TO 03",83,"Model A",2017,"94 years 04 months",595000
"2022-07","JURONG WEST","EXECUTIVE","656C","JURONG WEST ST 61","16 TO 18",132,"Apartment",2001,"78 years 01 month",690000
"2022-07","JURONG WEST","5 ROOM","697A","JURONG WEST CTRL 3","07 TO 09",113,"Improved",2017,"94 years 04 months",780000
"2022-07","KALLANG/WHAMPOA","3 ROOM","12","UPP BOON KENG RD","10 TO 12",66,"Improved",1980,"57 years 05 months",383000
"2022-07","KALLANG/WHAMPOA","3 ROOM","463","CRAWFORD LANE","10 TO 12",60,"Improved",1982,"59 years 04 months",420000
"2022-07","KALLANG/WHAMPOA","4 ROOM","119","MCNAIR RD","10 TO 12",84,"Simplified",1987,"64 years 02 months",518000
"2022-07","KALLANG/WHAMPOA","4 ROOM","120","MCNAIR RD","04 TO 06",104,"Model A",1987,"63 years 10 months",580000
"2022-07","KALLANG/WHAMPOA","5 ROOM","19","JLN TENTERAM","16 TO 18",105,"Improved",2004,"81 years 01 month",680000
"2022-07","KALLANG/WHAMPOA","4 ROOM","108B","MCNAIR RD","04 TO 06",95,"Model A",2004,"81 years 05 months",738000
"2022-07","KALLANG/WHAMPOA","5 ROOM","807","KING GEORGE'S AVE","19 TO 21",115,"Improved",1981,"58 years 02 months",830000
"2022-07","MARINE PARADE","5 ROOM","44","MARINE CRES","01 TO 03",120,"Standard",1975,"52 years 05 months",8e+05
"2022-07","MARINE PARADE","5 ROOM","13","MARINE TER","13 TO 15",126,"Standard",1975,"51 years 07 months",839980
"2022-07","PASIR RIS","4 ROOM","766","PASIR RIS ST 71","10 TO 12",104,"Model A",1996,"73 years 04 months",525000
"2022-07","PASIR RIS","EXECUTIVE","218","PASIR RIS ST 21","07 TO 09",149,"Apartment",1993,"70 years 01 month",788888
"2022-07","PUNGGOL","3 ROOM","670C","EDGEFIELD PLAINS","13 TO 15",67,"Premium Apartment",2016,"93 years",440000
"2022-07","PUNGGOL","5 ROOM","197A","PUNGGOL FIELD","04 TO 06",110,"Improved",2003,"80 years 01 month",508000
"2022-07","PUNGGOL","5 ROOM","126D","EDGEDALE PLAINS","13 TO 15",110,"Improved",2003,"79 years 08 months",552000
"2022-07","PUNGGOL","4 ROOM","226A","SUMANG LANE","13 TO 15",93,"Premium Apartment",2018,"94 years 09 months",560000
"2022-07","PUNGGOL","4 ROOM","682B","EDGEDALE PLAINS","10 TO 12",93,"Premium Apartment",2018,"95 years 01 month",568000
"2022-07","PUNGGOL","4 ROOM","677B","PUNGGOL DR","07 TO 09",93,"Premium Apartment",2016,"93 years 03 months",580088
"2022-07","QUEENSTOWN","5 ROOM","26","DOVER CRES","04 TO 06",120,"Standard",1978,"54 years 07 months",640000
"2022-07","SEMBAWANG","5 ROOM","417","CANBERRA RD","10 TO 12",110,"Improved",2001,"77 years 09 months",530200
"2022-07","SEMBAWANG","4 ROOM","121B","CANBERRA ST","10 TO 12",93,"Model A",2018,"94 years 08 months",610000
"2022-07","SEMBAWANG","EXECUTIVE","359A","ADMIRALTY DR","13 TO 15",131,"Premium Apartment",2001,"78 years 03 months",650000
"2022-07","SENGKANG","4 ROOM","432A","SENGKANG WEST WAY","13 TO 15",93,"Model A",2014,"91 years 04 months",516000
"2022-07","SENGKANG","4 ROOM","338B","ANCHORVALE CRES","04 TO 06",93,"Model A",2018,"94 years 11 months",520000
"2022-07","SENGKANG","5 ROOM","298A","COMPASSVALE ST","07 TO 09",113,"Premium Apartment",2001,"78 years 02 months",550000
"2022-07","SENGKANG","4 ROOM","271A","SENGKANG CTRL","04 TO 06",93,"Premium Apartment",2010,"86 years 11 months",575000
"2022-07","SERANGOON","4 ROOM","510","SERANGOON NTH AVE 4","04 TO 06",101,"Model A",1997,"74 years",5e+05
"2022-07","SERANGOON","EXECUTIVE","519","SERANGOON NTH AVE 4","01 TO 03",147,"Maisonette",1992,"69 years 05 months",818000
"2022-07","TAMPINES","3 ROOM","494D","TAMPINES ST 43","04 TO 06",68,"Model A",2015,"92 years 04 months",430000
"2022-07","TAMPINES","4 ROOM","451","TAMPINES ST 42","04 TO 06",84,"Simplified",1987,"64 years 04 months",470000
"2022-07","TAMPINES","5 ROOM","491F","TAMPINES ST 45","07 TO 09",124,"Improved",1993,"70 years 01 month",628000
"2022-07","TAMPINES","5 ROOM","260","TAMPINES ST 21","04 TO 06",133,"Model A",1984,"61 years 03 months",630000
"2022-07","TOA PAYOH","3 ROOM","85A","LOR 4 TOA PAYOH","10 TO 12",68,"Improved",1972,"48 years 06 months",335000
"2022-07","TOA PAYOH","4 ROOM","179","TOA PAYOH CTRL","01 TO 03",84,"Improved",1974,"51 years 01 month",480000
"2022-07","WOODLANDS","2 ROOM","16","MARSILING LANE","10 TO 12",45,"Improved",1984,"61 years 05 months",265000
"2022-07","WOODLANDS","4 ROOM","889B","WOODLANDS DR 50","13 TO 15",93,"Model A",2017,"94 years",570000
"2022-07","YISHUN","2 ROOM","452","YISHUN RING RD","10 TO 12",47,"Model A",2012,"89 years 02 months",290000
"2022-07","YISHUN","2 ROOM","675D","YISHUN AVE 4","07 TO 09",47,"2-room",2018,"95 years 05 months",315000
"2022-07","YISHUN","4 ROOM","439","YISHUN AVE 11","04 TO 06",84,"Simplified",1988,"65 years 01 month",395000
"2022-07","YISHUN","4 ROOM","850","YISHUN ST 81","04 TO 06",104,"Model A",1988,"65 years",501000
"2022-07","YISHUN","4 ROOM","512A","YISHUN ST 51","10 TO 12",93,"Model A",2017,"94 years 02 months",528000
"2022-07","YISHUN","5 ROOM","504B","YISHUN ST 51","10 TO 12",113,"Improved",2016,"92 years 09 months",680000
"2022-08","ANG MO KIO","3 ROOM","129","ANG MO KIO AVE 3","04 TO 06",73,"New Generation",1979,"55 years 06 months",360000
"2022-08","ANG MO KIO","EXECUTIVE","613","ANG MO KIO AVE 4","04 TO 06",149,"Apartment",1996,"72 years 10 months",920000
"2022-08","BEDOK","3 ROOM","29","NEW UPP CHANGI RD","13 TO 15",65,"Improved",1977,"53 years 10 months",330000
"2022-08","BEDOK","3 ROOM","3","BEDOK STH AVE 1","10 TO 12",67,"Improved",1976,"52 years 06 months",360000
"2022-08","BEDOK","4 ROOM","62","NEW UPP CHANGI RD","13 TO 15",92,"New Generation",1978,"54 years 10 months",478000
"2022-08","BEDOK","5 ROOM","68","BEDOK STH AVE 3","10 TO 12",123,"Standard",1977,"54 years 03 months",708000
"2022-08","BISHAN","4 ROOM","441","SIN MING AVE","07 TO 09",114,"Model A",1990,"66 years 07 months",750000
"2022-08","BUKIT BATOK","3 ROOM","259","BT BATOK EAST AVE 4","07 TO 09",69,"New Generation",1985,"62 years",340000
"2022-08","BUKIT BATOK","3 ROOM","226","BT BATOK CTRL","04 TO 06",69,"New Generation",1984,"61 years 05 months",382000
"2022-08","BUKIT BATOK","4 ROOM","179","BT BATOK WEST AVE 8","01 TO 03",98,"New Generation",1985,"61 years 06 months",460000
"2022-08","BUKIT BATOK","EXECUTIVE","299","BT BATOK ST 22","04 TO 06",147,"Maisonette",1997,"74 years",750000
"2022-08","BUKIT MERAH","5 ROOM","51","LENGKOK BAHRU","01 TO 03",122,"Improved",1986,"63 years 03 months",625000
"2022-08","BUKIT MERAH","3 ROOM","10B","BOON TIONG RD","19 TO 21",62,"Model A",2016,"92 years 06 months",710000
"2022-08","BUKIT PANJANG","4 ROOM","236","BT PANJANG RING RD","04 TO 06",84,"Simplified",1988,"64 years 08 months",390000
"2022-08","BUKIT PANJANG","4 ROOM","419","FAJAR RD","10 TO 12",104,"Model A",1989,"65 years 08 months",450000
"2022-08","BUKIT PANJANG","EXECUTIVE","484","SEGAR RD","10 TO 12",128,"Premium Apartment",2002,"79 years 04 months",590000
"2022-08","CHOA CHU KANG","4 ROOM","803A","KEAT HONG CL","01 TO 03",93,"Model A",2017,"93 years 10 months",470000
"2022-08","CHOA CHU KANG","4 ROOM","417","CHOA CHU KANG AVE 4","04 TO 06",105,"Model A",1993,"69 years 11 months",478000
"2022-08","CHOA CHU KANG","4 ROOM","805B","KEAT HONG CL","07 TO 09",93,"Model A",2017,"93 years 11 months",510000
"2022-08","CHOA CHU KANG","5 ROOM","812A","CHOA CHU KANG AVE 7","13 TO 15",113,"Improved",2017,"94 years 04 months",635000
"2022-08","GEYLANG","4 ROOM","44","SIMS DR","04 TO 06",88,"Improved",1975,"52 years",4e+05
"2022-08","GEYLANG","5 ROOM","13","EUNOS CRES","01 TO 03",117,"Standard",1977,"53 years 11 months",560000
"2022-08","HOUGANG","4 ROOM","546","HOUGANG ST 51","04 TO 06",103,"Model A",1992,"69 years 02 months",490000
"2022-08","HOUGANG","4 ROOM","477C","UPP SERANGOON VIEW","07 TO 09",92,"Premium Apartment",2016,"92 years 08 months",605000
"2022-08","JURONG EAST","3 ROOM","101","JURONG EAST ST 13","07 TO 09",68,"New Generation",1983,"59 years 08 months",366888
"2022-08","JURONG EAST","5 ROOM","320","JURONG EAST ST 31","04 TO 06",135,"Model A",1984,"61 years 04 months",568000
"2022-08","JURONG EAST","5 ROOM","272","TOH GUAN RD","04 TO 06",121,"Improved",1999,"75 years 09 months",685000
"2022-08","JURONG WEST","5 ROOM","539","JURONG WEST AVE 1","01 TO 03",134,"Model A",1984,"61 years 04 months",544000
"2022-08","JURONG WEST","EXECUTIVE","688","JURONG WEST CTRL 1","01 TO 03",139,"Premium Apartment",1998,"74 years 10 months",7e+05
"2022-08","KALLANG/WHAMPOA","3 ROOM","32","JLN BAHAGIA","07 TO 09",56,"Standard",1971,"47 years 05 months",270000
"2022-08","KALLANG/WHAMPOA","3 ROOM","82","WHAMPOA DR","13 TO 15",66,"Improved",1974,"51 years",310000
"2022-08","MARINE PARADE","3 ROOM","33","MARINE CRES","04 TO 06",65,"Improved",1975,"51 years 09 months",425000
"2022-08","PASIR RIS","4 ROOM","254","PASIR RIS ST 21","04 TO 06",108,"Model A",1993,"70 years 05 months",5e+05
"2022-08","PUNGGOL","5 ROOM","202A","PUNGGOL FIELD","01 TO 03",110,"Improved",2004,"80 years 11 months",505000
"2022-08","QUEENSTOWN","3 ROOM","6","HOLLAND CL","13 TO 15",65,"Improved",1974,"50 years 10 months",442000
"2022-08","QUEENSTOWN","5 ROOM","13","GHIM MOH RD","07 TO 09",123,"Standard",1977,"53 years 06 months",8e+05
"2022-08","SEMBAWANG","3 ROOM","593B","MONTREAL LINK","07 TO 09",68,"Model A",2015,"91 years 09 months",380000
"2022-08","SENGKANG","4 ROOM","185D","RIVERVALE CRES","13 TO 15",85,"Model A2",2000,"77 years 05 months",438000
"2022-08","SENGKANG","4 ROOM","237","COMPASSVALE WALK","01 TO 03",100,"Model A",1999,"76 years 03 months",465000
"2022-08","SENGKANG","4 ROOM","452B","SENGKANG WEST WAY","04 TO 06",92,"Model A",2015,"91 years 10 months",498000
"2022-08","SENGKANG","5 ROOM","317B","ANCHORVALE RD","04 TO 06",111,"Premium Apartment",2003,"79 years 11 months",530000
"2022-08","SENGKANG","4 ROOM","445B","FERNVALE RD","16 TO 18",94,"Model A",2012,"89 years 04 months",548888
"2022-08","SENGKANG","4 ROOM","471C","FERNVALE ST","19 TO 21",93,"Model A",2016,"93 years 02 months",558888
"2022-08","SENGKANG","4 ROOM","338D","ANCHORVALE CRES","10 TO 12",93,"Model A",2018,"94 years 10 months",568888
"2022-08","SENGKANG","4 ROOM","472C","FERNVALE ST","19 TO 21",93,"Model A",2016,"93 years 02 months",575000
"2022-08","SERANGOON","4 ROOM","529","SERANGOON NTH AVE 4","01 TO 03",103,"Model A",1992,"69 years 04 months",496000
"2022-08","SERANGOON","EXECUTIVE","519","SERANGOON NTH AVE 4","07 TO 09",149,"Apartment",1992,"69 years 04 months",818000
"2022-08","SERANGOON","EXECUTIVE","319","SERANGOON AVE 2","01 TO 03",146,"Maisonette",1985,"62 years 04 months",1e+06
"2022-08","TAMPINES","3 ROOM","113","TAMPINES ST 11","07 TO 09",79,"Model A",1982,"59 years",405000
"2022-08","TAMPINES","3 ROOM","267","TAMPINES ST 21","07 TO 09",75,"Model A",1983,"60 years",425000
"2022-08","TAMPINES","4 ROOM","487B","TAMPINES ST 45","04 TO 06",105,"Model A",1989,"66 years 03 months",480000
"2022-08","TAMPINES","4 ROOM","879A","TAMPINES AVE 8","13 TO 15",93,"Model A",2017,"93 years 11 months",650000
"2022-08","TOA PAYOH","3 ROOM","177","TOA PAYOH CTRL","01 TO 03",67,"Improved",1972,"49 years",363000
"2022-08","TOA PAYOH","4 ROOM","139","POTONG PASIR AVE 3","13 TO 15",104,"Model A",1984,"61 years",728000
"2022-08","WOODLANDS","3 ROOM","206","MARSILING DR","07 TO 09",68,"New Generation",1981,"57 years 09 months",318888
"2022-08","WOODLANDS","3 ROOM","573A","WOODLANDS DR 16","07 TO 09",68,"Model A",2018,"94 years 11 months",410000
"2022-08","WOODLANDS","5 ROOM","123","MARSILING RISE","01 TO 03",126,"Improved",1985,"62 years 04 months",430000
"2022-08","WOODLANDS","4 ROOM","766","WOODLANDS CIRCLE","07 TO 09",91,"Model A",2003,"80 years",450000
"2022-08","WOODLANDS","4 ROOM","780E","WOODLANDS CRES","10 TO 12",92,"Model A",2015,"92 years",495000
"2022-08","YISHUN","4 ROOM","613","YISHUN ST 61","10 TO 12",83,"Simplified",1987,"63 years 09 months",438000
"2022-08","YISHUN","4 ROOM","868","YISHUN ST 81","07 TO 09",104,"Model A",1987,"64 years 04 months",483000
"2022-08","YISHUN","4 ROOM","274","YISHUN ST 22","10 TO 12",104,"Model A",1986,"62 years 06 months",5e+05
"2022-08","YISHUN","5 ROOM","292","YISHUN ST 22","04 TO 06",133,"Model A",1992,"68 years 11 months",575000
"2022-08","YISHUN","5 ROOM","624","YISHUN RING RD","07 TO 09",121,"Improved",1987,"63 years 08 months",6e+05
"2022-09","ANG MO KIO","3 ROOM","575","ANG MO KIO AVE 10","04 TO 06",67,"New Generation",1980,"56 years 05 months",362000
"2022-09","ANG MO KIO","3 ROOM","623","ANG MO KIO AVE 9","10 TO 12",68,"New Generation",1980,"57 years 01 month",390000
"2022-09","BEDOK","3 ROOM","503","BEDOK NTH ST 3","01 TO 03",59,"Improved",1978,"54 years 08 months",3e+05
"2022-09","BEDOK","3 ROOM","702","BEDOK RESERVOIR RD","04 TO 06",68,"New Generation",1980,"57 years 03 months",360000
"2022-09","BEDOK","4 ROOM","707","BEDOK NTH RD","01 TO 03",92,"New Generation",1980,"57 years 02 months",450000
"2022-09","BEDOK","4 ROOM","660","JLN TENAGA","01 TO 03",105,"Model A",1997,"73 years 05 months",490000
"2022-09","BEDOK","5 ROOM","19","BEDOK STH RD","01 TO 03",117,"Standard",1976,"52 years 05 months",610000
"2022-09","BEDOK","4 ROOM","774","BEDOK RESERVOIR VIEW","07 TO 09",105,"Premium Apartment",2000,"77 years 04 months",635000
"2022-09","BEDOK","5 ROOM","659","JLN TENAGA","07 TO 09",138,"Model A",1996,"73 years 03 months",8e+05
"2022-09","BEDOK","EXECUTIVE","725","BEDOK RESERVOIR RD","04 TO 06",149,"Maisonette",1984,"61 years",888000
"2022-09","BEDOK","EXECUTIVE","637","BEDOK RESERVOIR RD","16 TO 18",143,"Apartment",1993,"69 years 09 months",948888
"2022-09","BISHAN","5 ROOM","135","BISHAN ST 12","13 TO 15",121,"Improved",1987,"63 years 10 months",840000
"2022-09","BUKIT MERAH","2 ROOM","10","JLN BT HO SWEE","04 TO 06",34,"Standard",1971,"47 years 11 months",255000
"2022-09","BUKIT MERAH","4 ROOM","8","CANTONMENT CL","28 TO 30",90,"Model A",2002,"79 years 04 months",988000
"2022-09","CENTRAL AREA","4 ROOM","641","ROWELL RD","19 TO 21",103,"Model A",1983,"60 years 01 month",728000
"2022-09","HOUGANG","4 ROOM","365B","UPP SERANGOON RD","13 TO 15",92,"Model A",2018,"94 years 06 months",708000
"2022-09","JURONG WEST","3 ROOM","211","BOON LAY PL","13 TO 15",65,"Improved",1976,"53 years 03 months",310000
"2022-09","JURONG WEST","3 ROOM","561B","JURONG WEST ST 42","04 TO 06",68,"Model A",2018,"94 years 06 months",418000
"2022-09","JURONG WEST","4 ROOM","648D","JURONG WEST ST 61","07 TO 09",91,"Model A",2001,"77 years 08 months",485000
"2022-09","JURONG WEST","4 ROOM","165B","YUNG KUANG RD","10 TO 12",93,"Model A",2018,"95 years 02 months",535000
"2022-09","JURONG WEST","5 ROOM","686C","JURONG WEST CTRL 1","07 TO 09",111,"Premium Apartment",2000,"77 years 02 months",628000
"2022-09","KALLANG/WHAMPOA","4 ROOM","9","ST. GEORGE'S RD","10 TO 12",84,"Simplified",1985,"61 years 07 months",520000
"2022-09","MARINE PARADE","3 ROOM","32","MARINE CRES","13 TO 15",76,"Improved",1975,"51 years 08 months",480000
"2022-09","PASIR RIS","5 ROOM","742","PASIR RIS ST 71","13 TO 15",125,"Improved",1996,"73 years 02 months",611000
"2022-09","PUNGGOL","4 ROOM","295","PUNGGOL CTRL","16 TO 18",91,"Premium Apartment",2003,"80 years 03 months",488000
"2022-09","PUNGGOL","4 ROOM","632C","PUNGGOL DR","07 TO 09",92,"Premium Apartment",2007,"84 years 04 months",523888
"2022-09","PUNGGOL","4 ROOM","601D","PUNGGOL CTRL","10 TO 12",93,"Model A",2012,"88 years 11 months",545000
"2022-09","PUNGGOL","4 ROOM","613C","PUNGGOL DR","10 TO 12",93,"Model A",2012,"89 years 04 months",550000
"2022-09","PUNGGOL","4 ROOM","619A","PUNGGOL DR","10 TO 12",95,"Premium Apartment",2013,"90 years 01 month",575000
"2022-09","PUNGGOL","5 ROOM","163B","PUNGGOL CTRL","10 TO 12",114,"Premium Apartment",2004,"80 years 11 months",613000
"2022-09","PUNGGOL","5 ROOM","265B","PUNGGOL WAY","01 TO 03",111,"Improved",2015,"91 years 10 months",652000
"2022-09","QUEENSTOWN","3 ROOM","27","GHIM MOH LINK","19 TO 21",67,"Model A",2013,"89 years 08 months",608000
"2022-09","QUEENSTOWN","4 ROOM","61B","STRATHMORE AVE","07 TO 09",93,"Model A",2011,"88 years",818818
"2022-09","SEMBAWANG","5 ROOM","333","SEMBAWANG CL","01 TO 03",115,"Improved",1999,"75 years 11 months",558000
"2022-09","SENGKANG","4 ROOM","114","RIVERVALE WALK","01 TO 03",103,"Model A",1998,"75 years 03 months",470000
"2022-09","SENGKANG","4 ROOM","230","COMPASSVALE WALK","13 TO 15",101,"Model A",1999,"76 years 01 month",5e+05
"2022-09","SENGKANG","5 ROOM","228A","COMPASSVALE WALK","13 TO 15",115,"Improved",2000,"76 years 06 months",580000
"2022-09","SENGKANG","5 ROOM","205C","COMPASSVALE LANE","10 TO 12",122,"Improved",1999,"75 years 10 months",610000
"2022-09","SENGKANG","5 ROOM","280A","SENGKANG EAST AVE","01 TO 03",112,"Premium Apartment",2015,"92 years",725000
"2022-09","SERANGOON","3 ROOM","215","SERANGOON AVE 4","07 TO 09",71,"New Generation",1985,"61 years 10 months",380000
"2022-09","SERANGOON","4 ROOM","127","SERANGOON NTH AVE 1","01 TO 03",91,"New Generation",1985,"61 years 05 months",488000
"2022-09","SERANGOON","4 ROOM","245","SERANGOON AVE 2","01 TO 03",89,"Simplified",1985,"62 years 04 months",535000
"2022-09","SERANGOON","4 ROOM","257","SERANGOON CTRL DR","13 TO 15",99,"Model A",1999,"75 years 09 months",8e+05
"2022-09","TAMPINES","5 ROOM","365","TAMPINES ST 34","04 TO 06",119,"Improved",1997,"73 years 05 months",605888
"2022-09","TAMPINES","5 ROOM","804","TAMPINES AVE 4","07 TO 09",121,"Improved",1984,"61 years 03 months",710000
"2022-09","TAMPINES","4 ROOM","519C","TAMPINES CTRL 8","10 TO 12",83,"DBSS",2014,"90 years 09 months",750000
"2022-09","TAMPINES","5 ROOM","245","SIMEI ST 5","10 TO 12",124,"Improved",1997,"73 years 05 months",790888
"2022-09","TAMPINES","5 ROOM","246","TAMPINES ST 21","07 TO 09",135,"Adjoined flat",1984,"61 years 02 months",8e+05
"2022-09","TAMPINES","EXECUTIVE","856D","TAMPINES ST 82","07 TO 09",146,"Maisonette",1995,"72 years 03 months",988888
"2022-09","WOODLANDS","4 ROOM","802","WOODLANDS ST 81","04 TO 06",84,"Simplified",1989,"65 years 11 months",410000
"2022-09","WOODLANDS","4 ROOM","785D","WOODLANDS RISE","07 TO 09",93,"Model A",2018,"94 years 11 months",5e+05
"2022-09","YISHUN","4 ROOM","862","YISHUN AVE 4","01 TO 03",105,"Model A",1988,"64 years 11 months",462000
"2022-09","YISHUN","4 ROOM","512B","YISHUN ST 51","04 TO 06",93,"Model A",2017,"93 years 11 months",510000
"2022-09","YISHUN","4 ROOM","675C","YISHUN AVE 4","07 TO 09",93,"Model A",2018,"95 years 03 months",538000
"2022-10","ANG MO KIO","3 ROOM","571","ANG MO KIO AVE 3","04 TO 06",67,"New Generation",1979,"55 years 08 months",318000
"2022-10","ANG MO KIO","3 ROOM","606","ANG MO KIO AVE 5","04 TO 06",67,"New Generation",1980,"56 years 09 months",340000
"2022-10","ANG MO KIO","3 ROOM","329","ANG MO KIO AVE 3","07 TO 09",88,"New Generation",1978,"54 years 04 months",480000
"2022-10","ANG MO KIO","5 ROOM","455B","ANG MO KIO ST 44","04 TO 06",113,"Improved",2018,"94 years 06 months",945000
"2022-10","ANG MO KIO","4 ROOM","590A","ANG MO KIO ST 51","28 TO 30",93,"Model A",2019,"95 years 05 months",968000
"2022-10","BEDOK","4 ROOM","547","BEDOK NTH ST 3","10 TO 12",92,"New Generation",1980,"56 years 08 months",468000
"2022-10","BEDOK","4 ROOM","807C","CHAI CHEE RD","13 TO 15",93,"Model A",2016,"93 years 02 months",723888
"2022-10","BISHAN","3 ROOM","195","BISHAN ST 13","07 TO 09",64,"Simplified",1988,"64 years 04 months",488000
"2022-10","BUKIT BATOK","3 ROOM","283","BT BATOK EAST AVE 3","07 TO 09",64,"Simplified",1988,"64 years 07 months",360000
"2022-10","BUKIT BATOK","3 ROOM","248","BT BATOK EAST AVE 5","07 TO 09",73,"Model A",1985,"61 years 10 months",370000
"2022-10","BUKIT BATOK","3 ROOM","212","BT BATOK ST 21","04 TO 06",67,"New Generation",1985,"61 years 11 months",390000
"2022-10","BUKIT BATOK","5 ROOM","194B","BT BATOK WEST AVE 6","25 TO 27",112,"Premium Apartment",2017,"93 years 10 months",855000
"2022-10","BUKIT MERAH","5 ROOM","119C","KIM TIAN RD","19 TO 21",110,"Improved",2003,"79 years 09 months",865000
"2022-10","BUKIT MERAH","5 ROOM","9","CANTONMENT CL","22 TO 24",110,"Improved",2002,"79 years 03 months",1150000
"2022-10","BUKIT PANJANG","4 ROOM","274","BANGKIT RD","10 TO 12",84,"Simplified",1987,"64 years 02 months",412888
"2022-10","CHOA CHU KANG","5 ROOM","160","JLN TECK WHYE","01 TO 03",124,"Improved",1998,"74 years 05 months",540000
"2022-10","CHOA CHU KANG","5 ROOM","488D","CHOA CHU KANG AVE 5","10 TO 12",113,"Improved",2016,"92 years 09 months",610000
"2022-10","CLEMENTI","3 ROOM","305","CLEMENTI AVE 4","01 TO 03",67,"New Generation",1979,"55 years 05 months",350000
"2022-10","GEYLANG","4 ROOM","346","UBI AVE 1","07 TO 09",84,"Simplified",1986,"62 years 05 months",465000
"2022-10","HOUGANG","3 ROOM","2","HOUGANG AVE 3","07 TO 09",71,"Improved",1975,"51 years 10 months",345000
"2022-10","HOUGANG","4 ROOM","542","HOUGANG AVE 8","04 TO 06",103,"Model A",1992,"69 years",495000
"2022-10","HOUGANG","5 ROOM","655","HOUGANG AVE 8","16 TO 18",120,"Improved",1987,"64 years",605000
"2022-10","JURONG WEST","3 ROOM","560A","JURONG WEST ST 42","04 TO 06",68,"Model A",2018,"94 years 05 months",422000
"2022-10","JURONG WEST","4 ROOM","851","JURONG WEST ST 81","01 TO 03",108,"Model A",1996,"72 years 07 months",445000
"2022-10","JURONG WEST","5 ROOM","523","JURONG WEST ST 52","22 TO 24",118,"Improved",1982,"58 years 08 months",595000
"2022-10","JURONG WEST","EXECUTIVE","333","KANG CHING RD","10 TO 12",139,"Apartment",1997,"73 years 04 months",805000
"2022-10","KALLANG/WHAMPOA","5 ROOM","3A","UPP BOON KENG RD","01 TO 03",110,"Improved",2006,"83 years",770000
"2022-10","KALLANG/WHAMPOA","4 ROOM","8C","UPP BOON KENG RD","04 TO 06",88,"Premium Apartment",2017,"93 years 10 months",858000
"2022-10","MARINE PARADE","3 ROOM","8","MARINE TER","01 TO 03",65,"Improved",1975,"51 years 04 months",386000
"2022-10","PASIR RIS","4 ROOM","740","PASIR RIS ST 71","10 TO 12",103,"Model A",1996,"72 years 11 months",528888
"2022-10","PUNGGOL","4 ROOM","619A","PUNGGOL DR","04 TO 06",93,"Premium Apartment",2013,"90 years",510000
"2022-10","PUNGGOL","4 ROOM","670B","EDGEFIELD PLAINS","04 TO 06",93,"Premium Apartment",2016,"92 years 09 months",545000
"2022-10","PUNGGOL","4 ROOM","669B","EDGEFIELD PLAINS","04 TO 06",93,"Premium Apartment",2016,"92 years 09 months",552000
"2022-10","PUNGGOL","5 ROOM","226C","SUMANG LANE","01 TO 03",114,"Premium Apartment",2018,"94 years 06 months",685000
"2022-10","PUNGGOL","5 ROOM","226C","SUMANG LANE","16 TO 18",114,"Premium Apartment",2018,"94 years 06 months",720000
"2022-10","QUEENSTOWN","5 ROOM","88","DAWSON RD","40 TO 42",108,"Premium Apartment",2016,"92 years 11 months",1270000
"2022-10","SEMBAWANG","5 ROOM","486","ADMIRALTY LINK","19 TO 21",111,"Improved",2004,"80 years 07 months",560000
"2022-10","SENGKANG","4 ROOM","113","RIVERVALE WALK","13 TO 15",102,"Model A",1998,"75 years 03 months",508000
"2022-10","SENGKANG","4 ROOM","223D","COMPASSVALE WALK","07 TO 09",102,"Model A",1999,"75 years 08 months",530000
"2022-10","SENGKANG","5 ROOM","299A","COMPASSVALE ST","04 TO 06",113,"Premium Apartment",2001,"77 years 11 months",540000
"2022-10","SENGKANG","5 ROOM","292B","COMPASSVALE ST","13 TO 15",110,"Improved",2002,"78 years 04 months",542000
"2022-10","SERANGOON","4 ROOM","235","SERANGOON AVE 3","04 TO 06",84,"Simplified",1985,"61 years 09 months",480000
"2022-10","SERANGOON","4 ROOM","419","SERANGOON CTRL","04 TO 06",113,"Model A",1989,"65 years 08 months",735000
"2022-10","TAMPINES","5 ROOM","871","TAMPINES ST 84","10 TO 12",121,"Improved",1988,"65 years 01 month",585000
"2022-10","TAMPINES","5 ROOM","135","SIMEI ST 1","04 TO 06",122,"Improved",1988,"64 years 09 months",610000
"2022-10","TAMPINES","5 ROOM","356","TAMPINES ST 33","07 TO 09",125,"Improved",1996,"72 years 05 months",632000
"2022-10","TAMPINES","EXECUTIVE","230H","TAMPINES ST 21","10 TO 12",147,"Apartment",1993,"69 years 10 months",8e+05
"2022-10","TOA PAYOH","4 ROOM","130A","LOR 1 TOA PAYOH","07 TO 09",93,"Model A",2018,"94 years 11 months",950000
"2022-10","WOODLANDS","3 ROOM","31","MARSILING DR","04 TO 06",73,"New Generation",1977,"53 years 08 months",308000
"2022-10","WOODLANDS","4 ROOM","502A","WOODLANDS DR 14","04 TO 06",101,"Model A",1998,"75 years 02 months",445000
"2022-10","WOODLANDS","3 ROOM","302A","WOODLANDS ST 31","04 TO 06",67,"Model A",2016,"93 years 01 month",448000
"2022-10","WOODLANDS","5 ROOM","691A","WOODLANDS DR 73","07 TO 09",113,"Improved",2018,"94 years 09 months",670000
"2022-10","YISHUN","3 ROOM","116","YISHUN RING RD","04 TO 06",74,"Model A",1983,"59 years 09 months",360000
"2022-10","YISHUN","3 ROOM","513C","YISHUN ST 51","07 TO 09",68,"Model A",2018,"94 years 05 months",425000
"2022-10","YISHUN","4 ROOM","658","YISHUN AVE 4","10 TO 12",83,"Simplified",1987,"63 years 11 months",430000
"2022-10","YISHUN","4 ROOM","774","YISHUN AVE 3","04 TO 06",89,"Simplified",1987,"63 years 05 months",440000
"2022-10","YISHUN","5 ROOM","673A","YISHUN AVE 4","04 TO 06",112,"Improved",2018,"95 years 02 months",633000
"2022-11","ANG MO KIO","3 ROOM","450","ANG MO KIO AVE 10","01 TO 03",83,"New Generation",1979,"55 years 09 months",440000
"2022-11","BEDOK","2 ROOM","106","BEDOK NTH AVE 4","07 TO 09",45,"Improved",1978,"54 years 09 months",270000
"2022-11","BEDOK","3 ROOM","615","BEDOK RESERVOIR RD","01 TO 03",68,"New Generation",1981,"57 years 06 months",355000
"2022-11","BEDOK","4 ROOM","106","BEDOK RESERVOIR RD","10 TO 12",93,"New Generation",1985,"61 years 10 months",480000
"2022-11","BUKIT BATOK","3 ROOM","219","BT BATOK ST 21","01 TO 03",67,"New Generation",1985,"61 years 05 months",345000
"2022-11","BUKIT BATOK","4 ROOM","290F","BT BATOK ST 24","13 TO 15",103,"Model A",1997,"74 years 01 month",530000
"2022-11","BUKIT MERAH","4 ROOM","25B","JLN MEMBINA","07 TO 09",90,"Model A",2009,"85 years 03 months",855000
"2022-11","BUKIT PANJANG","4 ROOM","633A","SENJA RD","04 TO 06",93,"Model A",2013,"90 years 02 months",510000
"2022-11","BUKIT PANJANG","5 ROOM","477","SEGAR RD","10 TO 12",110,"Premium Apartment",2003,"79 years 03 months",520000
"2022-11","CHOA CHU KANG","4 ROOM","142","TECK WHYE LANE","01 TO 03",113,"Model A",1989,"65 years 08 months",450000
"2022-11","CHOA CHU KANG","4 ROOM","676A","CHOA CHU KANG CRES","01 TO 03",101,"Premium Apartment",1999,"76 years 02 months",453000
"2022-11","CHOA CHU KANG","5 ROOM","511","CHOA CHU KANG ST 51","04 TO 06",127,"Improved",1994,"71 years 01 month",538888
"2022-11","CHOA CHU KANG","4 ROOM","805A","KEAT HONG CL","13 TO 15",93,"Model A",2017,"93 years 07 months",545000
"2022-11","CHOA CHU KANG","4 ROOM","811B","CHOA CHU KANG AVE 7","01 TO 03",93,"Model A",2017,"94 years 01 month",548888
"2022-11","CHOA CHU KANG","4 ROOM","805D","KEAT HONG CL","16 TO 18",93,"Model A",2017,"93 years 08 months",566800
"2022-11","GEYLANG","3 ROOM","38","CIRCUIT RD","07 TO 09",60,"Standard",1971,"47 years 04 months",340000
"2022-11","GEYLANG","4 ROOM","122","GEYLANG EAST CTRL","04 TO 06",92,"New Generation",1982,"58 years 07 months",608000
"2022-11","HOUGANG","4 ROOM","244","HOUGANG ST 22","10 TO 12",92,"New Generation",1984,"60 years 11 months",465000
"2022-11","HOUGANG","4 ROOM","920","HOUGANG ST 91","10 TO 12",101,"Model A",1998,"74 years 06 months",520000
"2022-11","HOUGANG","5 ROOM","984B","BUANGKOK LINK","04 TO 06",110,"Improved",2004,"80 years 05 months",535000
"2022-11","HOUGANG","4 ROOM","835","HOUGANG CTRL","13 TO 15",110,"Model A",1992,"69 years",6e+05
"2022-11","JURONG EAST","4 ROOM","275","TOH GUAN RD","04 TO 06",90,"Model A2",1998,"74 years 11 months",460000
"2022-11","JURONG WEST","4 ROOM","657B","JURONG WEST ST 65","13 TO 15",92,"Model A",2001,"77 years 08 months",495000
"2022-11","JURONG WEST","4 ROOM","678D","JURONG WEST ST 64","13 TO 15",93,"Premium Apartment",2008,"84 years 08 months",522000
"2022-11","JURONG WEST","5 ROOM","677C","JURONG WEST ST 64","13 TO 15",110,"Premium Apartment",2008,"84 years 08 months",528000
"2022-11","JURONG WEST","5 ROOM","620","JURONG WEST ST 65","13 TO 15",110,"Improved",2000,"77 years 03 months",530000
"2022-11","JURONG WEST","5 ROOM","217A","BOON LAY AVE","04 TO 06",114,"Improved",2018,"94 years 09 months",636888
"2022-11","JURONG WEST","EXECUTIVE","935","JURONG WEST ST 91","01 TO 03",147,"Maisonette",1988,"64 years 05 months",680000
"2022-11","JURONG WEST","EXECUTIVE","163","YUNG PING RD","04 TO 06",144,"Maisonette",1997,"73 years 03 months",715000
"2022-11","KALLANG/WHAMPOA","3 ROOM","116A","JLN TENTERAM","16 TO 18",67,"Model A",2017,"94 years 02 months",557888
"2022-11","KALLANG/WHAMPOA","4 ROOM","116A","JLN TENTERAM","04 TO 06",93,"Model A",2017,"94 years 01 month",690000
"2022-11","MARINE PARADE","3 ROOM","65","MARINE DR","04 TO 06",76,"Improved",1976,"52 years 05 months",438000
"2022-11","PASIR RIS","5 ROOM","483","PASIR RIS DR 4","07 TO 09",122,"Improved",1989,"65 years 10 months",638000
"2022-11","PUNGGOL","2 ROOM","327A","SUMANG WALK","10 TO 12",47,"Model A",2018,"95 years 01 month",350000
"2022-11","PUNGGOL","4 ROOM","673A","EDGEFIELD PLAINS","04 TO 06",90,"Model A",2015,"92 years 02 months",495000
"2022-11","PUNGGOL","4 ROOM","615B","EDGEFIELD PLAINS","01 TO 03",92,"Model A",2012,"89 years 02 months",498000
"2022-11","PUNGGOL","4 ROOM","684D","EDGEDALE PLAINS","01 TO 03",93,"Premium Apartment",2018,"94 years 10 months",575000
"2022-11","PUNGGOL","5 ROOM","310B","PUNGGOL WALK","01 TO 03",112,"Premium Apartment",2016,"92 years 08 months",718000
"2022-11","SEMBAWANG","4 ROOM","486","ADMIRALTY LINK","13 TO 15",90,"Model A",2004,"80 years 05 months",450000
"2022-11","SENGKANG","2 ROOM","445A","FERNVALE RD","13 TO 15",47,"Model A",2012,"89 years 02 months",350000
"2022-11","SENGKANG","4 ROOM","469B","SENGKANG WEST WAY","04 TO 06",93,"Model A",2016,"92 years 11 months",520000
"2022-11","SENGKANG","4 ROOM","409A","FERNVALE RD","13 TO 15",95,"Premium Apartment",2004,"81 years 02 months",532000
"2022-11","SENGKANG","4 ROOM","418B","FERNVALE LINK","13 TO 15",94,"Model A",2018,"94 years 09 months",595888
"2022-11","SENGKANG","4 ROOM","275D","COMPASSVALE LINK","07 TO 09",92,"Premium Apartment",2009,"85 years 08 months",678000
"2022-11","TAMPINES","3 ROOM","282","TAMPINES ST 22","04 TO 06",74,"Model A",1984,"60 years 03 months",378000
"2022-11","TAMPINES","3 ROOM","138","TAMPINES ST 11","01 TO 03",76,"Model A",1984,"60 years 04 months",410000
"2022-11","TAMPINES","3 ROOM","846","TAMPINES ST 82","07 TO 09",74,"Model A",1986,"62 years 03 months",425000
"2022-11","TAMPINES","4 ROOM","731","TAMPINES ST 71","13 TO 15",103,"Model A",1997,"73 years 08 months",575000
"2022-11","TAMPINES","EXECUTIVE","737","TAMPINES ST 72","10 TO 12",140,"Apartment",1997,"73 years 11 months",830888
"2022-11","TOA PAYOH","3 ROOM","231","LOR 8 TOA PAYOH","04 TO 06",65,"Improved",1976,"53 years 01 month",330000
"2022-11","TOA PAYOH","3 ROOM","158","LOR 1 TOA PAYOH","07 TO 09",76,"Improved",1972,"48 years 03 months",420000
"2022-11","WOODLANDS","3 ROOM","784C","WOODLANDS RISE","01 TO 03",68,"Model A",2018,"94 years 09 months",380000
"2022-11","WOODLANDS","3 ROOM","574B","WOODLANDS DR 16","04 TO 06",68,"Model A",2018,"94 years 08 months",448000
"2022-11","WOODLANDS","4 ROOM","682A","WOODLANDS DR 62","04 TO 06",105,"Premium Apartment",2000,"76 years 04 months",503000
"2022-11","WOODLANDS","5 ROOM","689A","WOODLANDS DR 75","07 TO 09",110,"Premium Apartment",2004,"80 years 05 months",515000
"2022-11","WOODLANDS","4 ROOM","784B","WOODLANDS RISE","07 TO 09",93,"Model A",2018,"94 years 09 months",535000
"2022-11","WOODLANDS","5 ROOM","733","WOODLANDS CIRCLE","04 TO 06",121,"Improved",1997,"73 years 11 months",545000
"2022-11","WOODLANDS","5 ROOM","682D","WOODLANDS DR 73","07 TO 09",125,"Premium Apartment",2000,"76 years 05 months",565000
"2022-11","WOODLANDS","5 ROOM","738","WOODLANDS CIRCLE","04 TO 06",122,"Improved",1998,"74 years 04 months",575000
"2022-11","YISHUN","3 ROOM","135","YISHUN ST 11","01 TO 03",67,"New Generation",1985,"61 years 07 months",332000
"2022-11","YISHUN","3 ROOM","204","YISHUN ST 21","07 TO 09",67,"New Generation",1985,"61 years 05 months",380000
"2022-11","YISHUN","4 ROOM","751","YISHUN ST 72","01 TO 03",91,"New Generation",1984,"60 years 07 months",465000
"2022-12","ANG MO KIO","3 ROOM","535","ANG MO KIO AVE 5","10 TO 12",67,"New Generation",1980,"56 years 03 months",340000
"2022-12","ANG MO KIO","5 ROOM","455B","ANG MO KIO ST 44","07 TO 09",113,"Improved",2018,"94 years 04 months",955000
"2022-12","BISHAN","EXECUTIVE","257","BISHAN ST 22","10 TO 12",147,"Maisonette",1992,"68 years 08 months",988888
"2022-12","BUKIT BATOK","3 ROOM","525","BT BATOK ST 52","01 TO 03",64,"Simplified",1987,"63 years 09 months",365000
"2022-12","BUKIT BATOK","4 ROOM","316","BT BATOK ST 32","04 TO 06",93,"New Generation",1986,"62 years 02 months",450000
"2022-12","BUKIT BATOK","4 ROOM","443D","BT BATOK WEST AVE 8","04 TO 06",92,"Model A",2019,"95 years 04 months",575000
"2022-12","BUKIT MERAH","3 ROOM","1","TELOK BLANGAH CRES","04 TO 06",66,"Improved",1983,"59 years 06 months",350000
"2022-12","BUKIT MERAH","3 ROOM","21","TELOK BLANGAH CRES","10 TO 12",65,"Improved",1975,"51 years 06 months",370000
"2022-12","BUKIT MERAH","3 ROOM","26A","JLN MEMBINA","10 TO 12",60,"Model A",2008,"85 years 01 month",583200
"2022-12","BUKIT MERAH","4 ROOM","90B","TELOK BLANGAH ST 31","07 TO 09",93,"Model A",2018,"95 years",885000
"2022-12","BUKIT MERAH","5 ROOM","119B","KIM TIAN RD","28 TO 30",110,"Improved",2002,"79 years",895000
"2022-12","BUKIT PANJANG","4 ROOM","534","JELAPANG RD","07 TO 09",100,"Model A",1999,"75 years 06 months",526000
"2022-12","BUKIT PANJANG","EXECUTIVE","135","CASHEW RD","10 TO 12",150,"Maisonette",1988,"64 years 07 months",928000
"2022-12","CENTRAL AREA","4 ROOM","671A","KLANG LANE","04 TO 06",75,"Model A",2003,"79 years 03 months",570000
"2022-12","CENTRAL AREA","4 ROOM","1E","CANTONMENT RD","10 TO 12",93,"Type S1",2011,"87 years 02 months",980000
"2022-12","CHOA CHU KANG","3 ROOM","26","TECK WHYE LANE","04 TO 06",74,"New Generation",1979,"55 years 04 months",332500
"2022-12","CHOA CHU KANG","4 ROOM","801D","KEAT HONG CL","01 TO 03",92,"Model A",2018,"94 years 04 months",480000
"2022-12","CHOA CHU KANG","5 ROOM","470","CHOA CHU KANG AVE 3","04 TO 06",120,"Improved",1999,"75 years 03 months",548000
"2022-12","CHOA CHU KANG","5 ROOM","666","CHOA CHU KANG CRES","04 TO 06",124,"Improved",1999,"75 years 07 months",560000
"2022-12","GEYLANG","3 ROOM","21","BALAM RD","10 TO 12",60.3,"Standard",1967,"43 years 02 months",295000
"2022-12","GEYLANG","3 ROOM","71","CIRCUIT RD","04 TO 06",56,"Standard",1969,"45 years 02 months",308000
"2022-12","HOUGANG","4 ROOM","355","HOUGANG AVE 7","04 TO 06",91,"New Generation",1985,"61 years 03 months",440000
"2022-12","HOUGANG","4 ROOM","326","HOUGANG AVE 7","04 TO 06",104,"Model A",1983,"59 years 06 months",460000
"2022-12","KALLANG/WHAMPOA","4 ROOM","117A","JLN TENTERAM","10 TO 12",93,"Model A",2017,"94 years",750000
"2022-12","MARINE PARADE","3 ROOM","57","MARINE TER","04 TO 06",65,"Improved",1975,"51 years 05 months",398000
"2022-12","MARINE PARADE","3 ROOM","46","MARINE CRES","01 TO 03",76,"Improved",1975,"51 years 07 months",438000
"2022-12","PASIR RIS","4 ROOM","146","PASIR RIS ST 11","04 TO 06",106,"Model A",1995,"71 years 03 months",480000
"2022-12","PASIR RIS","4 ROOM","530C","PASIR RIS DR 1","07 TO 09",86,"DBSS",2015,"91 years 06 months",728000
"2022-12","PUNGGOL","4 ROOM","612C","PUNGGOL DR","13 TO 15",93,"Model A",2012,"89 years 02 months",590000
"2022-12","PUNGGOL","4 ROOM","289B","PUNGGOL PL","04 TO 06",95,"Premium Apartment",2013,"89 years 04 months",595000
"2022-12","PUNGGOL","5 ROOM","272A","PUNGGOL WALK","07 TO 09",116,"Premium Apartment",2014,"90 years 05 months",815888
"2022-12","PUNGGOL","5 ROOM","316B","PUNGGOL WAY","10 TO 12",113,"Premium Apartment",2017,"93 years 10 months",838000
"2022-12","QUEENSTOWN","3 ROOM","110","C'WEALTH CRES","01 TO 03",60,"Standard",1969,"45 years 02 months",283000
"2022-12","QUEENSTOWN","3 ROOM","113","C'WEALTH CRES","04 TO 06",60,"Standard",1969,"45 years 02 months",303800
"2022-12","SEMBAWANG","2 ROOM","129B","CANBERRA ST","01 TO 03",47,"Model A",2018,"95 years",341000
"2022-12","SEMBAWANG","3 ROOM","129B","CANBERRA ST","10 TO 12",68,"Model A",2018,"94 years 11 months",456000
"2022-12","SEMBAWANG","5 ROOM","486","ADMIRALTY LINK","16 TO 18",110,"Improved",2004,"80 years 05 months",538000
"2022-12","SENGKANG","4 ROOM","408A","FERNVALE RD","10 TO 12",95,"Premium Apartment",2004,"81 years 01 month",5e+05
"2022-12","SENGKANG","4 ROOM","153","RIVERVALE CRES","13 TO 15",91,"Model A",2005,"82 years",530000
"2022-12","SENGKANG","4 ROOM","408C","FERNVALE RD","16 TO 18",95,"Premium Apartment",2005,"81 years 03 months",535088
"2022-12","SENGKANG","5 ROOM","308A","ANCHORVALE RD","13 TO 15",110,"Improved",2002,"78 years 04 months",560888
"2022-12","SERANGOON","4 ROOM","126","SERANGOON NTH AVE 1","07 TO 09",91,"New Generation",1985,"61 years 07 months",510000
"2022-12","SERANGOON","4 ROOM","225","SERANGOON AVE 4","10 TO 12",94,"New Generation",1985,"61 years 04 months",571888
"2022-12","TAMPINES","4 ROOM","432","TAMPINES ST 41","07 TO 09",84,"Simplified",1986,"62 years 05 months",488000
"2022-12","TAMPINES","5 ROOM","256","TAMPINES ST 21","10 TO 12",126,"Improved",1984,"61 years 01 month",660000
"2022-12","TAMPINES","EXECUTIVE","498J","TAMPINES ST 45","10 TO 12",143,"Premium Apartment",1997,"73 years 05 months",8e+05
"2022-12","TAMPINES","EXECUTIVE","329","TAMPINES ST 32","04 TO 06",146,"Maisonette",1995,"72 years 02 months",830000
"2022-12","TOA PAYOH","3 ROOM","23","TOA PAYOH EAST","07 TO 09",67,"Improved",1970,"46 years 08 months",332000
"2022-12","TOA PAYOH","4 ROOM","131B","LOR 1 TOA PAYOH","10 TO 12",93,"Model A",2018,"94 years 09 months",948000
"2022-12","WOODLANDS","2 ROOM","573B","WOODLANDS DR 16","13 TO 15",47,"2-room",2018,"94 years 07 months",3e+05
"2022-12","WOODLANDS","4 ROOM","691D","WOODLANDS DR 73","04 TO 06",93,"Model A",2018,"94 years 07 months",528000
"2022-12","WOODLANDS","5 ROOM","870","WOODLANDS ST 81","01 TO 03",133,"Model A",1996,"72 years 05 months",562000
"2022-12","WOODLANDS","5 ROOM","542","WOODLANDS DR 16","04 TO 06",120,"Improved",2000,"76 years 06 months",580000
"2022-12","WOODLANDS","5 ROOM","727","WOODLANDS CIRCLE","07 TO 09",121,"Improved",1997,"73 years 07 months",6e+05
"2022-12","WOODLANDS","4 ROOM","887B","WOODLANDS DR 50","07 TO 09",92,"Premium Apartment",2015,"91 years 03 months",6e+05
"2022-12","YISHUN","3 ROOM","454","YISHUN ST 41","10 TO 12",67,"Model A",2013,"89 years 09 months",416888
"2022-12","YISHUN","4 ROOM","778","YISHUN AVE 2","10 TO 12",104,"Model A",1989,"65 years 02 months",480000
"2022-12","YISHUN","4 ROOM","452","YISHUN RING RD","07 TO 09",92,"Model A",2012,"88 years 09 months",530000
"2022-12","YISHUN","5 ROOM","171","YISHUN AVE 7","04 TO 06",131,"Improved",1988,"64 years 09 months",565000
"2023-01","ANG MO KIO","3 ROOM","603","ANG MO KIO AVE 5","07 TO 09",67,"New Generation",1980,"56 years 06 months",338888
"2023-01","ANG MO KIO","4 ROOM","415","ANG MO KIO AVE 10","10 TO 12",92,"New Generation",1979,"55 years 08 months",486500
"2023-01","BEDOK","3 ROOM","27","NEW UPP CHANGI RD","13 TO 15",65,"Improved",1982,"58 years 08 months",361000
"2023-01","BEDOK","3 ROOM","533","BEDOK NTH ST 3","07 TO 09",82,"New Generation",1980,"56 years 02 months",4e+05
"2023-01","BEDOK","4 ROOM","132","BEDOK NTH ST 2","01 TO 03",92,"New Generation",1978,"54 years 04 months",420000
"2023-01","BEDOK","4 ROOM","78","BEDOK NTH RD","10 TO 12",91,"New Generation",1978,"54 years 06 months",478000
"2023-01","BUKIT BATOK","3 ROOM","129","BT BATOK WEST AVE 6","01 TO 03",73,"Model A",1984,"60 years 09 months",369000
"2023-01","BUKIT BATOK","4 ROOM","449B","BT BATOK WEST AVE 9","10 TO 12",93,"Model A",2019,"95 years 03 months",610000
"2023-01","BUKIT BATOK","5 ROOM","293C","BT BATOK ST 21","37 TO 39",113,"Improved",2019,"95 years 01 month",885000
"2023-01","BUKIT MERAH","3 ROOM","105A","DEPOT RD","07 TO 09",67,"Model A",2017,"93 years 11 months",595000
"2023-01","BUKIT MERAH","3 ROOM","92A","TELOK BLANGAH ST 31","04 TO 06",68,"Model A",2018,"95 years",6e+05
"2023-01","BUKIT MERAH","3 ROOM","127A","KIM TIAN RD","40 TO 42",62,"Model A",2013,"89 years 01 month",680000
"2023-01","BUKIT MERAH","4 ROOM","25B","JLN MEMBINA","04 TO 06",90,"Model A",2009,"85 years",783000
"2023-01","BUKIT MERAH","4 ROOM","10B","BOON TIONG RD","13 TO 15",87,"Model A",2016,"92 years",1025000
"2023-01","BUKIT MERAH","5 ROOM","49","TELOK BLANGAH DR","19 TO 21",123,"Standard",1976,"52 years 11 months",840000
"2023-01","BUKIT MERAH","5 ROOM","121A","KIM TIAN PL","16 TO 18",115,"Improved",2001,"77 years 01 month",1008888
"2023-01","BUKIT PANJANG","4 ROOM","220","PETIR RD","04 TO 06",103,"Model A",1989,"65 years 02 months",480000
"2023-01","BUKIT PANJANG","5 ROOM","430","BT PANJANG RING RD","04 TO 06",122,"Improved",1989,"65 years 03 months",565000
"2023-01","BUKIT TIMAH","EXECUTIVE","3","TOH YI DR","04 TO 06",154,"Maisonette",1988,"64 years 08 months",1288000
"2023-01","CENTRAL AREA","4 ROOM","1F","CANTONMENT RD","34 TO 36",95,"Type S1",2011,"87 years",1230000
"2023-01","CHOA CHU KANG","3 ROOM","16","TECK WHYE LANE","10 TO 12",67,"New Generation",1979,"55 years 03 months",363000
"2023-01","CHOA CHU KANG","4 ROOM","708","CHOA CHU KANG ST 53","13 TO 15",108,"Model A",1995,"71 years 05 months",497000
"2023-01","CHOA CHU KANG","4 ROOM","154","JLN TECK WHYE","13 TO 15",101,"Model A",1997,"74 years 01 month",525000
"2023-01","CHOA CHU KANG","5 ROOM","506","CHOA CHU KANG ST 51","07 TO 09",123,"Improved",1994,"70 years 10 months",635000
"2023-01","GEYLANG","4 ROOM","92","PIPIT RD","13 TO 15",101,"Model A",1997,"73 years 04 months",688000
"2023-01","HOUGANG","3 ROOM","623","HOUGANG AVE 8","07 TO 09",69,"Improved",1985,"61 years 07 months",365000
"2023-01","HOUGANG","4 ROOM","602","HOUGANG AVE 4","13 TO 15",84,"Simplified",1985,"61 years 08 months",430000
"2023-01","HOUGANG","5 ROOM","476B","UPP SERANGOON VIEW","19 TO 21",115,"Premium Apartment",2016,"92 years 04 months",9e+05
"2023-01","JURONG EAST","3 ROOM","253","JURONG EAST ST 24","04 TO 06",77,"Model A",1985,"61 years 06 months",350000
"2023-01","JURONG EAST","5 ROOM","270","TOH GUAN RD","16 TO 18",121,"Improved",1999,"75 years 03 months",712000
"2023-01","JURONG WEST","3 ROOM","484","JURONG WEST AVE 1","07 TO 09",67,"New Generation",1985,"61 years 06 months",360000
"2023-01","JURONG WEST","3 ROOM","180B","BOON LAY DR","10 TO 12",68,"Model A",2014,"90 years 06 months",405000
"2023-01","JURONG WEST","3 ROOM","698A","JURONG WEST CTRL 3","13 TO 15",68,"Model A",2017,"93 years 10 months",485000
"2023-01","JURONG WEST","3 ROOM","698C","JURONG WEST CTRL 3","10 TO 12",68,"Model A",2017,"93 years 11 months",5e+05
"2023-01","JURONG WEST","4 ROOM","941","JURONG WEST ST 91","07 TO 09",105,"Model A",1989,"65 years 04 months",435000
"2023-01","JURONG WEST","4 ROOM","360","YUNG AN RD","07 TO 09",109,"Model A",1995,"71 years 11 months",475000
"2023-01","JURONG WEST","4 ROOM","166B","YUNG KUANG RD","04 TO 06",93,"Model A",2018,"94 years 10 months",525000
"2023-01","JURONG WEST","4 ROOM","510","JURONG WEST ST 52","07 TO 09",104,"Model A",1984,"60 years 02 months",545000
"2023-01","JURONG WEST","4 ROOM","166A","YUNG KUANG RD","13 TO 15",93,"Model A",2018,"94 years 10 months",580000
"2023-01","JURONG WEST","EXECUTIVE","369","YUNG AN RD","07 TO 09",154,"Apartment",1995,"71 years 07 months",8e+05
"2023-01","KALLANG/WHAMPOA","3 ROOM","38B","BENDEMEER RD","19 TO 21",69,"Model A",2012,"88 years 05 months",590000
"2023-01","KALLANG/WHAMPOA","3 ROOM","113C","MCNAIR RD","16 TO 18",68,"Premium Apartment",2017,"94 years 01 month",705000
"2023-01","MARINE PARADE","3 ROOM","31","MARINE CRES","13 TO 15",65,"Improved",1975,"51 years 05 months",412000
"2023-01","PASIR RIS","5 ROOM","102","PASIR RIS ST 12","07 TO 09",122,"Improved",1988,"64 years 11 months",638000
"2023-01","PUNGGOL","4 ROOM","174C","EDGEDALE PLAINS","13 TO 15",90,"Model A",2004,"80 years 01 month",475000
"2023-01","PUNGGOL","4 ROOM","289B","PUNGGOL PL","13 TO 15",96,"Premium Apartment",2013,"89 years 03 months",639000
"2023-01","PUNGGOL","4 ROOM","274B","PUNGGOL PL","07 TO 09",94,"Premium Apartment",2013,"89 years 07 months",660000
"2023-01","PUNGGOL","5 ROOM","107B","EDGEFIELD PLAINS","13 TO 15",110,"Improved",2003,"79 years 03 months",583000
"2023-01","PUNGGOL","5 ROOM","103C","EDGEFIELD PLAINS","16 TO 18",110,"Improved",2003,"79 years 05 months",6e+05
"2023-01","PUNGGOL","5 ROOM","658A","PUNGGOL EAST","13 TO 15",113,"Improved",2018,"94 years 11 months",740000
"2023-01","PUNGGOL","5 ROOM","682C","EDGEDALE PLAINS","04 TO 06",113,"Premium Apartment",2018,"94 years 08 months",748888
"2023-01","PUNGGOL","5 ROOM","270B","PUNGGOL FIELD","04 TO 06",116,"Premium Apartment",2013,"89 years 01 month",782888
"2023-01","PUNGGOL","5 ROOM","267B","PUNGGOL FIELD","10 TO 12",115,"Premium Apartment",2013,"89 years 01 month",785000
"2023-01","PUNGGOL","5 ROOM","684B","EDGEDALE PLAINS","13 TO 15",113,"Premium Apartment",2018,"94 years 08 months",820000
"2023-01","QUEENSTOWN","3 ROOM","167","STIRLING RD","10 TO 12",60,"Improved",1971,"47 years 01 month",375000
"2023-01","QUEENSTOWN","4 ROOM","28B","DOVER CRES","01 TO 03",95,"Model A",2012,"88 years 03 months",680000
"2023-01","QUEENSTOWN","4 ROOM","87","DAWSON RD","43 TO 45",87,"Premium Apartment",2016,"92 years 08 months",993000
"2023-01","SEMBAWANG","2 ROOM","115B","CANBERRA WALK","04 TO 06",47,"Model A",2018,"94 years 06 months",320000
"2023-01","SEMBAWANG","3 ROOM","130B","CANBERRA CRES","07 TO 09",68,"Model A",2018,"94 years 10 months",470000
"2023-01","SEMBAWANG","4 ROOM","107C","CANBERRA ST","13 TO 15",93,"Model A",2018,"94 years 07 months",612000
"2023-01","SEMBAWANG","4 ROOM","130A","CANBERRA CRES","07 TO 09",93,"Model A",2018,"94 years 10 months",613000
"2023-01","SEMBAWANG","5 ROOM","331","SEMBAWANG CL","10 TO 12",121,"Improved",1999,"75 years 06 months",615888
"2023-01","SENGKANG","5 ROOM","236","COMPASSVALE WALK","01 TO 03",123,"Improved",1999,"75 years 08 months",555000
"2023-01","TAMPINES","3 ROOM","271","TAMPINES ST 21","04 TO 06",79,"Model A",1984,"60 years 10 months",410000
"2023-01","TAMPINES","4 ROOM","709","TAMPINES ST 71","01 TO 03",99,"Model A",1997,"73 years 06 months",518000
"2023-01","TAMPINES","4 ROOM","160","SIMEI RD","07 TO 09",104,"Model A",1989,"65 years 05 months",520000
"2023-01","TAMPINES","4 ROOM","247","TAMPINES ST 21","07 TO 09",92,"New Generation",1984,"60 years 04 months",575000
"2023-01","TAMPINES","5 ROOM","494H","TAMPINES ST 45","07 TO 09",113,"Improved",2018,"94 years 11 months",748888
"2023-01","TAMPINES","EXECUTIVE","151","TAMPINES ST 12","07 TO 09",150,"Maisonette",1984,"60 years 07 months",965000
"2023-01","TOA PAYOH","3 ROOM","145","POTONG PASIR AVE 2","10 TO 12",74,"Model A",1984,"60 years 06 months",470000
"2023-01","WOODLANDS","2 ROOM","694D","WOODLANDS DR 62","01 TO 03",37,"Model A",2018,"94 years 09 months",310000
"2023-01","WOODLANDS","3 ROOM","12","MARSILING LANE","07 TO 09",65,"Improved",1976,"52 years 03 months",310000
"2023-01","WOODLANDS","3 ROOM","574B","WOODLANDS DR 16","01 TO 03",68,"Model A",2018,"94 years 06 months",410000
"2023-01","WOODLANDS","3 ROOM","694A","WOODLANDS DR 62","04 TO 06",68,"Model A",2018,"94 years 09 months",425000
"2023-01","WOODLANDS","4 ROOM","649","WOODLANDS RING RD","07 TO 09",100,"Model A",1998,"74 years 06 months",530000
"2023-01","WOODLANDS","5 ROOM","691A","WOODLANDS DR 73","07 TO 09",113,"Improved",2018,"94 years 06 months",670000
"2023-01","YISHUN","3 ROOM","108","YISHUN RING RD","07 TO 09",67,"New Generation",1985,"61 years 01 month",355000
"2023-01","YISHUN","3 ROOM","501A","YISHUN ST 51","04 TO 06",67,"Model A",2018,"94 years 02 months",413000
"2023-01","YISHUN","4 ROOM","272","YISHUN ST 22","07 TO 09",84,"Simplified",1987,"63 years 06 months",413000
"2023-01","YISHUN","4 ROOM","112","YISHUN RING RD","07 TO 09",84,"Simplified",1985,"61 years 11 months",418000
"2023-01","YISHUN","4 ROOM","879","YISHUN ST 81","07 TO 09",84,"Simplified",1987,"63 years 10 months",423000
"2023-01","YISHUN","4 ROOM","269","YISHUN ST 22","10 TO 12",104,"Model A",1988,"64 years 04 months",5e+05
"2023-01","YISHUN","5 ROOM","673B","YISHUN AVE 4","10 TO 12",112,"Improved",2018,"94 years 11 months",728000
"2023-02","ANG MO KIO","2 ROOM","510","ANG MO KIO AVE 8","07 TO 09",44,"Improved",1980,"56 years 04 months",331888
"2023-02","ANG MO KIO","3 ROOM","541","ANG MO KIO AVE 10","07 TO 09",68,"New Generation",1981,"57 years 01 month",350000
"2023-02","BEDOK","3 ROOM","30","NEW UPP CHANGI RD","10 TO 12",65,"Improved",1977,"53 years 04 months",351888
"2023-02","BEDOK","4 ROOM","623","BEDOK RESERVOIR RD","10 TO 12",91,"New Generation",1981,"57 years 01 month",5e+05
"2023-02","BEDOK","4 ROOM","219B","BEDOK CTRL","04 TO 06",97,"Model A",2010,"86 years 04 months",755000
"2023-02","BUKIT BATOK","5 ROOM","440D","BT BATOK WEST AVE 8","13 TO 15",112,"Improved",2019,"95 years 02 months",740000
"2023-02","BUKIT BATOK","EXECUTIVE","122","BT BATOK CTRL","07 TO 09",155,"Maisonette",1985,"61 years 05 months",908000
"2023-02","BUKIT MERAH","5 ROOM","14","TELOK BLANGAH CRES","04 TO 06",121,"Improved",1999,"75 years 09 months",808000
"2023-02","BUKIT PANJANG","5 ROOM","440","FAJAR RD","01 TO 03",120,"Improved",1997,"73 years 10 months",538000
"2023-02","CHOA CHU KANG","4 ROOM","810A","CHOA CHU KANG AVE 7","04 TO 06",93,"Model A",2017,"93 years 09 months",5e+05
"2023-02","CHOA CHU KANG","EXECUTIVE","758","CHOA CHU KANG NTH 5","04 TO 06",147,"Apartment",1995,"71 years 07 months",725000
"2023-02","CLEMENTI","3 ROOM","432","CLEMENTI AVE 3","01 TO 03",82,"New Generation",1978,"54 years 10 months",4e+05
"2023-02","CLEMENTI","5 ROOM","337","CLEMENTI AVE 2","01 TO 03",119,"Improved",1978,"54 years 10 months",650000
"2023-02","GEYLANG","4 ROOM","324","UBI AVE 1","01 TO 03",105,"Model A",1985,"61 years 05 months",498000
"2023-02","GEYLANG","4 ROOM","125","GEYLANG EAST AVE 1","10 TO 12",108,"Model A",1984,"60 years 01 month",686000
"2023-02","JURONG EAST","3 ROOM","339","JURONG EAST AVE 1","13 TO 15",74,"Model A",1983,"59 years 05 months",4e+05
"2023-02","JURONG EAST","4 ROOM","52","TEBAN GDNS RD","01 TO 03",83,"Simplified",1987,"63 years 01 month",4e+05
"2023-02","JURONG EAST","5 ROOM","271","TOH GUAN RD","10 TO 12",121,"Improved",1999,"75 years 01 month",675000
"2023-02","JURONG WEST","4 ROOM","855","JURONG WEST ST 81","07 TO 09",104,"Model A",1996,"72 years 07 months",455000
"2023-02","JURONG WEST","4 ROOM","448","JURONG WEST ST 42","01 TO 03",118,"Model A",1984,"60 years 07 months",460000
"2023-02","KALLANG/WHAMPOA","3 ROOM","10C","BENDEMEER RD","16 TO 18",68,"Model A",2017,"93 years 10 months",7e+05
"2023-02","KALLANG/WHAMPOA","4 ROOM","9","GLOUCESTER RD","01 TO 03",91,"New Generation",1976,"52 years 10 months",6e+05
"2023-02","KALLANG/WHAMPOA","4 ROOM","8C","UPP BOON KENG RD","13 TO 15",95,"Premium Apartment",2017,"93 years 06 months",948888
"2023-02","PUNGGOL","4 ROOM","104A","EDGEFIELD PLAINS","01 TO 03",90,"Model A",2003,"79 years 04 months",465000
"2023-02","PUNGGOL","4 ROOM","202B","PUNGGOL FIELD","07 TO 09",85,"Model A",2004,"80 years 07 months",490000
"2023-02","PUNGGOL","4 ROOM","673A","EDGEFIELD PLAINS","04 TO 06",90,"Model A",2015,"91 years 10 months",520000
"2023-02","PUNGGOL","4 ROOM","683C","EDGEDALE PLAINS","01 TO 03",93,"Premium Apartment",2018,"94 years 06 months",550000
"2023-02","PUNGGOL","4 ROOM","614B","EDGEFIELD PLAINS","13 TO 15",92,"Model A",2012,"88 years 10 months",596888
"2023-02","QUEENSTOWN","3 ROOM","23A","QUEEN'S CL","07 TO 09",76,"Improved",1973,"49 years 05 months",380000
"2023-02","SEMBAWANG","3 ROOM","115C","CANBERRA WALK","04 TO 06",68,"Model A",2018,"94 years 06 months",440000
"2023-02","SEMBAWANG","4 ROOM","121A","CANBERRA ST","04 TO 06",93,"Model A",2018,"93 years 11 months",565000
"2023-02","SEMBAWANG","5 ROOM","339A","SEMBAWANG CL","10 TO 12",111,"Premium Apartment",2001,"77 years 06 months",590000
"2023-02","SENGKANG","4 ROOM","432B","SENGKANG WEST WAY","01 TO 03",93,"Model A",2014,"90 years 08 months",488000
"2023-02","SENGKANG","4 ROOM","278B","COMPASSVALE BOW","10 TO 12",92,"Model A",2017,"93 years 10 months",7e+05
"2023-02","SENGKANG","5 ROOM","191A","RIVERVALE DR","04 TO 06",115,"Improved",2000,"76 years 07 months",478000
"2023-02","SENGKANG","5 ROOM","338A","ANCHORVALE CRES","01 TO 03",113,"Improved",2018,"94 years 03 months",692000
"2023-02","TAMPINES","4 ROOM","151","SIMEI ST 1","04 TO 06",84,"Simplified",1988,"64 years",488888
"2023-02","TAMPINES","4 ROOM","935","TAMPINES ST 91","04 TO 06",103,"Model A",1984,"60 years 07 months",508000
"2023-02","TOA PAYOH","3 ROOM","225","LOR 8 TOA PAYOH","07 TO 09",76,"Improved",1976,"52 years 05 months",360000
"2023-02","TOA PAYOH","3 ROOM","203","TOA PAYOH NTH","10 TO 12",65,"Improved",1982,"57 years 11 months",373000
"2023-02","WOODLANDS","4 ROOM","842","WOODLANDS ST 82","10 TO 12",84,"Simplified",1994,"70 years 05 months",455000
"2023-02","WOODLANDS","4 ROOM","669","WOODLANDS RING RD","01 TO 03",85,"Model A2",2000,"76 years 09 months",460000
"2023-02","WOODLANDS","5 ROOM","778","WOODLANDS DR 60","04 TO 06",122,"Improved",1997,"73 years 11 months",565000
"2023-02","YISHUN","3 ROOM","171","YISHUN AVE 7","07 TO 09",64,"Simplified",1988,"64 years 06 months",340000
"2023-02","YISHUN","4 ROOM","752","YISHUN ST 72","04 TO 06",92,"New Generation",1984,"60 years 03 months",480000
"2023-02","YISHUN","4 ROOM","317B","YISHUN AVE 9","01 TO 03",92,"Model A",2015,"91 years 09 months",508000
"2023-02","YISHUN","4 ROOM","676A","YISHUN RING RD","07 TO 09",93,"Model A",2018,"94 years 08 months",586000
"2023-03","ANG MO KIO","3 ROOM","534","ANG MO KIO AVE 10","04 TO 06",68,"New Generation",1980,"56 years",360000
"2023-03","ANG MO KIO","EXECUTIVE","215","ANG MO KIO AVE 1","04 TO 06",176,"Adjoined flat",1976,"52 years 02 months",895000
"2023-03","BEDOK","3 ROOM","522","BEDOK NTH AVE 1","10 TO 12",67,"New Generation",1979,"55 years 06 months",370000
"2023-03","BEDOK","3 ROOM","116","BEDOK NTH RD","10 TO 12",73,"New Generation",1978,"54 years 03 months",422000
"2023-03","BEDOK","4 ROOM","35","CHAI CHEE AVE","07 TO 09",82,"Improved",1975,"50 years 11 months",425000
"2023-03","BEDOK","4 ROOM","187B","BEDOK NTH ST 4","13 TO 15",93,"Model A",2018,"94 years 09 months",730000
"2023-03","BISHAN","4 ROOM","25","SIN MING RD","10 TO 12",88,"Improved",1974,"50 years 04 months",430000
"2023-03","BISHAN","5 ROOM","273A","BISHAN ST 24","31 TO 33",120,"DBSS",2011,"87 years 06 months",1315000
"2023-03","BUKIT BATOK","3 ROOM","238","BT BATOK EAST AVE 5","07 TO 09",67,"New Generation",1986,"62 years 09 months",370000
"2023-03","BUKIT BATOK","4 ROOM","451B","BT BATOK WEST AVE 6","04 TO 06",93,"Model A",2019,"95 years 01 month",530000
"2023-03","BUKIT BATOK","5 ROOM","443C","BT BATOK WEST AVE 8","07 TO 09",112,"Improved",2019,"95 years 01 month",690000
"2023-03","BUKIT MERAH","3 ROOM","7","EVERTON PK","01 TO 03",86,"New Generation",1980,"56 years 08 months",565000
"2023-03","BUKIT MERAH","4 ROOM","57","TELOK BLANGAH HTS","04 TO 06",91,"New Generation",1976,"52 years 06 months",538000
"2023-03","BUKIT MERAH","4 ROOM","119C","KIM TIAN RD","01 TO 03",92,"Model A",2003,"79 years 04 months",650000
"2023-03","BUKIT PANJANG","4 ROOM","476","SEGAR RD","07 TO 09",91,"Premium Apartment",2002,"78 years 08 months",460000
"2023-03","BUKIT PANJANG","5 ROOM","270","BANGKIT RD","01 TO 03",121,"Improved",1988,"64 years 07 months",5e+05
"2023-03","CHOA CHU KANG","4 ROOM","206","CHOA CHU KANG CTRL","01 TO 03",104,"Model A",1989,"65 years",480000
"2023-03","CHOA CHU KANG","EXECUTIVE","204","CHOA CHU KANG AVE 1","07 TO 09",142,"Apartment",1989,"65 years 05 months",715000
"2023-03","CLEMENTI","3 ROOM","329","CLEMENTI AVE 2","01 TO 03",67,"New Generation",1978,"54 years 04 months",380000
"2023-03","HOUGANG","3 ROOM","241","HOUGANG ST 22","10 TO 12",74,"Model A",1985,"61 years 03 months",408000
"2023-03","HOUGANG","EXECUTIVE","132","LOR AH SOO","04 TO 06",151,"Maisonette",1984,"60 years 07 months",840000
"2023-03","JURONG EAST","3 ROOM","257","JURONG EAST ST 24","04 TO 06",67,"New Generation",1983,"58 years 10 months",348000
"2023-03","JURONG EAST","5 ROOM","21","TEBAN GDNS RD","22 TO 24",118,"Improved",2013,"89 years 06 months",735888
"2023-03","JURONG WEST","3 ROOM","462","JURONG WEST ST 41","04 TO 06",73,"Model A",1984,"60 years 03 months",375000
"2023-03","JURONG WEST","4 ROOM","546","JURONG WEST ST 42","04 TO 06",104,"Model A",1985,"61 years",468000
"2023-03","JURONG WEST","4 ROOM","180C","BOON LAY DR","01 TO 03",93,"Model A",2014,"90 years 03 months",510000
"2023-03","JURONG WEST","5 ROOM","408","JURONG WEST ST 42","01 TO 03",137,"Model A-Maisonette",1984,"60 years 01 month",618000
"2023-03","KALLANG/WHAMPOA","4 ROOM","105","TOWNER RD","04 TO 06",106,"Model A",1984,"60 years 10 months",705000
"2023-03","MARINE PARADE","5 ROOM","71","MARINE DR","10 TO 12",126,"Standard",1977,"52 years 10 months",808000
"2023-03","PUNGGOL","4 ROOM","612A","PUNGGOL DR","13 TO 15",93,"Model A",2012,"88 years 09 months",582000
"2023-03","PUNGGOL","4 ROOM","678B","PUNGGOL DR","07 TO 09",93,"Premium Apartment",2016,"92 years 07 months",640000
"2023-03","QUEENSTOWN","3 ROOM","11","HOLLAND DR","13 TO 15",65,"Improved",1975,"50 years 10 months",4e+05
"2023-03","QUEENSTOWN","4 ROOM","23","GHIM MOH LINK","07 TO 09",93,"Model A",2013,"89 years 02 months",862000
"2023-03","SEMBAWANG","4 ROOM","108C","CANBERRA WALK","07 TO 09",93,"Model A",2018,"94 years 02 months",603500
"2023-03","SEMBAWANG","5 ROOM","411","SEMBAWANG DR","07 TO 09",110,"Improved",2001,"77 years 01 month",530000
"2023-03","SENGKANG","4 ROOM","472A","FERNVALE ST","19 TO 21",93,"Model A",2016,"92 years 07 months",590000
"2023-03","SENGKANG","4 ROOM","332C","ANCHORVALE LINK","13 TO 15",92,"Model A",2015,"91 years 03 months",6e+05
"2023-03","SENGKANG","5 ROOM","238","COMPASSVALE WALK","10 TO 12",122,"Improved",1999,"75 years 08 months",608000
"2023-03","SERANGOON","4 ROOM","147","SERANGOON NTH AVE 1","07 TO 09",83,"Simplified",1988,"64 years 05 months",480000
"2023-03","TAMPINES","4 ROOM","494J","TAMPINES ST 45","10 TO 12",92,"Model A",2018,"94 years 08 months",670000
"2023-03","TAMPINES","5 ROOM","887","TAMPINES ST 81","04 TO 06",122,"Improved",1988,"64 years 06 months",650000
"2023-03","TOA PAYOH","3 ROOM","1","LOR 7 TOA PAYOH","07 TO 09",67,"Improved",1969,"45 years 05 months",325000
"2023-03","TOA PAYOH","3 ROOM","25","TOA PAYOH EAST","04 TO 06",67,"Improved",1971,"46 years 10 months",328000
"2023-03","WOODLANDS","3 ROOM","6","MARSILING DR","04 TO 06",65,"Improved",1976,"51 years 10 months",3e+05
"2023-03","WOODLANDS","4 ROOM","762","WOODLANDS AVE 6","10 TO 12",103,"Model A",1998,"73 years 11 months",488000
"2023-03","WOODLANDS","4 ROOM","645","WOODLANDS RING RD","04 TO 06",101,"Model A",1998,"74 years 04 months",490000
"2023-03","WOODLANDS","EXECUTIVE","522","WOODLANDS DR 14","01 TO 03",142,"Premium Apartment",2000,"76 years 04 months",688000
"2023-03","WOODLANDS","EXECUTIVE","358","WOODLANDS AVE 5","10 TO 12",150,"Maisonette",1996,"72 years 06 months",810000
"2023-03","YISHUN","2 ROOM","459","YISHUN AVE 11","01 TO 03",48,"Model A",2013,"89 years 05 months",285000
"2023-03","YISHUN","3 ROOM","742","YISHUN AVE 5","04 TO 06",67,"New Generation",1985,"61 years 10 months",384000
"2023-03","YISHUN","3 ROOM","150","YISHUN ST 11","10 TO 12",67,"New Generation",1985,"61 years",4e+05
"2023-03","YISHUN","4 ROOM","404","YISHUN AVE 6","10 TO 12",104,"Model A",1988,"64 years 07 months",480000
"2023-03","YISHUN","5 ROOM","673C","YISHUN AVE 4","13 TO 15",112,"Improved",2018,"94 years 08 months",725000
"2023-04","ANG MO KIO","3 ROOM","604","ANG MO KIO AVE 5","04 TO 06",67,"New Generation",1980,"56 years 02 months",375000
"2023-04","ANG MO KIO","3 ROOM","405","ANG MO KIO AVE 10","01 TO 03",82,"New Generation",1979,"55 years 02 months",478888
"2023-04","ANG MO KIO","4 ROOM","649","ANG MO KIO AVE 5","04 TO 06",99,"New Generation",1980,"56 years 07 months",480000
"2023-04","BEDOK","3 ROOM","704","BEDOK RESERVOIR RD","10 TO 12",68,"New Generation",1981,"57 years 03 months",377000
"2023-04","BEDOK","4 ROOM","169","BEDOK STH AVE 3","04 TO 06",83,"Simplified",1985,"60 years 11 months",465000
"2023-04","BEDOK","EXECUTIVE","29A","CHAI CHEE AVE","10 TO 12",146,"Maisonette",1996,"72 years 06 months",1034000
"2023-04","BISHAN","4 ROOM","170","BISHAN ST 13","04 TO 06",83,"Simplified",1987,"63 years 06 months",610000
"2023-04","BISHAN","5 ROOM","181","BISHAN ST 13","07 TO 09",121,"Improved",1987,"62 years 10 months",940000
"2023-04","BISHAN","5 ROOM","165","BISHAN ST 13","16 TO 18",131,"Improved",1988,"64 years 05 months",960000
"2023-04","BUKIT BATOK","2 ROOM","450A","BT BATOK WEST AVE 6","13 TO 15",47,"2-room",2019,"94 years 11 months",350000
"2023-04","BUKIT BATOK","4 ROOM","217","BT BATOK ST 21","10 TO 12",93,"New Generation",1984,"60 years 08 months",528500
"2023-04","BUKIT BATOK","4 ROOM","290D","BT BATOK EAST AVE 3","07 TO 09",102,"Model A",1998,"73 years 10 months",540000
"2023-04","BUKIT BATOK","4 ROOM","449B","BT BATOK WEST AVE 9","04 TO 06",93,"Model A",2019,"94 years 11 months",605000
"2023-04","BUKIT BATOK","5 ROOM","445A","BT BATOK WEST AVE 8","04 TO 06",112,"Improved",2019,"94 years 10 months",690000
"2023-04","BUKIT PANJANG","4 ROOM","510","JELAPANG RD","01 TO 03",90,"Model A2",1998,"74 years 03 months",450000
"2023-04","BUKIT PANJANG","4 ROOM","441","FAJAR RD","10 TO 12",104,"Model A",1989,"65 years 08 months",485000
"2023-04","BUKIT PANJANG","4 ROOM","629","SENJA RD","13 TO 15",93,"Premium Apartment",2004,"80 years 07 months",518000
"2023-04","CENTRAL AREA","4 ROOM","1A","CANTONMENT RD","46 TO 48",93,"Type S1",2011,"86 years 09 months",1250000
"2023-04","CHOA CHU KANG","3 ROOM","476D","CHOA CHU KANG AVE 5","04 TO 06",67,"Model A",2013,"89 years 03 months",4e+05
"2023-04","CHOA CHU KANG","4 ROOM","213","CHOA CHU KANG CTRL","07 TO 09",104,"Model A",1989,"65 years",485000
"2023-04","CHOA CHU KANG","5 ROOM","446","CHOA CHU KANG AVE 4","04 TO 06",119,"Improved",1997,"73 years",573000
"2023-04","CLEMENTI","4 ROOM","301","CLEMENTI AVE 4","04 TO 06",92,"New Generation",1979,"55 years 02 months",525000
"2023-04","GEYLANG","4 ROOM","35","EUNOS CRES","07 TO 09",85,"Model A",2006,"82 years 08 months",755000
"2023-04","GEYLANG","4 ROOM","9","PINE CL","07 TO 09",102,"Model A",1997,"73 years 07 months",795000
"2023-04","HOUGANG","5 ROOM","160","HOUGANG ST 11","10 TO 12",122,"Improved",1997,"73 years 08 months",728000
"2023-04","JURONG EAST","3 ROOM","410","PANDAN GDNS","07 TO 09",73,"Improved",1979,"55 years 01 month",320000
"2023-04","JURONG EAST","3 ROOM","371","JURONG EAST ST 32","04 TO 06",64,"Model A",2014,"89 years 11 months",4e+05
"2023-04","JURONG WEST","3 ROOM","473","JURONG WEST ST 41","01 TO 03",67,"New Generation",1984,"60 years 09 months",355000
"2023-04","JURONG WEST","4 ROOM","711","JURONG WEST ST 71","01 TO 03",104,"Model A",1991,"66 years 11 months",420000
"2023-04","JURONG WEST","4 ROOM","450","JURONG WEST ST 42","07 TO 09",103,"Model A",1985,"61 years 01 month",480000
"2023-04","JURONG WEST","4 ROOM","339C","KANG CHING RD","07 TO 09",89,"Model A",2012,"87 years 11 months",585000
"2023-04","JURONG WEST","5 ROOM","339B","KANG CHING RD","13 TO 15",112,"Improved",2012,"88 years",715000
"2023-04","JURONG WEST","EXECUTIVE","274A","JURONG WEST AVE 3","01 TO 03",126,"Apartment",2001,"77 years 09 months",570000
"2023-04","PASIR RIS","4 ROOM","759","PASIR RIS ST 71","07 TO 09",105,"Model A",1996,"72 years 07 months",530000
"2023-04","PASIR RIS","4 ROOM","524B","PASIR RIS ST 51","13 TO 15",93,"Model A",2015,"91 years 03 months",673000
"2023-04","PUNGGOL","4 ROOM","233C","SUMANG LANE","10 TO 12",93,"Model A",2018,"94 years 08 months",585000
"2023-04","PUNGGOL","4 ROOM","613A","PUNGGOL DR","07 TO 09",93,"Model A",2012,"88 years 09 months",590000
"2023-04","PUNGGOL","4 ROOM","306A","PUNGGOL PL","04 TO 06",93,"Premium Apartment",2012,"88 years 03 months",630000
"2023-04","PUNGGOL","5 ROOM","128A","PUNGGOL FIELD WALK","04 TO 06",110,"Improved",2003,"79 years 04 months",533000
"2023-04","PUNGGOL","5 ROOM","659A","PUNGGOL EAST","04 TO 06",113,"Improved",2018,"94 years 08 months",740000
"2023-04","PUNGGOL","5 ROOM","322B","SUMANG WALK","16 TO 18",113,"Premium Apartment",2019,"94 years 11 months",790000
"2023-04","QUEENSTOWN","4 ROOM","28D","DOVER CRES","13 TO 15",95,"Model A",2012,"87 years 11 months",740000
"2023-04","SEMBAWANG","2 ROOM","130A","CANBERRA CRES","10 TO 12",47,"Model A",2018,"94 years 07 months",358000
"2023-04","SEMBAWANG","4 ROOM","482","ADMIRALTY LINK","13 TO 15",87,"Model A2",2004,"80 years",445000
"2023-04","SEMBAWANG","4 ROOM","108C","CANBERRA WALK","10 TO 12",93,"Model A",2018,"94 years 01 month",6e+05
"2023-04","SENGKANG","4 ROOM","207D","COMPASSVALE LANE","10 TO 12",85,"Model A",2005,"81 years 02 months",483000
"2023-04","SERANGOON","3 ROOM","5","LOR LEW LIAN","10 TO 12",64,"Improved",1978,"54 years 01 month",4e+05
"2023-04","SERANGOON","4 ROOM","139","SERANGOON NTH AVE 2","07 TO 09",103,"Model A",1989,"65 years 01 month",525000
"2023-04","TAMPINES","4 ROOM","812","TAMPINES AVE 4","07 TO 09",91,"New Generation",1984,"60 years 05 months",540000
"2023-04","TAMPINES","5 ROOM","716","TAMPINES ST 71","01 TO 03",120,"Improved",1997,"73 years",620000
"2023-04","TAMPINES","5 ROOM","450A","TAMPINES ST 42","07 TO 09",135,"Model A",1996,"72 years 07 months",775000
"2023-04","TAMPINES","5 ROOM","842G","TAMPINES ST 82","13 TO 15",131,"Model A",1995,"71 years 04 months",820000
"2023-04","TAMPINES","EXECUTIVE","427","TAMPINES ST 41","01 TO 03",143,"Apartment",1986,"62 years 01 month",775000
"2023-04","TOA PAYOH","4 ROOM","119","POTONG PASIR AVE 1","07 TO 09",96,"New Generation",1984,"60 years 06 months",505000
"2023-04","WOODLANDS","4 ROOM","782B","WOODLANDS CRES","13 TO 15",92,"Model A",2015,"91 years 02 months",520000
"2023-04","WOODLANDS","4 ROOM","783B","WOODLANDS RISE","10 TO 12",93,"Model A",2018,"94 years 03 months",535000
"2023-04","WOODLANDS","4 ROOM","530","WOODLANDS DR 14","10 TO 12",104,"Premium Apartment",1999,"75 years 04 months",550888
"2023-04","WOODLANDS","EXECUTIVE","119","MARSILING RISE","01 TO 03",166,"Apartment",1995,"71 years",850000
"2023-04","YISHUN","3 ROOM","506C","YISHUN AVE 4","01 TO 03",68,"Model A",2018,"94 years",410000
"2023-04","YISHUN","4 ROOM","760","YISHUN ST 72","10 TO 12",84,"Simplified",1987,"62 years 11 months",465000
"2023-04","YISHUN","4 ROOM","850","YISHUN ST 81","07 TO 09",104,"Model A",1988,"64 years 04 months",515000
"2023-04","YISHUN","4 ROOM","446","YISHUN AVE 11","07 TO 09",92,"Model A",2012,"88 years 04 months",525000
"2023-04","YISHUN","4 ROOM","449","YISHUN RING RD","04 TO 06",96,"Model A",2012,"88 years 04 months",570000
"2023-05","ANG MO KIO","4 ROOM","260A","ANG MO KIO ST 21","19 TO 21",93,"Model A",2018,"94 years 02 months",880000
"2023-05","ANG MO KIO","5 ROOM","306","ANG MO KIO AVE 1","01 TO 03",123,"Standard",1977,"53 years 03 months",690000
"2023-05","BEDOK","4 ROOM","655","JLN TENAGA","04 TO 06",108,"Model A",1996,"72 years 06 months",638000
"2023-05","BEDOK","4 ROOM","185","BEDOK NTH RD","16 TO 18",92,"Model A",2005,"81 years 07 months",718888
"2023-05","BEDOK","4 ROOM","186B","BEDOK NTH ST 4","10 TO 12",93,"Model A",2018,"94 years 07 months",813888
"2023-05","BEDOK","5 ROOM","714","BEDOK RESERVOIR RD","07 TO 09",121,"Improved",1980,"56 years 07 months",652888
"2023-05","BEDOK","5 ROOM","747B","BEDOK RESERVOIR CRES","10 TO 12",105,"DBSS",2014,"90 years 04 months",1e+06
"2023-05","BISHAN","3 ROOM","406","SIN MING AVE","01 TO 03",64,"Simplified",1987,"62 years 11 months",440000
"2023-05","BUKIT BATOK","3 ROOM","138","BT BATOK WEST AVE 6","07 TO 09",68,"New Generation",1984,"60 years 04 months",340000
"2023-05","BUKIT BATOK","3 ROOM","163","BT BATOK ST 11","10 TO 12",73,"Model A",1985,"60 years 09 months",358000
"2023-05","BUKIT BATOK","3 ROOM","536","BT BATOK ST 52","01 TO 03",73,"Model A",1986,"62 years 04 months",368000
"2023-05","BUKIT BATOK","4 ROOM","235","BT BATOK EAST AVE 5","01 TO 03",96,"New Generation",1985,"61 years 02 months",445000
"2023-05","BUKIT BATOK","5 ROOM","293C","BT BATOK ST 21","01 TO 03",113,"Improved",2019,"94 years 09 months",810000
"2023-05","BUKIT MERAH","3 ROOM","105","HENDERSON CRES","04 TO 06",65,"Improved",1975,"50 years 09 months",380000
"2023-05","BUKIT MERAH","5 ROOM","104A","DEPOT RD","10 TO 12",115,"Improved",2000,"76 years 03 months",805000
"2023-05","BUKIT PANJANG","3 ROOM","458","SEGAR RD","07 TO 09",68,"Premium Apartment",2012,"88 years 07 months",415000
"2023-05","BUKIT PANJANG","4 ROOM","252","BANGKIT RD","04 TO 06",103,"Model A",1989,"65 years 01 month",445000
"2023-05","BUKIT PANJANG","4 ROOM","204","PETIR RD","04 TO 06",104,"Model A",1988,"64 years 06 months",508000
"2023-05","CHOA CHU KANG","4 ROOM","141","TECK WHYE LANE","04 TO 06",103,"Model A",1989,"65 years 02 months",469000
"2023-05","CHOA CHU KANG","4 ROOM","463","CHOA CHU KANG AVE 4","13 TO 15",104,"Premium Apartment",2000,"75 years 11 months",482000
"2023-05","CHOA CHU KANG","4 ROOM","812B","CHOA CHU KANG AVE 7","04 TO 06",93,"Model A",2017,"93 years 07 months",510000
"2023-05","CHOA CHU KANG","5 ROOM","612","CHOA CHU KANG ST 62","07 TO 09",134,"Model A",1996,"72 years 01 month",625000
"2023-05","GEYLANG","3 ROOM","1","HAIG RD","01 TO 03",59,"Improved",1982,"58 years 07 months",345000
"2023-05","GEYLANG","3 ROOM","3","JOO CHIAT RD","16 TO 18",74,"Model A",1985,"61 years 08 months",535000
"2023-05","GEYLANG","4 ROOM","346","UBI AVE 1","07 TO 09",84,"Simplified",1986,"61 years 09 months",480000
"2023-05","HOUGANG","3 ROOM","124","HOUGANG AVE 1","04 TO 06",67,"New Generation",1981,"57 years 06 months",370000
"2023-05","HOUGANG","5 ROOM","925","HOUGANG ST 91","07 TO 09",120,"Improved",1998,"74 years 04 months",645888
"2023-05","JURONG EAST","3 ROOM","416","PANDAN GDNS","04 TO 06",74,"Improved",1982,"58 years",320000
"2023-05","JURONG EAST","4 ROOM","316","JURONG EAST ST 32","10 TO 12",105,"Model A",1984,"60 years 03 months",528000
"2023-05","JURONG WEST","3 ROOM","925","JURONG WEST ST 92","07 TO 09",73,"Model A",1988,"64 years 05 months",385000
"2023-05","JURONG WEST","EXECUTIVE","163","YUNG PING RD","10 TO 12",143,"Maisonette",1997,"72 years 09 months",818000
"2023-05","KALLANG/WHAMPOA","4 ROOM","43","CAMBRIDGE RD","04 TO 06",91,"New Generation",1982,"58 years 02 months",570000
"2023-05","KALLANG/WHAMPOA","4 ROOM","8A","UPP BOON KENG RD","22 TO 24",98,"Premium Apartment",2017,"93 years 03 months",1090000
"2023-05","PUNGGOL","3 ROOM","120B","EDGEDALE PLAINS","13 TO 15",68,"Model A",2017,"93 years 01 month",435000
"2023-05","PUNGGOL","4 ROOM","259C","PUNGGOL FIELD","04 TO 06",93,"Model A",2016,"92 years 02 months",558888
"2023-05","PUNGGOL","4 ROOM","683C","EDGEDALE PLAINS","10 TO 12",93,"Premium Apartment",2018,"94 years 04 months",603000
"2023-05","PUNGGOL","4 ROOM","322D","SUMANG WALK","13 TO 15",93,"Premium Apartment",2019,"94 years 11 months",645000
"2023-05","PUNGGOL","4 ROOM","684A","EDGEDALE PLAINS","13 TO 15",93,"Premium Apartment",2018,"94 years 03 months",680000
"2023-05","PUNGGOL","5 ROOM","297","PUNGGOL CTRL","04 TO 06",110,"Premium Apartment",2003,"79 years 06 months",568000
"2023-05","PUNGGOL","5 ROOM","162B","PUNGGOL CTRL","16 TO 18",114,"Premium Apartment",2004,"80 years",648000
"2023-05","PUNGGOL","5 ROOM","669A","EDGEFIELD PLAINS","13 TO 15",112,"Premium Apartment",2016,"92 years 02 months",745000
"2023-05","QUEENSTOWN","4 ROOM","49","STRATHMORE AVE","22 TO 24",90,"Model A",2006,"82 years 02 months",868000
"2023-05","SEMBAWANG","4 ROOM","467A","ADMIRALTY DR","07 TO 09",102,"Premium Apartment",2001,"77 years 03 months",460000
"2023-05","SEMBAWANG","4 ROOM","130B","CANBERRA CRES","10 TO 12",93,"Model A",2018,"94 years 05 months",620888
"2023-05","SEMBAWANG","5 ROOM","108A","CANBERRA WALK","04 TO 06",113,"Improved",2018,"94 years 01 month",710000
"2023-05","SENGKANG","4 ROOM","293A","COMPASSVALE CRES","01 TO 03",93,"Model A",2016,"92 years 07 months",545000
"2023-05","SENGKANG","4 ROOM","180C","RIVERVALE CRES","16 TO 18",93,"Model A",2015,"90 years 11 months",552000
"2023-05","SENGKANG","4 ROOM","434A","FERNVALE RD","13 TO 15",94,"Premium Apartment",2013,"89 years 01 month",575000
"2023-05","SENGKANG","4 ROOM","333C","ANCHORVALE LINK","07 TO 09",92,"Model A",2015,"91 years 02 months",605000
"2023-05","SENGKANG","5 ROOM","440B","FERNVALE LINK","13 TO 15",113,"Improved",2015,"91 years 03 months",7e+05
"2023-05","SENGKANG","EXECUTIVE","225C","COMPASSVALE WALK","10 TO 12",141,"Apartment",1999,"75 years 08 months",780000
"2023-05","TAMPINES","3 ROOM","263","TAMPINES ST 21","01 TO 03",74,"Model A",1984,"60 years 04 months",386000
"2023-05","TAMPINES","3 ROOM","101","TAMPINES ST 11","07 TO 09",79,"Model A",1982,"57 years 11 months",425000
"2023-05","TAMPINES","4 ROOM","492G","TAMPINES ST 45","01 TO 03",92,"Model A",2018,"94 years 07 months",615000
"2023-05","TAMPINES","5 ROOM","384","TAMPINES ST 32","07 TO 09",125,"Improved",1993,"69 years 05 months",7e+05
"2023-05","TOA PAYOH","2 ROOM","161","LOR 1 TOA PAYOH","10 TO 12",40,"Improved",1972,"47 years 08 months",270000
"2023-05","TOA PAYOH","4 ROOM","145","LOR 2 TOA PAYOH","10 TO 12",86,"Model A",2006,"81 years 09 months",793000
"2023-05","TOA PAYOH","5 ROOM","12","JOO SENG RD","04 TO 06",132,"Model A",1984,"60 years 02 months",660000
"2023-05","TOA PAYOH","EXECUTIVE","237","LOR 1 TOA PAYOH","01 TO 03",146,"Maisonette",1986,"62 years 03 months",900888
"2023-05","WOODLANDS","2 ROOM","573A","WOODLANDS DR 16","13 TO 15",37,"Model A",2018,"94 years 02 months",3e+05
"2023-05","WOODLANDS","4 ROOM","766","WOODLANDS CIRCLE","07 TO 09",91,"Model A",2003,"79 years 03 months",472000
"2023-05","WOODLANDS","4 ROOM","644","WOODLANDS RING RD","07 TO 09",101,"Model A",1998,"74 years 03 months",490000
"2023-05","WOODLANDS","5 ROOM","634","WOODLANDS RING RD","04 TO 06",121,"Improved",1999,"75 years 04 months",575000
"2023-05","YISHUN","3 ROOM","703","YISHUN AVE 5","10 TO 12",68,"New Generation",1984,"59 years 09 months",388000
"2023-05","YISHUN","4 ROOM","262","YISHUN ST 22","10 TO 12",84,"Simplified",1985,"61 years 05 months",438000
"2023-05","YISHUN","4 ROOM","296","YISHUN ST 20","04 TO 06",90,"Model A",2000,"76 years 07 months",482000
"2023-05","YISHUN","4 ROOM","674A","YISHUN AVE 4","10 TO 12",93,"Model A",2018,"94 years 07 months",585000
"2023-05","YISHUN","5 ROOM","288","YISHUN AVE 6","04 TO 06",122,"Improved",1987,"63 years 03 months",565000
"2023-05","YISHUN","5 ROOM","431A","YISHUN AVE 1","07 TO 09",112,"Improved",2015,"91 years 05 months",620000
"2023-06","ANG MO KIO","3 ROOM","559","ANG MO KIO AVE 10","04 TO 06",82,"New Generation",1980,"55 years 08 months",430000
"2023-06","ANG MO KIO","4 ROOM","109","ANG MO KIO AVE 4","04 TO 06",83,"New Generation",1978,"54 years 03 months",478888
"2023-06","BEDOK","4 ROOM","79","BEDOK NTH RD","04 TO 06",92,"New Generation",1978,"54 years 01 month",460000
"2023-06","BEDOK","4 ROOM","416","BEDOK NTH AVE 2","04 TO 06",92,"New Generation",1978,"54 years 05 months",518000
"2023-06","BISHAN","5 ROOM","181","BISHAN ST 13","01 TO 03",121,"Improved",1987,"62 years 09 months",868000
"2023-06","BUKIT BATOK","2 ROOM","292A","BT BATOK EAST AVE 6","22 TO 24",47,"2-room",2019,"94 years 08 months",373000
"2023-06","BUKIT BATOK","4 ROOM","386","BT BATOK WEST AVE 5","07 TO 09",92,"Model A",2004,"80 years 07 months",516000
"2023-06","BUKIT BATOK","4 ROOM","207","BT BATOK ST 21","04 TO 06",104,"Model A",1983,"59 years 03 months",520000
"2023-06","BUKIT BATOK","5 ROOM","453A","BT BATOK WEST AVE 6","10 TO 12",115,"Improved",2019,"94 years 10 months",8e+05
"2023-06","BUKIT PANJANG","4 ROOM","442","FAJAR RD","07 TO 09",100,"Model A",1997,"73 years 06 months",450000
"2023-06","CENTRAL AREA","3 ROOM","640","ROWELL RD","07 TO 09",74,"Model A",1984,"60 years 01 month",494000
"2023-06","CHOA CHU KANG","4 ROOM","801C","KEAT HONG CL","01 TO 03",92,"Model A",2018,"93 years 09 months",480000
"2023-06","CHOA CHU KANG","4 ROOM","230","CHOA CHU KANG CTRL","04 TO 06",111,"Model A",1990,"66 years 01 month",510000
"2023-06","CLEMENTI","4 ROOM","716","CLEMENTI WEST ST 2","01 TO 03",91,"New Generation",1981,"57 years 04 months",480000
"2023-06","GEYLANG","4 ROOM","44","SIMS DR","10 TO 12",88,"Improved",1975,"51 years 03 months",453000
"2023-06","GEYLANG","4 ROOM","2B","GEYLANG SERAI","13 TO 15",95,"Model A",2011,"87 years 07 months",801000
"2023-06","JURONG WEST","2 ROOM","112","HO CHING RD","07 TO 09",57,"Improved",1970,"46 years 05 months",260000
"2023-06","JURONG WEST","4 ROOM","275B","JURONG WEST ST 25","04 TO 06",90,"Model A",2002,"77 years 08 months",448000
"2023-06","KALLANG/WHAMPOA","3 ROOM","107","TOWNER RD","04 TO 06",74,"Model A",1983,"59 years",535000
"2023-06","KALLANG/WHAMPOA","4 ROOM","8A","UPP BOON KENG RD","19 TO 21",88,"Premium Apartment",2017,"93 years 02 months",983000
"2023-06","PUNGGOL","3 ROOM","663A","PUNGGOL DR","10 TO 12",65,"Model A",2016,"92 years 01 month",445000
"2023-06","PUNGGOL","4 ROOM","211D","PUNGGOL WALK","04 TO 06",92,"Model A",2014,"89 years 11 months",578000
"2023-06","PUNGGOL","EXECUTIVE","117","EDGEFIELD PLAINS","07 TO 09",130,"Premium Apartment",2003,"79 years 01 month",705000
"2023-06","PUNGGOL","EXECUTIVE","115","EDGEFIELD PLAINS","07 TO 09",130,"Premium Apartment",2003,"79 years 01 month",740000
"2023-06","QUEENSTOWN","4 ROOM","7","C'WEALTH AVE","10 TO 12",106,"Model A",1996,"72 years 03 months",830000
"2023-06","QUEENSTOWN","4 ROOM","89","TANGLIN HALT RD","34 TO 36",90,"Model A",2008,"84 years 03 months",862000
"2023-06","SEMBAWANG","4 ROOM","108C","CANBERRA WALK","04 TO 06",93,"Model A",2018,"93 years 11 months",575000
"2023-06","SEMBAWANG","4 ROOM","107C","CANBERRA ST","10 TO 12",93,"Model A",2018,"94 years 01 month",590000
"2023-06","SENGKANG","4 ROOM","185B","RIVERVALE CRES","04 TO 06",88,"Model A2",2000,"76 years 06 months",445000
"2023-06","SENGKANG","4 ROOM","268C","COMPASSVALE LINK","07 TO 09",91,"Premium Apartment",2006,"81 years 09 months",580000
"2023-06","SENGKANG","4 ROOM","439C","SENGKANG WEST AVE","16 TO 18",94,"Model A",2011,"86 years 09 months",582000
"2023-06","TAMPINES","4 ROOM","459","TAMPINES ST 42","01 TO 03",84,"Simplified",1987,"63 years 03 months",460888
"2023-06","TAMPINES","4 ROOM","164","TAMPINES ST 12","04 TO 06",106,"Model A",1984,"60 years 06 months",578000
"2023-06","TAMPINES","4 ROOM","523C","TAMPINES CTRL 7","10 TO 12",93,"Model A",2015,"91 years 02 months",716888
"2023-06","TAMPINES","5 ROOM","714","TAMPINES ST 71","01 TO 03",119,"Improved",1997,"72 years 10 months",650000
"2023-06","TAMPINES","5 ROOM","715","TAMPINES ST 71","04 TO 06",120,"Improved",1997,"72 years 11 months",675000
"2023-06","TOA PAYOH","4 ROOM","9","JOO SENG RD","10 TO 12",93,"Model A",2017,"92 years 09 months",820000
"2023-06","WOODLANDS","2 ROOM","574B","WOODLANDS DR 16","10 TO 12",47,"Model A",2018,"94 years 01 month",345000
"2023-06","WOODLANDS","3 ROOM","886C","WOODLANDS DR 50","07 TO 09",67,"Premium Apartment",2015,"90 years 10 months",422000
"2023-06","WOODLANDS","5 ROOM","716","WOODLANDS DR 70","01 TO 03",121,"Improved",1997,"73 years 01 month",550000
"2023-06","WOODLANDS","5 ROOM","878","WOODLANDS AVE 9","01 TO 03",121,"Improved",1996,"72 years 01 month",570000
"2023-06","WOODLANDS","5 ROOM","705","WOODLANDS DR 40","04 TO 06",119,"Improved",1996,"72 years 05 months",590000
"2023-06","WOODLANDS","5 ROOM","542","WOODLANDS DR 16","04 TO 06",120,"Improved",2000,"76 years",620000
"2023-06","YISHUN","4 ROOM","675C","YISHUN AVE 4","04 TO 06",93,"Model A",2018,"94 years 06 months",575000
"2023-07","ANG MO KIO","4 ROOM","443","ANG MO KIO AVE 10","01 TO 03",92,"New Generation",1979,"55 years 02 months",435000
"2023-07","BEDOK","3 ROOM","503","BEDOK NTH ST 3","01 TO 03",59,"Improved",1978,"53 years 10 months",323888
"2023-07","BEDOK","3 ROOM","105","BEDOK NTH AVE 4","07 TO 09",67,"New Generation",1977,"53 years 01 month",366000
"2023-07","BEDOK","3 ROOM","55","CHAI CHEE DR","04 TO 06",75,"Model A",1984,"59 years 10 months",370888
"2023-07","BEDOK","5 ROOM","170","BEDOK STH RD","04 TO 06",122,"Improved",1986,"61 years 08 months",660000
"2023-07","BUKIT BATOK","2 ROOM","450D","BT BATOK WEST AVE 6","04 TO 06",47,"Model A",2019,"94 years 10 months",325000
"2023-07","BUKIT BATOK","4 ROOM","449B","BT BATOK WEST AVE 9","04 TO 06",93,"Model A",2019,"94 years 09 months",590000
"2023-07","BUKIT BATOK","4 ROOM","449B","BT BATOK WEST AVE 9","01 TO 03",93,"Model A",2019,"94 years 09 months",595000
"2023-07","BUKIT BATOK","5 ROOM","450C","BT BATOK WEST AVE 6","10 TO 12",113,"Improved",2019,"94 years 09 months",730000
"2023-07","BUKIT BATOK","5 ROOM","441B","BT BATOK WEST AVE 8","13 TO 15",112,"Improved",2019,"94 years 09 months",808000
"2023-07","BUKIT MERAH","3 ROOM","110A","DEPOT RD","16 TO 18",67,"Model A",2017,"93 years 05 months",630000
"2023-07","BUKIT PANJANG","3 ROOM","229","PENDING RD","01 TO 03",73,"Model A",1988,"64 years 06 months",380000
"2023-07","BUKIT PANJANG","3 ROOM","636A","SENJA RD","07 TO 09",67,"Model A",2015,"91 years 05 months",445000
"2023-07","BUKIT PANJANG","5 ROOM","111","GANGSA RD","10 TO 12",121,"Improved",1987,"63 years 03 months",630000
"2023-07","CHOA CHU KANG","3 ROOM","811A","CHOA CHU KANG AVE 7","13 TO 15",68,"Model A",2017,"93 years 05 months",445000
"2023-07","CHOA CHU KANG","4 ROOM","667","CHOA CHU KANG CRES","01 TO 03",103,"Model A",1999,"75 years",465000
"2023-07","CHOA CHU KANG","4 ROOM","487B","CHOA CHU KANG AVE 5","07 TO 09",93,"Model A",2016,"92 years 01 month",525000
"2023-07","CHOA CHU KANG","5 ROOM","469","CHOA CHU KANG AVE 3","01 TO 03",121,"Improved",1999,"74 years 10 months",570000
"2023-07","CHOA CHU KANG","EXECUTIVE","458","CHOA CHU KANG AVE 4","04 TO 06",142,"Premium Apartment",2000,"75 years 09 months",680000
"2023-07","CLEMENTI","3 ROOM","706","CLEMENTI WEST ST 2","07 TO 09",68,"New Generation",1980,"56 years 01 month",385000
"2023-07","CLEMENTI","4 ROOM","716","CLEMENTI WEST ST 2","04 TO 06",91,"New Generation",1981,"57 years 03 months",499000
"2023-07","GEYLANG","4 ROOM","7","PINE CL","10 TO 12",96,"Model A",2000,"75 years 11 months",860000
"2023-07","HOUGANG","EXECUTIVE","145","LOR AH SOO","04 TO 06",146,"Maisonette",1984,"60 years 02 months",868000
"2023-07","HOUGANG","EXECUTIVE","141","LOR AH SOO","10 TO 12",148,"Maisonette",1985,"60 years 06 months",885000
"2023-07","JURONG WEST","3 ROOM","209","BOON LAY PL","01 TO 03",65,"Improved",1976,"51 years 11 months",282000
"2023-07","JURONG WEST","4 ROOM","637","JURONG WEST ST 61","13 TO 15",90,"Model A",2004,"79 years 10 months",5e+05
"2023-07","JURONG WEST","4 ROOM","346","KANG CHING RD","04 TO 06",102,"Model A",1997,"72 years 10 months",525888
"2023-07","KALLANG/WHAMPOA","4 ROOM","117B","JLN TENTERAM","13 TO 15",93,"Model A",2017,"93 years 05 months",788000
"2023-07","PASIR RIS","4 ROOM","405","PASIR RIS DR 6","10 TO 12",106,"Model A",1989,"65 years 06 months",570000
"2023-07","PASIR RIS","5 ROOM","552","PASIR RIS ST 51","07 TO 09",122,"Improved",1992,"68 years 06 months",648000
"2023-07","PUNGGOL","4 ROOM","619D","PUNGGOL DR","01 TO 03",93,"Premium Apartment",2013,"89 years 03 months",535000
"2023-07","PUNGGOL","4 ROOM","270B","PUNGGOL FIELD","13 TO 15",93,"Premium Apartment",2013,"88 years 07 months",670000
"2023-07","PUNGGOL","EXECUTIVE","118","EDGEFIELD PLAINS","10 TO 12",130,"Premium Apartment",2003,"79 years",725000
"2023-07","SEMBAWANG","4 ROOM","362A","SEMBAWANG CRES","04 TO 06",93,"Model A",2019,"94 years 11 months",550000
"2023-07","SEMBAWANG","4 ROOM","593A","MONTREAL LINK","16 TO 18",93,"Model A",2015,"90 years 09 months",558888
"2023-07","SENGKANG","4 ROOM","140","RIVERVALE ST","01 TO 03",90,"Model A2",1999,"74 years 08 months",460000
"2023-07","SENGKANG","4 ROOM","410B","FERNVALE RD","01 TO 03",95,"Premium Apartment",2012,"88 years 05 months",515000
"2023-07","SENGKANG","4 ROOM","435A","FERNVALE RD","10 TO 12",94,"Premium Apartment",2013,"89 years",590000
"2023-07","SENGKANG","4 ROOM","351A","ANCHORVALE RD","07 TO 09",92,"Model A",2019,"94 years 11 months",620000
"2023-07","SERANGOON","5 ROOM","137","SERANGOON NTH AVE 2","01 TO 03",121,"Improved",1989,"65 years 05 months",650000
"2023-07","SERANGOON","5 ROOM","412","SERANGOON CTRL","07 TO 09",121,"Improved",1989,"64 years 08 months",836888
"2023-07","TAMPINES","3 ROOM","221","TAMPINES ST 24","10 TO 12",73,"Model A",1984,"60 years 05 months",425000
"2023-07","TAMPINES","4 ROOM","254","SIMEI ST 1","04 TO 06",99,"Model A",1996,"72 years 02 months",580000
"2023-07","TAMPINES","4 ROOM","218","TAMPINES ST 24","04 TO 06",104,"Model A",1985,"60 years 08 months",585000
"2023-07","TOA PAYOH","3 ROOM","111","LOR 1 TOA PAYOH","07 TO 09",66,"Improved",1970,"45 years 08 months",308000
"2023-07","TOA PAYOH","4 ROOM","138C","LOR 1A TOA PAYOH","25 TO 27",91,"DBSS",2012,"88 years",907000
"2023-07","WOODLANDS","4 ROOM","889D","WOODLANDS DR 50","10 TO 12",93,"Model A",2017,"93 years 01 month",605000
"2023-07","WOODLANDS","5 ROOM","691D","WOODLANDS DR 73","04 TO 06",113,"Improved",2018,"94 years 01 month",625000
"2023-07","WOODLANDS","EXECUTIVE","866","WOODLANDS ST 83","04 TO 06",146,"Apartment",1996,"71 years 09 months",750000
"2023-07","WOODLANDS","EXECUTIVE","650","WOODLANDS RING RD","01 TO 03",141,"Maisonette",1998,"74 years",758000
"2023-07","YISHUN","3 ROOM","266","YISHUN ST 22","01 TO 03",74,"Model A",1987,"62 years 09 months",380000
"2023-07","YISHUN","4 ROOM","651","YISHUN AVE 4","07 TO 09",83,"Simplified",1987,"63 years 03 months",430000
"2023-08","ANG MO KIO","EXECUTIVE","418","ANG MO KIO AVE 10","04 TO 06",176,"Adjoined flat",1979,"55 years 01 month",1200000
"2023-08","BEDOK","3 ROOM","104","BEDOK NTH AVE 4","10 TO 12",67,"New Generation",1977,"53 years",350000
"2023-08","BEDOK","3 ROOM","122","BEDOK NTH ST 2","07 TO 09",67,"New Generation",1978,"53 years 08 months",375000
"2023-08","BEDOK","4 ROOM","65","NEW UPP CHANGI RD","07 TO 09",92,"New Generation",1978,"53 years 10 months",495000
"2023-08","BEDOK","4 ROOM","159","BEDOK STH AVE 3","10 TO 12",83,"Simplified",1985,"60 years 07 months",530000
"2023-08","BEDOK","4 ROOM","187B","BEDOK NTH ST 4","04 TO 06",93,"Model A",2018,"94 years 04 months",730000
"2023-08","BEDOK","EXECUTIVE","145","BEDOK RESERVOIR RD","07 TO 09",143,"Maisonette",1987,"62 years 07 months",838000
"2023-08","BUKIT BATOK","3 ROOM","248","BT BATOK EAST AVE 5","04 TO 06",73,"Model A",1985,"60 years 11 months",320000
"2023-08","BUKIT BATOK","4 ROOM","312","BT BATOK ST 32","10 TO 12",93,"New Generation",1985,"61 years",480000
"2023-08","BUKIT MERAH","3 ROOM","32","JLN BT HO SWEE","07 TO 09",59,"Standard",1971,"46 years 06 months",378000
"2023-08","BUKIT MERAH","3 ROOM","43","TELOK BLANGAH RISE","01 TO 03",70,"Improved",1976,"51 years 09 months",380000
"2023-08","BUKIT MERAH","5 ROOM","48","LENGKOK BAHRU","07 TO 09",122,"Improved",1986,"62 years",735000
"2023-08","BUKIT PANJANG","EXECUTIVE","411","SAUJANA RD","01 TO 03",142,"Apartment",1988,"64 years 05 months",760000
"2023-08","CENTRAL AREA","2 ROOM","9","JLN KUKOH","04 TO 06",54,"Improved",1982,"57 years 05 months",270000
"2023-08","CHOA CHU KANG","3 ROOM","166A","TECK WHYE CRES","22 TO 24",68,"Model A",2015,"90 years 06 months",430000
"2023-08","CHOA CHU KANG","4 ROOM","151","JLN TECK WHYE","04 TO 06",100,"Model A",1998,"73 years 06 months",488000
"2023-08","CHOA CHU KANG","4 ROOM","803B","KEAT HONG CL","07 TO 09",93,"Model A",2017,"92 years 10 months",530000
"2023-08","CLEMENTI","3 ROOM","319","CLEMENTI AVE 4","10 TO 12",67,"New Generation",1979,"54 years 09 months",425000
"2023-08","CLEMENTI","3 ROOM","435","CLEMENTI AVE 3","10 TO 12",82,"New Generation",1978,"54 years 05 months",480000
"2023-08","GEYLANG","3 ROOM","46","CIRCUIT RD","01 TO 03",52,"Standard",1971,"46 years 06 months",296000
"2023-08","GEYLANG","4 ROOM","28","CASSIA CRES","04 TO 06",102,"Model A",1998,"73 years 10 months",835000
"2023-08","HOUGANG","4 ROOM","166","HOUGANG AVE 1","01 TO 03",101,"Model A",1997,"73 years 04 months",460000
"2023-08","HOUGANG","5 ROOM","230","HOUGANG AVE 1","01 TO 03",140,"Model A-Maisonette",1984,"60 years 04 months",818888
"2023-08","JURONG EAST","3 ROOM","231","JURONG EAST ST 21","07 TO 09",67,"New Generation",1981,"56 years 10 months",360000
"2023-08","JURONG WEST","4 ROOM","153","YUNG HO RD","07 TO 09",104,"Model A",1990,"66 years 01 month",480000
"2023-08","JURONG WEST","4 ROOM","659C","JURONG WEST ST 65","10 TO 12",91,"Model A",2001,"76 years 11 months",525000
"2023-08","JURONG WEST","5 ROOM","325","TAH CHING RD","13 TO 15",124,"Improved",1997,"73 years 01 month",635000
"2023-08","JURONG WEST","EXECUTIVE","556","JURONG WEST ST 42","04 TO 06",149,"Maisonette",1986,"61 years 11 months",674500
"2023-08","KALLANG/WHAMPOA","3 ROOM","117A","JLN TENTERAM","13 TO 15",67,"Model A",2017,"93 years 04 months",590000
"2023-08","KALLANG/WHAMPOA","4 ROOM","104","JLN DUSUN","01 TO 03",90,"New Generation",1981,"56 years 11 months",577500
"2023-08","KALLANG/WHAMPOA","4 ROOM","116A","JLN TENTERAM","01 TO 03",93,"Model A",2017,"93 years 04 months",715000
"2023-08","MARINE PARADE","3 ROOM","32","MARINE CRES","13 TO 15",76,"Improved",1975,"50 years 09 months",5e+05
"2023-08","PUNGGOL","4 ROOM","659C","PUNGGOL EAST","04 TO 06",93,"Model A",2018,"94 years 05 months",533000
"2023-08","PUNGGOL","4 ROOM","683C","EDGEDALE PLAINS","10 TO 12",93,"Premium Apartment",2018,"94 years 01 month",655000
"2023-08","PUNGGOL","5 ROOM","204D","PUNGGOL FIELD","13 TO 15",110,"Improved",2004,"80 years 04 months",608888
"2023-08","SEMBAWANG","4 ROOM","485","ADMIRALTY LINK","01 TO 03",85,"Model A2",2003,"79 years",445000
"2023-08","SEMBAWANG","4 ROOM","128C","CANBERRA ST","01 TO 03",93,"Model A",2018,"94 years 03 months",580888
"2023-08","SEMBAWANG","4 ROOM","120A","CANBERRA CRES","07 TO 09",93,"Model A",2018,"93 years 07 months",615000
"2023-08","SEMBAWANG","5 ROOM","309","CANBERRA RD","04 TO 06",122,"Improved",1998,"74 years 05 months",595000
"2023-08","SENGKANG","2 ROOM","418A","FERNVALE LINK","04 TO 06",38,"Model A",2018,"94 years 01 month",325000
"2023-08","SENGKANG","2 ROOM","351C","ANCHORVALE RD","04 TO 06",47,"Model A",2019,"94 years 09 months",345000
"2023-08","SENGKANG","3 ROOM","329A","ANCHORVALE ST","04 TO 06",67,"Model A",2015,"91 years 01 month",438000
"2023-08","SENGKANG","5 ROOM","408A","FERNVALE RD","10 TO 12",115,"Premium Apartment",2004,"80 years 05 months",585000
"2023-08","SERANGOON","3 ROOM","2","LOR LEW LIAN","13 TO 15",64,"Improved",1983,"59 years",426000
"2023-08","SERANGOON","4 ROOM","102","SERANGOON NTH AVE 1","01 TO 03",98,"New Generation",1984,"60 years 03 months",518000
"2023-08","TAMPINES","4 ROOM","492G","TAMPINES ST 45","04 TO 06",92,"Model A",2018,"94 years 03 months",645000
"2023-08","TAMPINES","5 ROOM","497C","TAMPINES ST 45","04 TO 06",131,"Premium Apartment",1996,"71 years 11 months",715000
"2023-08","TAMPINES","EXECUTIVE","148","TAMPINES AVE 5","04 TO 06",142,"Apartment",1985,"60 years 07 months",915000
"2023-08","WOODLANDS","3 ROOM","12","MARSILING LANE","10 TO 12",65,"Improved",1976,"51 years 07 months",333000
"2023-08","WOODLANDS","4 ROOM","774","WOODLANDS CRES","10 TO 12",91,"Model A2",1997,"73 years 03 months",460000
"2023-08","WOODLANDS","4 ROOM","168","WOODLANDS ST 11","04 TO 06",98,"New Generation",1986,"62 years 04 months",475000
"2023-08","WOODLANDS","4 ROOM","896B","WOODLANDS DR 50","04 TO 06",100,"Model A",1997,"73 years 02 months",515000
"2023-08","WOODLANDS","4 ROOM","682C","WOODLANDS DR 73","13 TO 15",102,"Premium Apartment",2000,"75 years 07 months",540000
"2023-08","WOODLANDS","4 ROOM","783C","WOODLANDS RISE","16 TO 18",93,"Model A",2018,"94 years",548000
"2023-08","WOODLANDS","5 ROOM","777","WOODLANDS CRES","04 TO 06",121,"Improved",1998,"73 years 07 months",562000
"2023-08","WOODLANDS","5 ROOM","522","WOODLANDS DR 14","04 TO 06",129,"Premium Apartment",2000,"76 years",6e+05
"2023-08","YISHUN","3 ROOM","121","YISHUN ST 11","01 TO 03",67,"New Generation",1984,"60 years 05 months",380000
"2023-08","YISHUN","4 ROOM","280","YISHUN ST 22","01 TO 03",104,"Model A",1985,"60 years 10 months",460000
"2023-09","ANG MO KIO","2 ROOM","314","ANG MO KIO AVE 3","01 TO 03",44,"Improved",1978,"53 years 04 months",282000
"2023-09","ANG MO KIO","3 ROOM","258","ANG MO KIO AVE 4","01 TO 03",73,"New Generation",1977,"52 years 10 months",395000
"2023-09","ANG MO KIO","4 ROOM","353","ANG MO KIO ST 32","10 TO 12",95,"Model A",2001,"77 years",760000
"2023-09","ANG MO KIO","4 ROOM","455A","ANG MO KIO ST 44","10 TO 12",93,"Model A",2018,"93 years 06 months",857000
"2023-09","BEDOK","3 ROOM","2","BEDOK STH AVE 1","04 TO 06",65,"Improved",1976,"51 years 05 months",360000
"2023-09","BISHAN","3 ROOM","105","BISHAN ST 12","07 TO 09",64,"Simplified",1985,"61 years 03 months",478888
"2023-09","BISHAN","4 ROOM","214","BISHAN ST 23","04 TO 06",103,"Model A",1992,"67 years 08 months",650000
"2023-09","BUKIT BATOK","3 ROOM","368","BT BATOK ST 31","04 TO 06",68,"New Generation",1987,"62 years 04 months",368888
"2023-09","BUKIT BATOK","5 ROOM","394","BT BATOK WEST AVE 5","01 TO 03",118,"Improved",2004,"80 years",610000
"2023-09","BUKIT BATOK","5 ROOM","290F","BT BATOK ST 24","01 TO 03",121,"Improved",1997,"73 years 03 months",650000
"2023-09","BUKIT MERAH","3 ROOM","20","TELOK BLANGAH CRES","13 TO 15",76,"Improved",1975,"50 years 06 months",4e+05
"2023-09","BUKIT MERAH","4 ROOM","93A","TELOK BLANGAH ST 31","16 TO 18",93,"Model A",2018,"94 years 03 months",859000
"2023-09","BUKIT PANJANG","4 ROOM","484","SEGAR RD","13 TO 15",91,"Premium Apartment",2002,"78 years 02 months",450000
"2023-09","BUKIT PANJANG","4 ROOM","531","JELAPANG RD","10 TO 12",103,"Model A",1999,"74 years 05 months",488000
"2023-09","CHOA CHU KANG","3 ROOM","10","TECK WHYE AVE","07 TO 09",67,"New Generation",1978,"53 years 08 months",345000
"2023-09","CHOA CHU KANG","3 ROOM","811A","CHOA CHU KANG AVE 7","10 TO 12",68,"Model A",2017,"93 years 02 months",436888
"2023-09","CHOA CHU KANG","4 ROOM","151","JLN TECK WHYE","07 TO 09",100,"Model A",1998,"73 years 05 months",488000
"2023-09","CHOA CHU KANG","5 ROOM","225","CHOA CHU KANG CTRL","10 TO 12",124,"Improved",1993,"68 years 09 months",622800
"2023-09","CHOA CHU KANG","EXECUTIVE","606","CHOA CHU KANG ST 62","04 TO 06",145,"Apartment",1996,"71 years 07 months",720000
"2023-09","CLEMENTI","4 ROOM","373","CLEMENTI AVE 4","04 TO 06",91,"New Generation",1981,"57 years 01 month",470000
"2023-09","CLEMENTI","4 ROOM","440C","CLEMENTI AVE 3","07 TO 09",94,"Model A",2018,"94 years",930000
"2023-09","GEYLANG","3 ROOM","9","HAIG RD","10 TO 12",59,"Improved",1976,"52 years",375000
"2023-09","GEYLANG","5 ROOM","11","PINE CL","07 TO 09",110,"Improved",2000,"75 years 09 months",1100000
"2023-09","HOUGANG","4 ROOM","166","HOUGANG AVE 1","07 TO 09",101,"Model A",1997,"73 years 01 month",550000
"2023-09","HOUGANG","5 ROOM","641","HOUGANG AVE 8","07 TO 09",120,"Improved",1987,"63 years",640000
"2023-09","JURONG WEST","3 ROOM","209","BOON LAY PL","07 TO 09",74,"Improved",1976,"51 years 08 months",328000
"2023-09","JURONG WEST","4 ROOM","853","JURONG WEST ST 81","07 TO 09",108,"Model A",1996,"71 years 08 months",485000
"2023-09","JURONG WEST","5 ROOM","813","JURONG WEST ST 81","07 TO 09",121,"Improved",1990,"65 years 06 months",530000
"2023-09","JURONG WEST","5 ROOM","687","JURONG WEST CTRL 1","10 TO 12",120,"Premium Apartment",1998,"73 years 08 months",685000
"2023-09","JURONG WEST","5 ROOM","166A","YUNG KUANG RD","04 TO 06",113,"Improved",2018,"94 years 02 months",688888
"2023-09","JURONG WEST","EXECUTIVE","558","JURONG WEST ST 42","10 TO 12",151,"Maisonette",1985,"60 years 09 months",780000
"2023-09","KALLANG/WHAMPOA","5 ROOM","5","BOON KENG RD","04 TO 06",126,"Improved",1996,"72 years 01 month",971088
"2023-09","PASIR RIS","4 ROOM","626","PASIR RIS DR 3","01 TO 03",104,"Model A",1995,"70 years 11 months",510000
"2023-09","PUNGGOL","3 ROOM","233A","SUMANG LANE","07 TO 09",68,"Model A",2018,"94 years 02 months",455000
"2023-09","PUNGGOL","3 ROOM","315A","PUNGGOL WAY","16 TO 18",68,"Premium Apartment",2017,"93 years",490000
"2023-09","PUNGGOL","4 ROOM","176B","EDGEFIELD PLAINS","07 TO 09",90,"Model A",2003,"79 years",468000
"2023-09","PUNGGOL","4 ROOM","658A","PUNGGOL EAST","10 TO 12",93,"Model A",2018,"94 years 03 months",605000
"2023-09","PUNGGOL","4 ROOM","302C","PUNGGOL PL","04 TO 06",93,"Premium Apartment",2011,"86 years 06 months",620000
"2023-09","PUNGGOL","4 ROOM","305D","PUNGGOL DR","04 TO 06",97,"Premium Apartment",2012,"87 years 10 months",688000
"2023-09","PUNGGOL","5 ROOM","130","EDGEDALE PLAINS","10 TO 12",111,"Premium Apartment",2003,"79 years 03 months",560000
"2023-09","PUNGGOL","5 ROOM","232B","SUMANG LANE","10 TO 12",113,"Improved",2018,"94 years 03 months",7e+05
"2023-09","SEMBAWANG","4 ROOM","333","SEMBAWANG CL","04 TO 06",100,"Model A",1999,"74 years 11 months",480000
"2023-09","SENGKANG","4 ROOM","223D","COMPASSVALE WALK","01 TO 03",102,"Model A",1999,"74 years 09 months",550000
"2023-09","SENGKANG","5 ROOM","288A","COMPASSVALE CRES","07 TO 09",113,"Premium Apartment",2017,"93 years 03 months",721000
"2023-09","SERANGOON","2 ROOM","8","LOR LEW LIAN","10 TO 12",44,"Improved",1978,"53 years 08 months",288000
"2023-09","SERANGOON","5 ROOM","501","SERANGOON NTH AVE 4","10 TO 12",124,"Improved",1992,"68 years 02 months",725000
"2023-09","TAMPINES","3 ROOM","222","TAMPINES ST 24","04 TO 06",73,"Model A",1985,"60 years 05 months",410000
"2023-09","TAMPINES","4 ROOM","119","SIMEI ST 1","01 TO 03",104,"Model A",1988,"63 years 09 months",620000
"2023-09","WOODLANDS","3 ROOM","311","WOODLANDS ST 31","04 TO 06",73,"Model A",1993,"69 years 01 month",422500
"2023-09","WOODLANDS","4 ROOM","775","WOODLANDS CRES","07 TO 09",93,"Model A2",1997,"73 years 02 months",480000
"2023-09","WOODLANDS","4 ROOM","875","WOODLANDS ST 82","07 TO 09",111,"Model A",1996,"71 years 06 months",525000
"2023-09","WOODLANDS","5 ROOM","687A","WOODLANDS DR 75","10 TO 12",114,"Premium Apartment",2003,"78 years 05 months",540000
"2023-09","WOODLANDS","5 ROOM","537","WOODLANDS DR 16","04 TO 06",115,"Improved",2000,"76 years",585000
"2023-09","WOODLANDS","5 ROOM","783D","WOODLANDS RISE","10 TO 12",113,"Improved",2018,"93 years 11 months",660000
"2023-09","YISHUN","3 ROOM","672A","YISHUN AVE 4","07 TO 09",68,"Model A",2018,"93 years 05 months",442000
"2023-09","YISHUN","4 ROOM","787","YISHUN RING RD","07 TO 09",84,"Simplified",1988,"63 years 07 months",475009
"2023-09","YISHUN","5 ROOM","677B","YISHUN RING RD","10 TO 12",113,"Improved",2018,"94 years 01 month",728888
"2023-09","YISHUN","EXECUTIVE","359","YISHUN RING RD","04 TO 06",146,"Maisonette",1988,"63 years 11 months",6e+05
"2023-10","ANG MO KIO","3 ROOM","534","ANG MO KIO AVE 10","01 TO 03",68,"New Generation",1980,"55 years 05 months",345000
"2023-10","ANG MO KIO","3 ROOM","504","ANG MO KIO AVE 8","04 TO 06",68,"New Generation",1980,"55 years 11 months",360000
"2023-10","ANG MO KIO","3 ROOM","117","ANG MO KIO AVE 4","07 TO 09",74,"New Generation",1978,"53 years 07 months",423000
"2023-10","ANG MO KIO","5 ROOM","260B","ANG MO KIO ST 21","07 TO 09",113,"Improved",2018,"93 years 08 months",1080000
"2023-10","BEDOK","3 ROOM","188B","BEDOK NTH ST 4","04 TO 06",68,"Model A",2018,"94 years 04 months",548888
"2023-10","BEDOK","4 ROOM","149","BEDOK RESERVOIR RD","01 TO 03",84,"Simplified",1987,"62 years 08 months",480000
"2023-10","BUKIT BATOK","3 ROOM","377","BT BATOK ST 31","07 TO 09",67,"Model A",2019,"94 years 06 months",448000
"2023-10","BUKIT BATOK","3 ROOM","293D","BT BATOK ST 21","19 TO 21",68,"Model A",2019,"94 years 04 months",515000
"2023-10","BUKIT BATOK","4 ROOM","348","BT BATOK ST 34","04 TO 06",84,"Simplified",1987,"62 years 04 months",442000
"2023-10","BUKIT MERAH","5 ROOM","96A","HENDERSON RD","19 TO 21",113,"Improved",2019,"94 years 09 months",1450000
"2023-10","CHOA CHU KANG","4 ROOM","162","JLN TECK WHYE","04 TO 06",101,"Model A",1998,"73 years 05 months",478000
"2023-10","CHOA CHU KANG","5 ROOM","12","TECK WHYE LANE","07 TO 09",119,"Improved",1979,"54 years 03 months",5e+05
"2023-10","CHOA CHU KANG","5 ROOM","465","CHOA CHU KANG AVE 4","10 TO 12",123,"Premium Apartment",2000,"75 years 05 months",562000
"2023-10","CHOA CHU KANG","5 ROOM","610","CHOA CHU KANG ST 62","07 TO 09",127,"Improved",1996,"71 years 06 months",635000
"2023-10","CHOA CHU KANG","EXECUTIVE","557","CHOA CHU KANG NTH 6","07 TO 09",146,"Apartment",1996,"71 years 05 months",765000
"2023-10","CLEMENTI","4 ROOM","417","CLEMENTI AVE 1","07 TO 09",100,"Model A",2013,"88 years 11 months",850000
"2023-10","CLEMENTI","5 ROOM","425","CLEMENTI AVE 1","10 TO 12",113,"Improved",2013,"89 years",960000
"2023-10","CLEMENTI","5 ROOM","440C","CLEMENTI AVE 3","13 TO 15",112,"Improved",2018,"93 years 11 months",1208000
"2023-10","HOUGANG","3 ROOM","619","HOUGANG AVE 8","01 TO 03",60,"Improved",1985,"61 years",355000
"2023-10","HOUGANG","4 ROOM","456","HOUGANG AVE 10","01 TO 03",105,"Model A",1992,"68 years",510000
"2023-10","HOUGANG","4 ROOM","988B","BUANGKOK GREEN","13 TO 15",93,"Model A",2015,"90 years 04 months",6e+05
"2023-10","JURONG EAST","3 ROOM","210","JURONG EAST ST 21","01 TO 03",67,"New Generation",1983,"58 years 10 months",368000
"2023-10","JURONG WEST","4 ROOM","158","YUNG LOH RD","07 TO 09",106,"Model A",1996,"71 years 05 months",455000
"2023-10","JURONG WEST","4 ROOM","550","JURONG WEST ST 42","04 TO 06",106,"Model A",1985,"60 years 07 months",470000
"2023-10","JURONG WEST","5 ROOM","275B","JURONG WEST ST 25","10 TO 12",111,"Improved",2002,"77 years 04 months",520000
"2023-10","JURONG WEST","5 ROOM","468","JURONG WEST ST 41","07 TO 09",121,"Improved",1985,"60 years 09 months",605000
"2023-10","JURONG WEST","5 ROOM","683A","JURONG WEST CTRL 1","13 TO 15",111,"Premium Apartment",2000,"76 years",655000
"2023-10","JURONG WEST","5 ROOM","197D","BOON LAY DR","04 TO 06",113,"Improved",2015,"90 years 07 months",698000
"2023-10","KALLANG/WHAMPOA","3 ROOM","57","GEYLANG BAHRU","04 TO 06",65,"Improved",1974,"49 years 10 months",335000
"2023-10","KALLANG/WHAMPOA","5 ROOM","18","JLN TENTERAM","25 TO 27",105,"Improved",2004,"79 years 09 months",778000
"2023-10","PUNGGOL","3 ROOM","234A","SUMANG LANE","01 TO 03",68,"Model A",2018,"94 years 02 months",438000
"2023-10","PUNGGOL","3 ROOM","662B","EDGEDALE PLAINS","13 TO 15",67,"Premium Apartment",2017,"92 years 07 months",475000
"2023-10","PUNGGOL","4 ROOM","231B","SUMANG LANE","10 TO 12",93,"Model A",2018,"94 years 01 month",578888
"2023-10","QUEENSTOWN","4 ROOM","181","STIRLING RD","04 TO 06",95,"Model A",2000,"75 years 11 months",848000
"2023-10","QUEENSTOWN","4 ROOM","32","GHIM MOH LINK","04 TO 06",93,"Model A",2018,"93 years 08 months",933000
"2023-10","QUEENSTOWN","4 ROOM","31","GHIM MOH LINK","22 TO 24",93,"Model A",2018,"93 years 09 months",1e+06
"2023-10","SENGKANG","4 ROOM","403D","FERNVALE LANE","01 TO 03",92,"Premium Apartment",2004,"79 years 09 months",490000
"2023-10","SERANGOON","4 ROOM","116","SERANGOON NTH AVE 1","10 TO 12",98,"New Generation",1986,"61 years 04 months",490000
"2023-10","SERANGOON","EXECUTIVE","418","SERANGOON CTRL","01 TO 03",154,"Maisonette",1989,"64 years 09 months",1078888
"2023-10","TAMPINES","4 ROOM","487C","TAMPINES ST 45","10 TO 12",103,"Model A",1990,"65 years 05 months",570000
"2023-10","TAMPINES","4 ROOM","878A","TAMPINES AVE 8","04 TO 06",93,"Model A",2017,"92 years 09 months",640000
"2023-10","TOA PAYOH","2 ROOM","160","LOR 1 TOA PAYOH","04 TO 06",40,"Improved",1972,"47 years 03 months",272000
"2023-10","TOA PAYOH","3 ROOM","116","LOR 2 TOA PAYOH","16 TO 18",62,"Improved",1970,"45 years 03 months",385000
"2023-10","WOODLANDS","3 ROOM","693C","WOODLANDS AVE 6","04 TO 06",68,"Model A",2018,"93 years 11 months",440000
"2023-10","WOODLANDS","5 ROOM","723","WOODLANDS AVE 6","04 TO 06",124,"Improved",1997,"72 years 09 months",610000
"2023-10","YISHUN","3 ROOM","462C","YISHUN AVE 6","10 TO 12",68,"Model A",2019,"94 years 11 months",460000
"2023-10","YISHUN","5 ROOM","224","YISHUN ST 21","10 TO 12",134,"Model A",1985,"60 years 11 months",656000
"2023-10","YISHUN","EXECUTIVE","406","YISHUN AVE 6","07 TO 09",148,"Maisonette",1988,"63 years 11 months",830000
"2023-11","ANG MO KIO","2 ROOM","116","ANG MO KIO AVE 4","07 TO 09",44,"Improved",1978,"53 years 07 months",278000
"2023-11","ANG MO KIO","4 ROOM","344","ANG MO KIO AVE 3","10 TO 12",98,"New Generation",1978,"53 years 06 months",635000
"2023-11","BEDOK","4 ROOM","411","BEDOK NTH AVE 2","10 TO 12",92,"New Generation",1980,"55 years 06 months",530000
"2023-11","BEDOK","5 ROOM","405","BEDOK NTH AVE 3","22 TO 24",118,"Improved",1980,"55 years 09 months",808000
"2023-11","BUKIT BATOK","4 ROOM","440D","BT BATOK WEST AVE 8","07 TO 09",92,"Model A",2019,"94 years 05 months",585000
"2023-11","BUKIT BATOK","4 ROOM","461D","BT BATOK WEST AVE 8","13 TO 15",93,"Model A",2019,"94 years 11 months",645000
"2023-11","BUKIT BATOK","5 ROOM","450B","BT BATOK WEST AVE 6","01 TO 03",113,"Improved",2019,"94 years 04 months",706000
"2023-11","BUKIT BATOK","5 ROOM","103","BT BATOK CTRL","07 TO 09",150,"Model A",1985,"60 years 02 months",820000
"2023-11","BUKIT MERAH","3 ROOM","8","JLN BT HO SWEE","07 TO 09",56,"Standard",1971,"46 years 09 months",320000
"2023-11","BUKIT MERAH","5 ROOM","119C","KIM TIAN RD","25 TO 27",110,"Improved",2003,"78 years 08 months",1e+06
"2023-11","BUKIT PANJANG","EXECUTIVE","181","JELEBU RD","13 TO 15",127,"Premium Apartment",2003,"78 years 06 months",968888
"2023-11","CENTRAL AREA","4 ROOM","663","BUFFALO RD","16 TO 18",82,"Improved",1982,"57 years 06 months",540000
"2023-11","CHOA CHU KANG","3 ROOM","166A","TECK WHYE CRES","10 TO 12",68,"Model A",2015,"90 years 04 months",408000
"2023-11","CHOA CHU KANG","4 ROOM","440","CHOA CHU KANG AVE 4","01 TO 03",106,"Model A",1993,"68 years 08 months",458000
"2023-11","CHOA CHU KANG","4 ROOM","656","CHOA CHU KANG CRES","10 TO 12",100,"Premium Apartment",1999,"74 years 06 months",495000
"2023-11","CHOA CHU KANG","5 ROOM","691A","CHOA CHU KANG CRES","13 TO 15",110,"Improved",2003,"78 years 07 months",568000
"2023-11","CHOA CHU KANG","5 ROOM","159","JLN TECK WHYE","10 TO 12",121,"Improved",1998,"73 years 02 months",630000
"2023-11","CLEMENTI","3 ROOM","334","CLEMENTI AVE 2","01 TO 03",67,"New Generation",1978,"53 years 09 months",370000
"2023-11","CLEMENTI","4 ROOM","507","WEST COAST DR","04 TO 06",83,"New Generation",1978,"53 years 09 months",450000
"2023-11","GEYLANG","3 ROOM","60","CIRCUIT RD","07 TO 09",56,"Standard",1969,"44 years 03 months",328000
"2023-11","HOUGANG","2 ROOM","991A","BUANGKOK LINK","13 TO 15",47,"Model A",2019,"94 years 07 months",351000
"2023-11","HOUGANG","3 ROOM","658","HOUGANG AVE 8","07 TO 09",74,"Model A",1987,"62 years 06 months",406888
"2023-11","HOUGANG","4 ROOM","418","HOUGANG AVE 8","04 TO 06",110,"Model A",1989,"64 years 06 months",560000
"2023-11","HOUGANG","4 ROOM","996A","BUANGKOK CRES","10 TO 12",92,"Model A",2019,"94 years 11 months",6e+05
"2023-11","HOUGANG","4 ROOM","231","HOUGANG ST 21","07 TO 09",109,"Model A",1984,"59 years 11 months",615000
"2023-11","HOUGANG","5 ROOM","955","HOUGANG AVE 9","10 TO 12",116,"Improved",1999,"74 years 05 months",640000
"2023-11","HOUGANG","EXECUTIVE","145","LOR AH SOO","01 TO 03",148,"Maisonette",1984,"59 years 11 months",825000
"2023-11","JURONG EAST","3 ROOM","20","TEBAN GDNS RD","07 TO 09",72,"Model A",2013,"88 years 10 months",425000
"2023-11","PASIR RIS","4 ROOM","514","PASIR RIS ST 52","04 TO 06",106,"Model A",1993,"69 years 02 months",575000
"2023-11","PASIR RIS","EXECUTIVE","503","PASIR RIS ST 52","10 TO 12",146,"Apartment",1993,"69 years 01 month",839888
"2023-11","PUNGGOL","4 ROOM","614A","EDGEFIELD PLAINS","16 TO 18",92,"Model A",2012,"88 years 02 months",625888
"2023-11","PUNGGOL","4 ROOM","614B","EDGEFIELD PLAINS","10 TO 12",92,"Model A",2012,"88 years 02 months",630000
"2023-11","PUNGGOL","5 ROOM","118","EDGEFIELD PLAINS","13 TO 15",112,"Premium Apartment",2003,"78 years 08 months",608000
"2023-11","PUNGGOL","5 ROOM","120B","EDGEDALE PLAINS","04 TO 06",113,"Improved",2017,"92 years 06 months",655000
"2023-11","PUNGGOL","5 ROOM","322C","SUMANG WALK","07 TO 09",116,"Premium Apartment",2019,"94 years 05 months",845000
"2023-11","QUEENSTOWN","5 ROOM","21","HOLLAND DR","07 TO 09",117,"Standard",1975,"50 years 04 months",940000
"2023-11","SEMBAWANG","4 ROOM","104D","CANBERRA ST","07 TO 09",93,"Model A",2018,"93 years 09 months",565000
"2023-11","SENGKANG","3 ROOM","470B","FERNVALE LINK","07 TO 09",68,"Model A",2016,"91 years 11 months",445000
"2023-11","SENGKANG","4 ROOM","294A","COMPASSVALE CRES","13 TO 15",93,"Model A",2016,"92 years",645000
"2023-11","SENGKANG","5 ROOM","157C","RIVERVALE CRES","04 TO 06",109,"Premium Apartment",2003,"78 years 11 months",560000
"2023-11","SENGKANG","EXECUTIVE","298D","COMPASSVALE ST","04 TO 06",134,"Premium Apartment",2001,"76 years 09 months",720888
"2023-11","TAMPINES","4 ROOM","733","TAMPINES ST 71","10 TO 12",103,"Model A",1997,"72 years 08 months",572000
"2023-11","TAMPINES","4 ROOM","814","TAMPINES ST 81","07 TO 09",105,"Model A",1984,"59 years 10 months",615000
"2023-11","TAMPINES","4 ROOM","878A","TAMPINES AVE 8","10 TO 12",93,"Model A",2017,"92 years 08 months",7e+05
"2023-11","TOA PAYOH","4 ROOM","79E","TOA PAYOH CTRL","31 TO 33",91,"Model A",2009,"84 years 06 months",963888
"2023-11","YISHUN","2 ROOM","462B","YISHUN AVE 6","07 TO 09",47,"Model A",2019,"94 years 09 months",310000
"2023-11","YISHUN","3 ROOM","263","YISHUN ST 22","04 TO 06",64,"Simplified",1986,"61 years 08 months",368888
"2023-11","YISHUN","4 ROOM","768","YISHUN AVE 3","01 TO 03",104,"Model A",1985,"60 years 10 months",478000
"2023-12","ANG MO KIO","3 ROOM","576","ANG MO KIO AVE 10","01 TO 03",67,"New Generation",1980,"55 years 02 months",370000
"2023-12","ANG MO KIO","3 ROOM","435","ANG MO KIO AVE 10","07 TO 09",82,"New Generation",1979,"54 years 02 months",395000
"2023-12","ANG MO KIO","3 ROOM","649","ANG MO KIO AVE 5","07 TO 09",75,"New Generation",1980,"56 years",440000
"2023-12","ANG MO KIO","4 ROOM","304","ANG MO KIO AVE 1","07 TO 09",97,"New Generation",1977,"52 years 03 months",630000
"2023-12","BEDOK","3 ROOM","205","BEDOK NTH ST 1","01 TO 03",68,"New Generation",1979,"54 years 09 months",408000
"2023-12","BEDOK","4 ROOM","138","BEDOK NTH ST 2","01 TO 03",92,"New Generation",1978,"53 years 06 months",470000
"2023-12","BEDOK","4 ROOM","187A","BEDOK NTH ST 4","04 TO 06",93,"Model A",2018,"94 years 01 month",715000
"2023-12","BISHAN","4 ROOM","273B","BISHAN ST 24","22 TO 24",95,"DBSS",2011,"86 years 09 months",1050000
"2023-12","BUKIT MERAH","4 ROOM","118D","JLN MEMBINA","28 TO 30",90,"Model A",2003,"78 years 02 months",880000
"2023-12","BUKIT PANJANG","2 ROOM","488","SEGAR RD","10 TO 12",47,"Model A",2014,"90 years",318000
"2023-12","BUKIT PANJANG","EXECUTIVE","468","SEGAR RD","13 TO 15",130,"Premium Apartment",2002,"77 years 08 months",628000
"2023-12","CHOA CHU KANG","5 ROOM","296C","CHOA CHU KANG AVE 2","04 TO 06",120,"Premium Apartment",1999,"74 years 08 months",550888
"2023-12","CHOA CHU KANG","5 ROOM","353","CHOA CHU KANG CTRL","07 TO 09",123,"Improved",1993,"68 years 06 months",662000
"2023-12","CLEMENTI","4 ROOM","454","CLEMENTI AVE 3","13 TO 15",90,"Model A",2002,"78 years",778000
"2023-12","GEYLANG","3 ROOM","1","HAIG RD","13 TO 15",59,"Improved",1982,"58 years",383000
"2023-12","HOUGANG","3 ROOM","20","HOUGANG AVE 3","01 TO 03",73,"New Generation",1978,"53 years 06 months",383000
"2023-12","HOUGANG","4 ROOM","637","HOUGANG AVE 8","04 TO 06",84,"Simplified",1987,"62 years 10 months",470000
"2023-12","HOUGANG","4 ROOM","253","HOUGANG AVE 3","07 TO 09",91,"New Generation",1984,"59 years 11 months",550000
"2023-12","HOUGANG","4 ROOM","921","HOUGANG ST 91","10 TO 12",100,"Model A",1998,"73 years 05 months",580000
"2023-12","JURONG EAST","4 ROOM","316","JURONG EAST ST 32","10 TO 12",105,"Model A",1984,"59 years 09 months",518000
"2023-12","JURONG WEST","3 ROOM","187","BOON LAY AVE","19 TO 21",59,"Improved",1978,"53 years 08 months",295000
"2023-12","JURONG WEST","3 ROOM","210","BOON LAY PL","19 TO 21",65,"Improved",1977,"52 years 11 months",340000
"2023-12","JURONG WEST","3 ROOM","476","JURONG WEST ST 41","04 TO 06",73,"Model A",1984,"59 years 10 months",368000
"2023-12","JURONG WEST","3 ROOM","926","JURONG WEST ST 92","10 TO 12",73,"Model A",1989,"64 years 03 months",380000
"2023-12","JURONG WEST","4 ROOM","429","JURONG WEST AVE 1","01 TO 03",104,"Model A",1985,"60 years 04 months",460000
"2023-12","JURONG WEST","5 ROOM","272D","JURONG WEST ST 24","01 TO 03",112,"Premium Apartment",2003,"78 years 11 months",512000
"2023-12","JURONG WEST","5 ROOM","658B","JURONG WEST ST 65","13 TO 15",110,"Improved",2001,"76 years 05 months",570000
"2023-12","KALLANG/WHAMPOA","4 ROOM","10B","BENDEMEER RD","34 TO 36",93,"Model A",2017,"93 years 01 month",1063000
"2023-12","KALLANG/WHAMPOA","EXECUTIVE","10","JLN BATU","10 TO 12",141,"Apartment",1986,"61 years 02 months",950000
"2023-12","KALLANG/WHAMPOA","EXECUTIVE","106","JLN RAJAH","04 TO 06",150,"Maisonette",1984,"59 years 10 months",985000
"2023-12","MARINE PARADE","3 ROOM","65","MARINE DR","13 TO 15",65,"Improved",1976,"51 years 04 months",450000
"2023-12","MARINE PARADE","4 ROOM","19","MARINE TER","04 TO 06",88,"Improved",1975,"50 years 02 months",505000
"2023-12","PASIR RIS","5 ROOM","707","PASIR RIS DR 10","01 TO 03",124,"Improved",1996,"71 years 02 months",648000
"2023-12","PASIR RIS","5 ROOM","515","PASIR RIS ST 52","04 TO 06",125,"Improved",1993,"69 years 01 month",680000
"2023-12","PUNGGOL","4 ROOM","671A","EDGEFIELD PLAINS","04 TO 06",90,"Model A",2015,"91 years 01 month",536000
"2023-12","PUNGGOL","4 ROOM","632B","PUNGGOL DR","07 TO 09",92,"Premium Apartment",2007,"83 years 01 month",560000
"2023-12","PUNGGOL","4 ROOM","658B","PUNGGOL EAST","04 TO 06",93,"Model A",2018,"94 years",575000
"2023-12","PUNGGOL","4 ROOM","671A","EDGEFIELD PLAINS","13 TO 15",90,"Model A",2015,"91 years 01 month",598000
"2023-12","PUNGGOL","4 ROOM","668B","EDGEFIELD PLAINS","07 TO 09",93,"Premium Apartment",2016,"91 years 07 months",610000
"2023-12","QUEENSTOWN","3 ROOM","5","GHIM MOH RD","10 TO 12",65,"Improved",1976,"51 years 08 months",395000
"2023-12","SEMBAWANG","3 ROOM","129B","CANBERRA ST","07 TO 09",68,"Model A",2018,"93 years 11 months",488000
"2023-12","SEMBAWANG","4 ROOM","104C","CANBERRA ST","04 TO 06",93,"Model A",2018,"93 years 07 months",530000
"2023-12","SEMBAWANG","4 ROOM","119A","CANBERRA CRES","04 TO 06",93,"Model A",2018,"93 years 03 months",6e+05
"2023-12","SEMBAWANG","EXECUTIVE","336","SEMBAWANG CRES","01 TO 03",136,"Apartment",1999,"74 years 08 months",660000
"2023-12","SENGKANG","4 ROOM","202","COMPASSVALE DR","13 TO 15",85,"Model A2",2001,"76 years 08 months",538000
"2023-12","SENGKANG","5 ROOM","274B","COMPASSVALE BOW","10 TO 12",113,"Improved",2017,"92 years 11 months",857000
"2023-12","SERANGOON","4 ROOM","201","SERANGOON CTRL","10 TO 12",84,"Simplified",1985,"61 years",718000
"2023-12","TAMPINES","3 ROOM","206","TAMPINES ST 21","07 TO 09",75,"Model A",1982,"57 years 10 months",430000
"2023-12","TAMPINES","5 ROOM","486B","TAMPINES AVE 9","04 TO 06",124,"Improved",1993,"68 years 10 months",695000
"2023-12","TOA PAYOH","5 ROOM","139B","LOR 1A TOA PAYOH","16 TO 18",113,"DBSS",2012,"87 years 06 months",1228000
"2023-12","WOODLANDS","4 ROOM","627","WOODLANDS AVE 6","10 TO 12",90,"Model A2",1998,"73 years 09 months",495000
"2023-12","WOODLANDS","4 ROOM","694C","WOODLANDS DR 62","04 TO 06",92,"Model A",2018,"93 years 10 months",555000
"2023-12","WOODLANDS","4 ROOM","363","WOODLANDS AVE 5","07 TO 09",105,"Model A",1996,"72 years",572000
"2023-12","YISHUN","3 ROOM","123","YISHUN ST 11","01 TO 03",68,"New Generation",1985,"60 years 07 months",370000
"2024-01","ANG MO KIO","3 ROOM","549","ANG MO KIO AVE 10","04 TO 06",68,"New Generation",1981,"56 years",370000
"2024-01","ANG MO KIO","4 ROOM","118","ANG MO KIO AVE 4","07 TO 09",90,"New Generation",1978,"53 years 06 months",470000
"2024-01","ANG MO KIO","4 ROOM","636","ANG MO KIO AVE 6","07 TO 09",91,"New Generation",1980,"55 years 07 months",516300
"2024-01","ANG MO KIO","4 ROOM","455A","ANG MO KIO ST 44","13 TO 15",93,"Model A",2018,"93 years 03 months",920000
"2024-01","BEDOK","3 ROOM","210","NEW UPP CHANGI RD","01 TO 03",68,"New Generation",1980,"55 years 02 months",440800
"2024-01","BISHAN","4 ROOM","131","BISHAN ST 12","04 TO 06",84,"Simplified",1986,"61 years 01 month",605000
"2024-01","BUKIT BATOK","3 ROOM","368","BT BATOK ST 31","10 TO 12",68,"New Generation",1987,"62 years 01 month",383000
"2024-01","BUKIT BATOK","4 ROOM","212","BT BATOK ST 21","07 TO 09",99,"New Generation",1985,"60 years 08 months",505000
"2024-01","BUKIT BATOK","4 ROOM","384","BT BATOK WEST AVE 5","25 TO 27",90,"Model A",2005,"80 years",530000
"2024-01","BUKIT MERAH","4 ROOM","27A","JLN MEMBINA","07 TO 09",90,"Model A",2008,"84 years 01 month",870000
"2024-01","BUKIT MERAH","5 ROOM","131B","KIM TIAN RD","19 TO 21",110,"Improved",2002,"77 years 02 months",988888
"2024-01","BUKIT MERAH","5 ROOM","110","SPOTTISWOODE PK RD","19 TO 21",121,"Standard",1979,"54 years 10 months",860000
"2024-01","BUKIT PANJANG","4 ROOM","457","SEGAR RD","07 TO 09",93,"Premium Apartment",2012,"87 years 11 months",552000
"2024-01","BUKIT TIMAH","5 ROOM","5","FARRER RD","10 TO 12",120,"Standard",1974,"49 years 04 months",955000
"2024-01","CHOA CHU KANG","4 ROOM","564","CHOA CHU KANG ST 52","10 TO 12",111,"Model A",1995,"71 years",568000
"2024-01","CHOA CHU KANG","EXECUTIVE","453","CHOA CHU KANG AVE 4","10 TO 12",142,"Premium Apartment",2000,"75 years 02 months",707000
"2024-01","CLEMENTI","4 ROOM","202","CLEMENTI AVE 6","07 TO 09",94,"New Generation",1985,"60 years",585000
"2024-01","GEYLANG","3 ROOM","93","PAYA LEBAR WAY","10 TO 12",58,"Improved",1972,"47 years 08 months",305000
"2024-01","HOUGANG","3 ROOM","321","HOUGANG AVE 5","07 TO 09",67,"New Generation",1983,"58 years 02 months",382000
"2024-01","HOUGANG","4 ROOM","997C","BUANGKOK CRES","13 TO 15",93,"Model A",2018,"93 years 10 months",610000
"2024-01","HOUGANG","4 ROOM","996C","BUANGKOK CRES","07 TO 09",93,"Model A",2019,"94 years 08 months",630000
"2024-01","HOUGANG","4 ROOM","611","HOUGANG AVE 8","07 TO 09",84,"Simplified",1986,"61 years",480000
"2024-01","HOUGANG","4 ROOM","835","HOUGANG CTRL","07 TO 09",110,"Model A",1992,"67 years 09 months",620000
"2024-01","HOUGANG","5 ROOM","997B","BUANGKOK CRES","10 TO 12",113,"Improved",2018,"93 years 11 months",730000
"2024-01","HOUGANG","5 ROOM","627","HOUGANG AVE 8","04 TO 06",122,"Improved",1986,"61 years 07 months",575000
"2024-01","HOUGANG","5 ROOM","477A","UPP SERANGOON VIEW","04 TO 06",112,"Premium Apartment",2016,"91 years 03 months",830888
"2024-01","JURONG WEST","3 ROOM","929","JURONG WEST ST 92","07 TO 09",73,"Model A",1989,"64 years 01 month",380000
"2024-01","JURONG WEST","4 ROOM","826","JURONG WEST ST 81","07 TO 09",104,"Model A",1990,"65 years 04 months",470000
"2024-01","JURONG WEST","EXECUTIVE","472","JURONG WEST ST 41","13 TO 15",151,"Maisonette",1985,"60 years 09 months",895000
"2024-01","KALLANG/WHAMPOA","3 ROOM","684","RACE COURSE RD","01 TO 03",63,"Simplified",1986,"61 years 01 month",440000
"2024-01","PASIR RIS","4 ROOM","481","PASIR RIS DR 4","07 TO 09",107,"Model A",1992,"68 years",545000
"2024-01","PASIR RIS","4 ROOM","514","PASIR RIS ST 52","07 TO 09",104,"Model A",1993,"69 years",605000
"2024-01","PASIR RIS","4 ROOM","722","PASIR RIS ST 72","04 TO 06",115,"Model A",1996,"71 years 06 months",615000
"2024-01","PASIR RIS","5 ROOM","706","PASIR RIS DR 10","01 TO 03",126,"Improved",1996,"71 years 02 months",640000
"2024-01","PUNGGOL","3 ROOM","659B","PUNGGOL EAST","16 TO 18",68,"Model A",2018,"94 years",5e+05
"2024-01","PUNGGOL","4 ROOM","308C","PUNGGOL WALK","01 TO 03",92,"Premium Apartment",2016,"91 years 03 months",590000
"2024-01","PUNGGOL","5 ROOM","103A","EDGEFIELD PLAINS","13 TO 15",110,"Improved",2003,"78 years 05 months",620000
"2024-01","PUNGGOL","5 ROOM","213A","PUNGGOL WALK","10 TO 12",113,"Improved",2015,"90 years 04 months",705000
"2024-01","SEMBAWANG","2 ROOM","128B","CANBERRA ST","13 TO 15",47,"Model A",2018,"93 years 10 months",355000
"2024-01","SEMBAWANG","3 ROOM","363A","SEMBAWANG CRES","10 TO 12",68,"Model A",2019,"94 years 05 months",458000
"2024-01","SEMBAWANG","4 ROOM","469A","ADMIRALTY DR","07 TO 09",102,"Premium Apartment",2001,"76 years 09 months",518000
"2024-01","SEMBAWANG","4 ROOM","357C","ADMIRALTY DR","07 TO 09",95,"Premium Apartment",2001,"76 years 07 months",560000
"2024-01","SEMBAWANG","4 ROOM","104C","CANBERRA ST","04 TO 06",93,"Model A",2018,"93 years 06 months",585000
"2024-01","SENGKANG","4 ROOM","330B","ANCHORVALE ST","13 TO 15",92,"Model A",2015,"90 years 08 months",610000
"2024-01","SENGKANG","4 ROOM","409B","FERNVALE RD","07 TO 09",95,"Premium Apartment",2004,"80 years 01 month",543000
"2024-01","SENGKANG","4 ROOM","410C","FERNVALE RD","04 TO 06",95,"Premium Apartment",2012,"87 years 10 months",585000
"2024-01","SENGKANG","4 ROOM","156","RIVERVALE CRES","01 TO 03",90,"Model A",2005,"81 years",5e+05
"2024-01","SENGKANG","4 ROOM","272B","SENGKANG CTRL","04 TO 06",90,"Premium Apartment",2009,"85 years",720000
"2024-01","SENGKANG","5 ROOM","257C","COMPASSVALE RD","13 TO 15",110,"Improved",2001,"76 years 02 months",733000
"2024-01","SENGKANG","EXECUTIVE","298B","COMPASSVALE ST","10 TO 12",134,"Premium Apartment",2001,"76 years 08 months",775000
"2024-01","SERANGOON","3 ROOM","5","LOR LEW LIAN","10 TO 12",73,"Improved",1978,"53 years 05 months",465000
"2024-01","SERANGOON","EXECUTIVE","318","SERANGOON AVE 2","01 TO 03",156,"Maisonette",1985,"60 years 06 months",1e+06
"2024-01","TAMPINES","3 ROOM","109","TAMPINES ST 11","10 TO 12",74,"Model A",1984,"59 years 09 months",4e+05
"2024-01","TAMPINES","3 ROOM","406","TAMPINES ST 41","04 TO 06",64,"Simplified",1986,"61 years 10 months",435000
"2024-01","TAMPINES","3 ROOM","820","TAMPINES ST 81","01 TO 03",68,"New Generation",1984,"59 years 08 months",418000
"2024-01","TAMPINES","4 ROOM","605C","TAMPINES ST 61","07 TO 09",92,"Model A",2020,"95 years 01 month",722888
"2024-01","TAMPINES","4 ROOM","843","TAMPINES ST 83","01 TO 03",84,"Simplified",1988,"63 years",5e+05
"2024-01","TAMPINES","5 ROOM","519B","TAMPINES CTRL 8","07 TO 09",108,"DBSS",2014,"89 years 06 months",980000
"2024-01","TAMPINES","5 ROOM","127","TAMPINES ST 11","10 TO 12",133,"Model A",1985,"60 years 10 months",712000
"2024-01","TOA PAYOH","3 ROOM","107","LOR 1 TOA PAYOH","07 TO 09",67,"Improved",1970,"45 years 01 month",365000
"2024-01","TOA PAYOH","3 ROOM","174","LOR 1 TOA PAYOH","07 TO 09",65,"Improved",1972,"47 years 07 months",338000
"2024-01","TOA PAYOH","3 ROOM","102","POTONG PASIR AVE 1","01 TO 03",74,"Model A",1984,"59 years 03 months",504000
"2024-01","WOODLANDS","2 ROOM","182A","WOODLANDS ST 13","22 TO 24",38,"Model A",2019,"94 years 11 months",360000
"2024-01","WOODLANDS","4 ROOM","8","MARSILING DR","10 TO 12",88,"Improved",1976,"51 years",380000
"2024-01","WOODLANDS","4 ROOM","366","WOODLANDS AVE 5","01 TO 03",105,"Model A",1996,"71 years 07 months",555000
"2024-01","WOODLANDS","4 ROOM","171","WOODLANDS ST 11","04 TO 06",96,"New Generation",1985,"61 years",472000
"2024-01","WOODLANDS","4 ROOM","424","WOODLANDS ST 41","01 TO 03",100,"Model A",1997,"72 years 04 months",5e+05
"2024-01","WOODLANDS","5 ROOM","184A","WOODLANDS ST 13","01 TO 03",113,"Improved",2019,"94 years 10 months",708000
"2024-01","YISHUN","3 ROOM","513A","YISHUN ST 51","04 TO 06",68,"Model A",2018,"93 years 02 months",500888
"2024-01","YISHUN","4 ROOM","449","YISHUN RING RD","04 TO 06",92,"Model A",2012,"87 years 08 months",536000
"2024-01","YISHUN","4 ROOM","110","YISHUN RING RD","04 TO 06",84,"Simplified",1986,"61 years 02 months",420000
"2024-01","YISHUN","4 ROOM","272","YISHUN ST 22","04 TO 06",84,"Simplified",1987,"62 years 04 months",432000
"2024-01","YISHUN","4 ROOM","469B","YISHUN ST 43","01 TO 03",93,"Model A",2019,"94 years 10 months",535000
"2024-01","YISHUN","4 ROOM","757","YISHUN ST 72","10 TO 12",84,"Simplified",1986,"61 years 11 months",488000
"2024-01","YISHUN","5 ROOM","733","YISHUN AVE 5","04 TO 06",121,"Improved",1984,"59 years 09 months",588888
"2024-02","ANG MO KIO","3 ROOM","448","ANG MO KIO AVE 10","04 TO 06",68,"New Generation",1979,"54 years 05 months",385000
"2024-02","ANG MO KIO","4 ROOM","631","ANG MO KIO AVE 4","04 TO 06",93,"New Generation",1985,"59 years 11 months",5e+05
"2024-02","ANG MO KIO","4 ROOM","636","ANG MO KIO AVE 6","10 TO 12",91,"New Generation",1980,"55 years 05 months",520000
"2024-02","BISHAN","5 ROOM","140","BISHAN ST 12","07 TO 09",123,"Improved",1988,"63 years 07 months",850000
"2024-02","BUKIT BATOK","2 ROOM","435B","BT BATOK WEST AVE 5","13 TO 15",47,"Model A",2020,"95 years",365000
"2024-02","BUKIT BATOK","3 ROOM","230","BT BATOK EAST AVE 3","07 TO 09",67,"New Generation",1985,"60 years 09 months",385888
"2024-02","BUKIT BATOK","4 ROOM","209","BT BATOK ST 21","10 TO 12",104,"Model A",1985,"60 years 01 month",570000
"2024-02","BUKIT BATOK","4 ROOM","363","BT BATOK ST 31","10 TO 12",94,"New Generation",1987,"62 years 09 months",540888
"2024-02","BUKIT BATOK","4 ROOM","511","BT BATOK ST 52","07 TO 09",84,"Simplified",1986,"61 years 09 months",465000
"2024-02","BUKIT BATOK","4 ROOM","435B","BT BATOK WEST AVE 5","04 TO 06",93,"Model A",2020,"95 years 01 month",570000
"2024-02","BUKIT BATOK","5 ROOM","293A","BT BATOK ST 21","07 TO 09",113,"Improved",2019,"94 years",845000
"2024-02","BUKIT MERAH","4 ROOM","6B","BOON TIONG RD","16 TO 18",100,"Model A",2005,"80 years 09 months",965000
"2024-02","BUKIT MERAH","4 ROOM","118B","JLN MEMBINA","16 TO 18",85,"Model A",2003,"77 years 11 months",795000
"2024-02","BUKIT MERAH","5 ROOM","112B","DEPOT RD","07 TO 09",116,"Improved",2006,"81 years 01 month",855000
"2024-02","BUKIT PANJANG","3 ROOM","249","BANGKIT RD","01 TO 03",73,"Model A",1989,"64 years",380000
"2024-02","BUKIT PANJANG","4 ROOM","461","SEGAR RD","16 TO 18",93,"Premium Apartment",2015,"90 years 07 months",575000
"2024-02","BUKIT PANJANG","5 ROOM","604","SENJA RD","13 TO 15",120,"Improved",1999,"74 years 04 months",795000
"2024-02","BUKIT TIMAH","5 ROOM","11","TOH YI DR","07 TO 09",122,"Improved",1989,"64 years 05 months",1102888
"2024-02","CHOA CHU KANG","4 ROOM","404","CHOA CHU KANG AVE 3","07 TO 09",104,"Model A",1993,"68 years 06 months",5e+05
"2024-02","CLEMENTI","3 ROOM","312B","CLEMENTI AVE 4","07 TO 09",69,"Model A",2017,"92 years 06 months",6e+05
"2024-02","GEYLANG","2 ROOM","51","CIRCUIT RD","07 TO 09",42,"Standard",1969,"44 years",246000
"2024-02","GEYLANG","2 ROOM","39","CIRCUIT RD","04 TO 06",47,"Standard",1971,"46 years",279000
"2024-02","HOUGANG","3 ROOM","986A","BUANGKOK CRES","04 TO 06",67,"Model A",2012,"87 years 04 months",440000
"2024-02","HOUGANG","5 ROOM","616","HOUGANG AVE 8","01 TO 03",121,"Improved",1986,"61 years 07 months",610000
"2024-02","JURONG EAST","3 ROOM","261","JURONG EAST ST 24","07 TO 09",67,"New Generation",1983,"58 years 02 months",355000
"2024-02","JURONG EAST","3 ROOM","412","PANDAN GDNS","04 TO 06",72,"Improved",1979,"54 years 03 months",328800
"2024-02","JURONG WEST","4 ROOM","140C","CORPORATION DR","01 TO 03",93,"Model A",2019,"94 years 05 months",535000
"2024-02","JURONG WEST","4 ROOM","975","JURONG WEST ST 93","01 TO 03",104,"Model A",1989,"64 years 08 months",458800
"2024-02","JURONG WEST","5 ROOM","273B","JURONG WEST AVE 3","10 TO 12",111,"Improved",2001,"76 years 11 months",558000
"2024-02","JURONG WEST","5 ROOM","667B","JURONG WEST ST 65","01 TO 03",110,"Improved",2000,"75 years 06 months",515000
"2024-02","JURONG WEST","5 ROOM","811","JURONG WEST ST 81","01 TO 03",127,"Improved",1993,"68 years 10 months",549000
"2024-02","JURONG WEST","5 ROOM","166A","YUNG KUANG RD","16 TO 18",113,"Improved",2018,"93 years 08 months",750000
"2024-02","KALLANG/WHAMPOA","3 ROOM","2","BEACH RD","13 TO 15",68,"Improved",1979,"54 years 09 months",420000
"2024-02","KALLANG/WHAMPOA","3 ROOM","63","KALLANG BAHRU","04 TO 06",65,"Improved",1974,"49 years",340000
"2024-02","PUNGGOL","4 ROOM","615B","EDGEFIELD PLAINS","07 TO 09",92,"Model A",2012,"87 years 11 months",638000
"2024-02","PUNGGOL","4 ROOM","308C","PUNGGOL WALK","13 TO 15",92,"Premium Apartment",2016,"91 years 01 month",738000
"2024-02","PUNGGOL","5 ROOM","310C","PUNGGOL WALK","04 TO 06",112,"Premium Apartment",2016,"91 years 04 months",750588
"2024-02","PUNGGOL","5 ROOM","227A","SUMANG LANE","04 TO 06",114,"Premium Apartment",2018,"93 years 02 months",750000
"2024-02","QUEENSTOWN","3 ROOM","168","STIRLING RD","01 TO 03",60,"Improved",1971,"46 years 01 month",3e+05
"2024-02","QUEENSTOWN","4 ROOM","13","HOLLAND DR","07 TO 09",88,"Improved",1975,"50 years",655000
"2024-02","SEMBAWANG","3 ROOM","116A","CANBERRA CRES","01 TO 03",68,"Model A",2020,"95 years 04 months",485000
"2024-02","SEMBAWANG","4 ROOM","107B","CANBERRA ST","04 TO 06",93,"Model A",2018,"93 years 06 months",575000
"2024-02","SEMBAWANG","4 ROOM","115D","CANBERRA WALK","04 TO 06",93,"Model A",2018,"93 years 06 months",620000
"2024-02","SEMBAWANG","4 ROOM","362C","SEMBAWANG CRES","01 TO 03",93,"Model A",2019,"94 years 04 months",550000
"2024-02","SENGKANG","4 ROOM","406C","FERNVALE RD","07 TO 09",90,"Premium Apartment",2004,"79 years 10 months",520000
"2024-02","SENGKANG","5 ROOM","297B","COMPASSVALE ST","13 TO 15",122,"Premium Apartment",2001,"76 years 07 months",640000
"2024-02","SENGKANG","5 ROOM","117C","RIVERVALE DR","07 TO 09",115,"Improved",2000,"75 years 05 months",590000
"2024-02","SENGKANG","EXECUTIVE","143","RIVERVALE DR","10 TO 12",140,"Apartment",1999,"74 years 11 months",828000
"2024-02","TAMPINES","4 ROOM","491D","TAMPINES ST 45","10 TO 12",103,"Model A",1993,"68 years 06 months",580000
"2024-02","TAMPINES","5 ROOM","871","TAMPINES ST 84","01 TO 03",121,"Improved",1988,"63 years 09 months",645000
"2024-02","WOODLANDS","3 ROOM","180B","MARSILING RD","04 TO 06",67,"Model A",2015,"90 years 06 months",430000
"2024-02","WOODLANDS","3 ROOM","784C","WOODLANDS RISE","04 TO 06",68,"Model A",2018,"93 years 06 months",440888
"2024-02","WOODLANDS","4 ROOM","649","WOODLANDS RING RD","07 TO 09",100,"Model A",1998,"73 years 06 months",560000
"2024-02","WOODLANDS","EXECUTIVE","867","WOODLANDS ST 83","07 TO 09",145,"Apartment",1996,"71 years 01 month",8e+05
"2024-02","YISHUN","4 ROOM","311","YISHUN RING RD","10 TO 12",84,"Simplified",1987,"62 years 03 months",435000
"2024-03","ANG MO KIO","3 ROOM","202","ANG MO KIO AVE 3","07 TO 09",67,"New Generation",1977,"52 years 02 months",420000
"2024-03","ANG MO KIO","3 ROOM","170","ANG MO KIO AVE 4","10 TO 12",69,"Improved",1986,"60 years 10 months",470000
"2024-03","ANG MO KIO","4 ROOM","588A","ANG MO KIO ST 52","16 TO 18",90,"DBSS",2011,"86 years 06 months",910000
"2024-03","BEDOK","5 ROOM","605","BEDOK RESERVOIR RD","10 TO 12",121,"Improved",1982,"57 years 03 months",618888
"2024-03","BISHAN","5 ROOM","290","BISHAN ST 24","19 TO 21",123,"Premium Apartment",1998,"73 years 04 months",1030888
"2024-03","BUKIT BATOK","4 ROOM","210","BT BATOK ST 21","13 TO 15",104,"Model A",1985,"60 years 03 months",550000
"2024-03","BUKIT BATOK","4 ROOM","437A","BT BATOK WEST AVE 5","10 TO 12",93,"Model A",2020,"95 years",626000
"2024-03","BUKIT BATOK","5 ROOM","201","BT BATOK ST 21","22 TO 24",133,"Model A",1985,"60 years 05 months",780000
"2024-03","BUKIT MERAH","2 ROOM","48","LOWER DELTA RD","04 TO 06",43,"Standard",1970,"45 years 01 month",262888
"2024-03","BUKIT PANJANG","3 ROOM","137","PETIR RD","01 TO 03",73,"Model A",1989,"64 years 05 months",390000
"2024-03","BUKIT PANJANG","5 ROOM","522","JELAPANG RD","07 TO 09",120,"Improved",1998,"73 years 06 months",622000
"2024-03","BUKIT PANJANG","EXECUTIVE","138","PETIR RD","01 TO 03",150,"Maisonette",1989,"64 years 02 months",8e+05
"2024-03","CENTRAL AREA","3 ROOM","538","UPP CROSS ST","10 TO 12",68,"Improved",1978,"53 years 09 months",522000
"2024-03","CHOA CHU KANG","4 ROOM","297","CHOA CHU KANG AVE 2","04 TO 06",101,"Premium Apartment",1999,"74 years 04 months",480000
"2024-03","CHOA CHU KANG","4 ROOM","123","TECK WHYE LANE","07 TO 09",104,"Model A",1989,"64 years 02 months",489000
"2024-03","CHOA CHU KANG","5 ROOM","810A","CHOA CHU KANG AVE 7","04 TO 06",113,"Improved",2017,"92 years 09 months",6e+05
"2024-03","CHOA CHU KANG","5 ROOM","769","CHOA CHU KANG ST 54","13 TO 15",121,"Improved",1996,"71 years 08 months",628000
"2024-03","HOUGANG","4 ROOM","999B","BUANGKOK CRES","16 TO 18",93,"Model A",2019,"94 years 09 months",655600
"2024-03","HOUGANG","4 ROOM","165","HOUGANG AVE 1","01 TO 03",92,"Model A2",1997,"72 years 09 months",508000
"2024-03","HOUGANG","5 ROOM","979A","BUANGKOK CRES","13 TO 15",110,"Improved",2003,"78 years 05 months",625800
"2024-03","JURONG EAST","2 ROOM","372","JURONG EAST ST 32","13 TO 15",44,"2-room",2014,"89 years",338000
"2024-03","JURONG EAST","4 ROOM","275","TOH GUAN RD","01 TO 03",90,"Model A2",1998,"73 years 08 months",460000
"2024-03","JURONG EAST","5 ROOM","219A","JURONG EAST ST 21","07 TO 09",118,"Improved",1985,"60 years 02 months",710000
"2024-03","JURONG WEST","3 ROOM","936","JURONG WEST ST 91","10 TO 12",73,"Model A",1989,"64 years 02 months",383000
"2024-03","JURONG WEST","4 ROOM","527","JURONG WEST ST 52","10 TO 12",94,"New Generation",1983,"58 years 06 months",486888
"2024-03","JURONG WEST","5 ROOM","601","JURONG WEST ST 62","07 TO 09",113,"Premium Apartment",2001,"75 years 11 months",636000
"2024-03","JURONG WEST","EXECUTIVE","628","JURONG WEST ST 65","10 TO 12",130,"Apartment",2001,"76 years 06 months",716888
"2024-03","KALLANG/WHAMPOA","3 ROOM","108","MCNAIR RD","04 TO 06",64,"Simplified",1987,"62 years 05 months",490000
"2024-03","KALLANG/WHAMPOA","3 ROOM","14","ST. GEORGE'S RD","01 TO 03",82,"New Generation",1984,"59 years 08 months",471000
"2024-03","KALLANG/WHAMPOA","4 ROOM","108C","MCNAIR RD","04 TO 06",95,"Model A",2005,"79 years 11 months",865000
"2024-03","PUNGGOL","4 ROOM","210B","PUNGGOL PL","16 TO 18",92,"Model A",2014,"89 years 10 months",635000
"2024-03","QUEENSTOWN","3 ROOM","18A","HOLLAND DR","04 TO 06",67,"Model A",2012,"87 years 08 months",655000
"2024-03","QUEENSTOWN","4 ROOM","58","STRATHMORE AVE","16 TO 18",96,"Model A",2000,"75 years 08 months",9e+05
"2024-03","SEMBAWANG","4 ROOM","508B","WELLINGTON CIRCLE","04 TO 06",90,"Model A",2004,"79 years 06 months",5e+05
"2024-03","SEMBAWANG","5 ROOM","419","CANBERRA RD","07 TO 09",110,"Improved",2001,"76 years 02 months",555000
"2024-03","SENGKANG","5 ROOM","336B","ANCHORVALE CRES","04 TO 06",112,"Premium Apartment",2015,"90 years 10 months",740000
"2024-03","SERANGOON","4 ROOM","232","SERANGOON AVE 3","04 TO 06",104,"Model A",1985,"60 years 04 months",663000
"2024-03","TAMPINES","3 ROOM","403","TAMPINES ST 41","01 TO 03",69,"Improved",1985,"60 years 08 months",390000
"2024-03","TAMPINES","4 ROOM","247","TAMPINES ST 21","04 TO 06",91,"New Generation",1984,"59 years 02 months",567000
"2024-03","TAMPINES","4 ROOM","606A","TAMPINES ST 61","07 TO 09",92,"Model A",2020,"95 years 01 month",705000
"2024-03","TAMPINES","4 ROOM","605C","TAMPINES ST 61","07 TO 09",92,"Model A",2020,"95 years",748000
"2024-03","TAMPINES","4 ROOM","605C","TAMPINES ST 61","13 TO 15",92,"Model A",2020,"95 years",730000
"2024-03","TAMPINES","4 ROOM","866","TAMPINES ST 83","10 TO 12",106,"Model A",1989,"64 years 03 months",585000
"2024-03","TAMPINES","EXECUTIVE","146","TAMPINES AVE 5","04 TO 06",142,"Apartment",1985,"60 years 02 months",905000
"2024-03","TOA PAYOH","3 ROOM","17","LOR 7 TOA PAYOH","10 TO 12",67,"Improved",1971,"45 years 11 months",378000
"2024-03","TOA PAYOH","3 ROOM","143","POTONG PASIR AVE 2","01 TO 03",74,"Model A",1984,"59 years 05 months",490000
"2024-03","TOA PAYOH","3 ROOM","25","TOA PAYOH EAST","04 TO 06",67,"Improved",1971,"46 years",325000
"2024-03","TOA PAYOH","4 ROOM","146","LOR 2 TOA PAYOH","04 TO 06",91,"Model A",2006,"80 years 10 months",846500
"2024-03","WOODLANDS","4 ROOM","605","WOODLANDS DR 42","07 TO 09",101,"Model A2",1997,"72 years 03 months",508000
"2024-03","WOODLANDS","4 ROOM","604","WOODLANDS DR 42","07 TO 09",92,"Model A2",1997,"72 years 03 months",5e+05
"2024-03","WOODLANDS","4 ROOM","554","WOODLANDS DR 53","04 TO 06",90,"Model A2",1999,"74 years 10 months",465000
"2024-03","YISHUN","4 ROOM","303","YISHUN CTRL","10 TO 12",104,"Model A",1988,"63 years 09 months",535000
"2024-04","ANG MO KIO","3 ROOM","445","ANG MO KIO AVE 10","01 TO 03",67,"New Generation",1979,"54 years 05 months",380000
"2024-04","ANG MO KIO","3 ROOM","172","ANG MO KIO AVE 4","01 TO 03",60,"Improved",1986,"61 years 02 months",333000
"2024-04","ANG MO KIO","4 ROOM","337","ANG MO KIO AVE 1","13 TO 15",92,"New Generation",1982,"56 years 11 months",522888
"2024-04","ANG MO KIO","4 ROOM","134","ANG MO KIO AVE 3","01 TO 03",98,"New Generation",1978,"53 years 06 months",571000
"2024-04","ANG MO KIO","EXECUTIVE","616","ANG MO KIO AVE 4","04 TO 06",148,"Maisonette",1996,"71 years 02 months",970000
"2024-04","BEDOK","3 ROOM","116","BEDOK NTH RD","04 TO 06",73,"New Generation",1978,"53 years 02 months",409999
"2024-04","BEDOK","3 ROOM","534","BEDOK NTH ST 3","07 TO 09",60,"Improved",1986,"61 years",360000
"2024-04","BEDOK","3 ROOM","45","CHAI CHEE ST","10 TO 12",68,"New Generation",1980,"55 years 02 months",358888
"2024-04","BEDOK","4 ROOM","626","BEDOK RESERVOIR RD","10 TO 12",91,"New Generation",1981,"56 years 01 month",536000
"2024-04","BEDOK","4 ROOM","122","BEDOK RESERVOIR RD","04 TO 06",84,"Simplified",1987,"62 years 02 months",535888
"2024-04","BISHAN","4 ROOM","215","BISHAN ST 23","07 TO 09",105,"Model A",1992,"67 years 01 month",750000
"2024-04","BUKIT BATOK","4 ROOM","461B","BT BATOK WEST AVE 8","07 TO 09",93,"Model A",2019,"94 years 06 months",620000
"2024-04","BUKIT BATOK","5 ROOM","440C","BT BATOK WEST AVE 8","01 TO 03",112,"Improved",2019,"94 years",690000
"2024-04","BUKIT MERAH","3 ROOM","32","TELOK BLANGAH RISE","13 TO 15",70,"Improved",1976,"51 years 02 months",376888
"2024-04","BUKIT MERAH","4 ROOM","127D","KIM TIAN RD","01 TO 03",88,"Model A",2013,"88 years",845000
"2024-04","BUKIT MERAH","5 ROOM","69","REDHILL CL","04 TO 06",115,"Improved",2001,"75 years 11 months",926666
"2024-04","BUKIT PANJANG","4 ROOM","450","BT PANJANG RING RD","04 TO 06",101,"Model A",1997,"72 years 04 months",510000
"2024-04","BUKIT PANJANG","5 ROOM","622","SENJA RD","19 TO 21",112,"Improved",2001,"76 years 09 months",690000
"2024-04","CHOA CHU KANG","4 ROOM","286","CHOA CHU KANG AVE 3","13 TO 15",104,"Model A",1993,"68 years 03 months",520000
"2024-04","CHOA CHU KANG","4 ROOM","210","CHOA CHU KANG CTRL","10 TO 12",104,"Model A",1990,"64 years 11 months",560000
"2024-04","CHOA CHU KANG","4 ROOM","640","CHOA CHU KANG ST 64","10 TO 12",100,"Premium Apartment",1998,"72 years 09 months",565000
"2024-04","CHOA CHU KANG","4 ROOM","805C","KEAT HONG CL","10 TO 12",93,"Model A",2017,"92 years 02 months",556000
"2024-04","GEYLANG","3 ROOM","9","HAIG RD","10 TO 12",59,"Improved",1976,"51 years 03 months",388000
"2024-04","HOUGANG","3 ROOM","998B","BUANGKOK CRES","04 TO 06",68,"Model A",2019,"94 years 09 months",448000
"2024-04","HOUGANG","4 ROOM","992A","BUANGKOK LINK","07 TO 09",93,"Model A",2019,"94 years 03 months",615000
"2024-04","HOUGANG","4 ROOM","537","HOUGANG ST 52","16 TO 18",116,"Model A",1992,"67 years 06 months",656000
"2024-04","HOUGANG","4 ROOM","365C","UPP SERANGOON RD","16 TO 18",92,"Model A",2018,"92 years 11 months",820000
"2024-04","JURONG EAST","EXECUTIVE","285C","TOH GUAN RD","07 TO 09",145,"Maisonette",1998,"73 years 08 months",1022000
"2024-04","JURONG WEST","4 ROOM","368","CORPORATION DR","04 TO 06",104,"Model A",1997,"72 years 07 months",510000
"2024-04","JURONG WEST","4 ROOM","668C","JURONG WEST ST 64","07 TO 09",90,"Model A2",2000,"75 years 04 months",548000
"2024-04","JURONG WEST","4 ROOM","621","JURONG WEST ST 65","07 TO 09",90,"Model A2",2000,"75 years 08 months",535000
"2024-04","JURONG WEST","4 ROOM","327","TAH CHING RD","13 TO 15",103,"Model A",1997,"72 years 05 months",503000
"2024-04","JURONG WEST","EXECUTIVE","405","JURONG WEST ST 42","10 TO 12",150,"Maisonette",1985,"60 years 05 months",698000
"2024-04","JURONG WEST","EXECUTIVE","912","JURONG WEST ST 91","01 TO 03",146,"Maisonette",1988,"63 years 07 months",690000
"2024-04","MARINE PARADE","4 ROOM","45","MARINE CRES","07 TO 09",88,"Improved",1975,"50 years 01 month",580000
"2024-04","PASIR RIS","EXECUTIVE","710","PASIR RIS ST 72","13 TO 15",148,"Apartment",1996,"71 years 03 months",920000
"2024-04","PUNGGOL","2 ROOM","623A","PUNGGOL CTRL","16 TO 18",46,"Model A",2014,"89 years 01 month",360000
"2024-04","PUNGGOL","3 ROOM","120A","EDGEDALE PLAINS","16 TO 18",67,"Model A",2017,"92 years 02 months",491000
"2024-04","PUNGGOL","4 ROOM","117","EDGEFIELD PLAINS","04 TO 06",95,"Premium Apartment",2003,"78 years 03 months",530000
"2024-04","PUNGGOL","4 ROOM","234A","SUMANG LANE","04 TO 06",93,"Model A",2018,"93 years 07 months",588000
"2024-04","SEMBAWANG","4 ROOM","314","SEMBAWANG DR","01 TO 03",90,"Model A2",1999,"73 years 11 months",485000
"2024-04","SENGKANG","4 ROOM","336A","ANCHORVALE CRES","04 TO 06",92,"Premium Apartment",2015,"90 years 09 months",6e+05
"2024-04","SENGKANG","5 ROOM","291B","COMPASSVALE ST","04 TO 06",110,"Improved",2002,"76 years 10 months",590888
"2024-04","SENGKANG","5 ROOM","430A","FERNVALE LINK","19 TO 21",115,"Improved",2015,"90 years 02 months",760000
"2024-04","TAMPINES","5 ROOM","256","SIMEI ST 1","04 TO 06",119,"Improved",1996,"71 years 08 months",770000
"2024-04","TAMPINES","5 ROOM","493C","TAMPINES ST 43","04 TO 06",123,"Improved",1993,"68 years 05 months",685000
"2024-04","TOA PAYOH","4 ROOM","79A","TOA PAYOH CTRL","31 TO 33",76,"Model A",2009,"84 years 02 months",760000
"2024-04","TOA PAYOH","4 ROOM","202","TOA PAYOH NTH","01 TO 03",87,"Improved",1973,"48 years 04 months",485000
"2024-04","WOODLANDS","2 ROOM","780B","WOODLANDS CRES","16 TO 18",47,"Model A",2015,"90 years 05 months",338000
"2024-04","WOODLANDS","3 ROOM","571C","WOODLANDS AVE 1","04 TO 06",67,"Model A",2013,"88 years 08 months",467000
"2024-04","WOODLANDS","4 ROOM","570C","WOODLANDS AVE 1","04 TO 06",92,"Model A",2013,"88 years 08 months",578000
"2024-04","WOODLANDS","4 ROOM","688A","WOODLANDS DR 75","16 TO 18",90,"Premium Apartment",2004,"78 years 09 months",525000
"2024-04","WOODLANDS","5 ROOM","783C","WOODLANDS RISE","04 TO 06",113,"Improved",2018,"93 years 05 months",630000
"2024-04","WOODLANDS","EXECUTIVE","652","WOODLANDS RING RD","01 TO 03",144,"Maisonette",1998,"73 years 03 months",790000
"2024-04","YISHUN","4 ROOM","122","YISHUN ST 11","01 TO 03",91,"New Generation",1984,"59 years 08 months",490000
"2024-04","YISHUN","5 ROOM","432A","YISHUN AVE 1","04 TO 06",112,"Improved",2015,"90 years 05 months",640000
"2024-05","BEDOK","3 ROOM","107","BEDOK NTH RD","07 TO 09",67,"New Generation",1977,"52 years 03 months",398000
"2024-05","BEDOK","3 ROOM","503","BEDOK NTH ST 3","04 TO 06",70,"Improved",1978,"53 years",340000
"2024-05","BEDOK","3 ROOM","504","BEDOK NTH ST 3","13 TO 15",59,"Improved",1978,"53 years",335000
"2024-05","BEDOK","3 ROOM","534","BEDOK NTH ST 3","01 TO 03",60,"Improved",1986,"60 years 09 months",336888
"2024-05","BEDOK","3 ROOM","1","BEDOK STH AVE 1","10 TO 12",59,"Improved",1976,"50 years 10 months",345000
"2024-05","BEDOK","3 ROOM","1","BEDOK STH AVE 1","04 TO 06",59,"Improved",1976,"50 years 09 months",363000
"2024-05","BEDOK","4 ROOM","626","BEDOK RESERVOIR RD","04 TO 06",91,"New Generation",1981,"55 years 11 months",535000
"2024-05","BEDOK","4 ROOM","37","BEDOK STH AVE 2","01 TO 03",84,"Improved",1977,"52 years 05 months",442000
"2024-05","BEDOK","5 ROOM","62","CHAI CHEE RD","04 TO 06",133,"Model A",1983,"58 years 06 months",645000
"2024-05","BISHAN","3 ROOM","24","SIN MING RD","10 TO 12",65,"Improved",1973,"48 years 06 months",365000
"2024-05","BUKIT BATOK","4 ROOM","161","BT BATOK ST 11","07 TO 09",105,"Model A",1984,"59 years 02 months",530000
"2024-05","BUKIT BATOK","4 ROOM","112","BT BATOK WEST AVE 6","07 TO 09",106,"Model A",1984,"59 years 06 months",535000
"2024-05","BUKIT BATOK","4 ROOM","446A","BT BATOK WEST AVE 8","13 TO 15",92,"Model A",2019,"93 years 09 months",655000
"2024-05","BUKIT MERAH","3 ROOM","105","HENDERSON CRES","22 TO 24",65,"Improved",1975,"49 years 09 months",380000
"2024-05","BUKIT MERAH","4 ROOM","70C","TELOK BLANGAH HTS","13 TO 15",93,"Model A",2017,"92 years 01 month",910000
"2024-05","BUKIT PANJANG","3 ROOM","227","PENDING RD","10 TO 12",73,"Model A",1989,"63 years 09 months",418000
"2024-05","BUKIT PANJANG","4 ROOM","613","BT PANJANG RING RD","01 TO 03",90,"Model A",2002,"77 years 01 month",480000
"2024-05","BUKIT PANJANG","4 ROOM","547B","SEGAR RD","10 TO 12",92,"Model A",2015,"90 years 03 months",590000
"2024-05","CHOA CHU KANG","4 ROOM","692B","CHOA CHU KANG CRES","01 TO 03",90,"Model A",2003,"77 years 10 months",460000
"2024-05","CHOA CHU KANG","4 ROOM","801C","KEAT HONG CL","04 TO 06",92,"Model A",2018,"92 years 09 months",525000
"2024-05","CHOA CHU KANG","5 ROOM","687D","CHOA CHU KANG DR","22 TO 24",111,"Improved",2003,"78 years",590888
"2024-05","CHOA CHU KANG","EXECUTIVE","528","CHOA CHU KANG ST 51","10 TO 12",145,"Apartment",1995,"70 years",715000
"2024-05","CLEMENTI","4 ROOM","462","CLEMENTI AVE 3","01 TO 03",90,"Model A",2006,"81 years 03 months",858000
"2024-05","CLEMENTI","4 ROOM","381","CLEMENTI AVE 5","10 TO 12",94,"New Generation",1981,"56 years 04 months",588000
"2024-05","HOUGANG","4 ROOM","419","HOUGANG AVE 8","10 TO 12",103,"Model A",1989,"64 years 02 months",6e+05
"2024-05","JURONG EAST","5 ROOM","403","PANDAN GDNS","07 TO 09",114,"Standard",1979,"54 years",432000
"2024-05","JURONG WEST","3 ROOM","216B","BOON LAY AVE","01 TO 03",68,"Model A",2018,"93 years 03 months",430000
"2024-05","JURONG WEST","3 ROOM","215","BOON LAY PL","07 TO 09",66,"Improved",1974,"49 years 05 months",316888
"2024-05","JURONG WEST","4 ROOM","720","JURONG WEST AVE 5","07 TO 09",104,"Model A",1989,"64 years 07 months",482000
"2024-05","JURONG WEST","EXECUTIVE","679A","JURONG WEST CTRL 1","04 TO 06",134,"Premium Apartment",2000,"75 years 02 months",780000
"2024-05","JURONG WEST","EXECUTIVE","556","JURONG WEST ST 42","07 TO 09",148,"Maisonette",1986,"61 years 02 months",708000
"2024-05","KALLANG/WHAMPOA","3 ROOM","7","ST. GEORGE'S LANE","01 TO 03",60,"Improved",1986,"61 years 01 month",375000
"2024-05","PASIR RIS","4 ROOM","468","PASIR RIS DR 6","04 TO 06",105,"Model A",1989,"64 years 01 month",548000
"2024-05","PASIR RIS","4 ROOM","574","PASIR RIS ST 53","10 TO 12",112,"Model A",1995,"70 years 06 months",685000
"2024-05","PUNGGOL","4 ROOM","138","EDGEDALE PLAINS","01 TO 03",90,"Premium Apartment",2003,"78 years 07 months",497000
"2024-05","PUNGGOL","4 ROOM","201B","PUNGGOL FIELD","10 TO 12",90,"Model A",2004,"79 years 02 months",557000
"2024-05","PUNGGOL","4 ROOM","212A","PUNGGOL WALK","04 TO 06",93,"Model A",2015,"90 years",608000
"2024-05","PUNGGOL","5 ROOM","130","EDGEDALE PLAINS","04 TO 06",111,"Premium Apartment",2003,"78 years 07 months",585000
"2024-05","PUNGGOL","5 ROOM","677C","PUNGGOL DR","04 TO 06",113,"Premium Apartment",2016,"91 years 05 months",780000
"2024-05","PUNGGOL","5 ROOM","173A","PUNGGOL FIELD","04 TO 06",110,"Improved",2003,"78 years 08 months",593000
"2024-05","QUEENSTOWN","4 ROOM","91","TANGLIN HALT RD","10 TO 12",90,"Model A",2008,"83 years 04 months",940000
"2024-05","SEMBAWANG","4 ROOM","363A","SEMBAWANG CRES","07 TO 09",93,"Model A",2019,"94 years 01 month",6e+05
"2024-05","SEMBAWANG","4 ROOM","362C","SEMBAWANG CRES","07 TO 09",93,"Model A",2019,"94 years 01 month",630000
"2024-05","SEMBAWANG","4 ROOM","466C","SEMBAWANG DR","16 TO 18",93,"Premium Apartment",2006,"80 years 10 months",550000
"2024-05","SENGKANG","4 ROOM","217C","COMPASSVALE DR","04 TO 06",93,"Premium Apartment",2017,"92 years 01 month",740000
"2024-05","SENGKANG","4 ROOM","204C","COMPASSVALE DR","13 TO 15",90,"Model A",2001,"75 years 09 months",585000
"2024-05","SENGKANG","4 ROOM","210B","COMPASSVALE LANE","07 TO 09",93,"Model A",2013,"87 years 10 months",646888
"2024-05","SERANGOON","4 ROOM","402","SERANGOON AVE 1","01 TO 03",105,"Model A",1989,"63 years 10 months",775888
"2024-05","SERANGOON","4 ROOM","409","SERANGOON CTRL","07 TO 09",103,"Model A",1989,"63 years 09 months",835000
"2024-05","TAMPINES","3 ROOM","868A","TAMPINES AVE 8","10 TO 12",67,"Model A",2015,"90 years 02 months",520528
"2024-05","TAMPINES","3 ROOM","604A","TAMPINES AVE 9","01 TO 03",68,"Model A",2020,"94 years 10 months",535000
"2024-05","TAMPINES","5 ROOM","305","TAMPINES ST 32","10 TO 12",125,"Improved",1993,"68 years 03 months",650000
"2024-05","WOODLANDS","2 ROOM","185B","WOODLANDS ST 13","10 TO 12",38,"Model A",2019,"94 years 06 months",328000
"2024-05","WOODLANDS","3 ROOM","2","MARSILING DR","10 TO 12",65,"Improved",1974,"49 years 03 months",290000
"2024-05","WOODLANDS","3 ROOM","6","MARSILING DR","04 TO 06",76,"Improved",1976,"50 years 09 months",365000
"2024-05","WOODLANDS","3 ROOM","101","WOODLANDS ST 13","07 TO 09",67,"New Generation",1985,"60 years",405000
"2024-05","WOODLANDS","4 ROOM","556","WOODLANDS DR 53","07 TO 09",102,"Model A",1999,"74 years 08 months",5e+05
"2024-05","WOODLANDS","4 ROOM","631","WOODLANDS RING RD","07 TO 09",101,"Model A",1998,"73 years 04 months",545888
"2024-05","WOODLANDS","5 ROOM","686C","WOODLANDS DR 73","10 TO 12",114,"Premium Apartment",2003,"77 years 10 months",610888
"2024-05","YISHUN","3 ROOM","223","YISHUN ST 21","04 TO 06",67,"New Generation",1986,"60 years 08 months",4e+05
"2024-05","YISHUN","3 ROOM","735","YISHUN ST 72","10 TO 12",67,"New Generation",1985,"59 years 10 months",390000
"2024-05","YISHUN","4 ROOM","348A","YISHUN AVE 11","07 TO 09",92,"DBSS",2013,"88 years 06 months",723888
"2024-05","YISHUN","4 ROOM","404","YISHUN AVE 6","01 TO 03",84,"Simplified",1988,"63 years 05 months",448000
"2024-05","YISHUN","4 ROOM","469A","YISHUN ST 43","04 TO 06",93,"Model A",2019,"94 years 07 months",555000
"2024-06","ANG MO KIO","3 ROOM","329","ANG MO KIO AVE 3","10 TO 12",73,"New Generation",1978,"52 years 08 months",470000
"2024-06","ANG MO KIO","3 ROOM","118","ANG MO KIO AVE 4","07 TO 09",74,"New Generation",1978,"53 years 01 month",405000
"2024-06","ANG MO KIO","4 ROOM","325","ANG MO KIO AVE 3","10 TO 12",98,"New Generation",1978,"53 years 04 months",628000
"2024-06","ANG MO KIO","4 ROOM","596C","ANG MO KIO ST 52","07 TO 09",91,"Model A",2002,"77 years 07 months",775000
"2024-06","BEDOK","3 ROOM","537","BEDOK NTH ST 3","01 TO 03",68,"New Generation",1980,"54 years 08 months",4e+05
"2024-06","BEDOK","3 ROOM","84","BEDOK NTH ST 4","01 TO 03",67,"New Generation",1978,"52 years 11 months",385000
"2024-06","BEDOK","4 ROOM","35","CHAI CHEE AVE","07 TO 09",82,"Improved",1975,"49 years 08 months",435000
"2024-06","BEDOK","5 ROOM","767","BEDOK RESERVOIR VIEW","10 TO 12",115,"Premium Apartment",2000,"75 years 07 months",802888
"2024-06","BISHAN","4 ROOM","114","BISHAN ST 12","01 TO 03",84,"Simplified",1986,"60 years 08 months",668000
"2024-06","BUKIT BATOK","2 ROOM","436A","BT BATOK WEST AVE 5","04 TO 06",47,"Model A",2020,"94 years 09 months",338000
"2024-06","BUKIT BATOK","3 ROOM","248","BT BATOK EAST AVE 5","07 TO 09",73,"Model A",1985,"60 years 02 months",390000
"2024-06","BUKIT PANJANG","5 ROOM","545","BT PANJANG RING RD","22 TO 24",120,"Improved",1999,"74 years 02 months",9e+05
"2024-06","BUKIT PANJANG","5 ROOM","630","SENJA RD","28 TO 30",110,"Premium Apartment",2004,"79 years 05 months",683000
"2024-06","CENTRAL AREA","4 ROOM","1G","CANTONMENT RD","43 TO 45",94,"Type S1",2011,"85 years 08 months",1365000
"2024-06","CHOA CHU KANG","4 ROOM","456","CHOA CHU KANG AVE 4","10 TO 12",105,"Premium Apartment",2000,"74 years 11 months",510000
"2024-06","CHOA CHU KANG","5 ROOM","487B","CHOA CHU KANG AVE 5","04 TO 06",113,"Improved",2016,"91 years 01 month",610000
"2024-06","CHOA CHU KANG","5 ROOM","692A","CHOA CHU KANG CRES","01 TO 03",110,"Improved",2003,"77 years 09 months",5e+05
"2024-06","GEYLANG","3 ROOM","52","SIMS PL","13 TO 15",76,"Improved",1977,"51 years 09 months",398888
"2024-06","HOUGANG","3 ROOM","667","HOUGANG AVE 4","01 TO 03",74,"Model A",1987,"62 years 01 month",432000
"2024-06","JURONG EAST","4 ROOM","319","JURONG EAST ST 31","04 TO 06",104,"Model A",1984,"59 years 02 months",495000
"2024-06","JURONG EAST","5 ROOM","238","JURONG EAST ST 21","04 TO 06",120,"Improved",1982,"57 years 04 months",608000
"2024-06","JURONG WEST","3 ROOM","528","JURONG WEST ST 52","01 TO 03",67,"New Generation",1983,"58 years",360000
"2024-06","JURONG WEST","4 ROOM","216B","BOON LAY AVE","04 TO 06",94,"Model A",2018,"93 years 02 months",588500
"2024-06","JURONG WEST","4 ROOM","478","JURONG WEST ST 41","01 TO 03",92,"New Generation",1985,"59 years 10 months",458000
"2024-06","JURONG WEST","4 ROOM","743","JURONG WEST ST 73","07 TO 09",104,"Model A",1992,"67 years 03 months",5e+05
"2024-06","JURONG WEST","4 ROOM","987B","JURONG WEST ST 93","16 TO 18",93,"Premium Apartment",2008,"83 years 03 months",553888
"2024-06","JURONG WEST","5 ROOM","648C","JURONG WEST ST 61","13 TO 15",110,"Improved",2001,"75 years 11 months",608000
"2024-06","JURONG WEST","5 ROOM","632","JURONG WEST ST 65","07 TO 09",110,"Improved",2001,"76 years 06 months",572888
"2024-06","JURONG WEST","EXECUTIVE","906","JURONG WEST ST 91","04 TO 06",145,"Maisonette",1989,"63 years 08 months",692000
"2024-06","KALLANG/WHAMPOA","3 ROOM","50","DORSET RD","01 TO 03",68,"New Generation",1979,"54 years 01 month",415000
"2024-06","KALLANG/WHAMPOA","3 ROOM","12","FARRER PK RD","22 TO 24",62,"Model A",2004,"79 years 01 month",610000
"2024-06","KALLANG/WHAMPOA","5 ROOM","48A","DORSET RD","10 TO 12",117,"Standard",1976,"51 years 02 months",752000
"2024-06","PASIR RIS","EXECUTIVE","645","PASIR RIS DR 10","07 TO 09",149,"Apartment",1995,"70 years 04 months",928888
"2024-06","PUNGGOL","4 ROOM","212A","PUNGGOL WALK","13 TO 15",93,"Model A",2015,"89 years 11 months",620000
"2024-06","PUNGGOL","5 ROOM","104A","EDGEFIELD PLAINS","04 TO 06",110,"Improved",2003,"78 years",580000
"2024-06","QUEENSTOWN","3 ROOM","88","C'WEALTH CL","07 TO 09",58,"Standard",1967,"41 years 08 months",368000
"2024-06","SENGKANG","3 ROOM","450C","SENGKANG WEST WAY","13 TO 15",67,"Model A",2014,"89 years 02 months",505000
"2024-06","SENGKANG","3 ROOM","433A","SENGKANG WEST WAY","10 TO 12",67,"Model A",2014,"89 years 05 months",515000
"2024-06","SENGKANG","4 ROOM","269C","COMPASSVALE LINK","04 TO 06",90,"Premium Apartment",2006,"80 years 09 months",633888
"2024-06","SENGKANG","4 ROOM","140","RIVERVALE ST","10 TO 12",90,"Model A2",1999,"73 years 08 months",536888
"2024-06","SENGKANG","5 ROOM","217B","COMPASSVALE DR","04 TO 06",112,"Premium Apartment",2017,"92 years",873888
"2024-06","SENGKANG","5 ROOM","204C","COMPASSVALE DR","01 TO 03",110,"Improved",2001,"75 years 08 months",605000
"2024-06","SENGKANG","EXECUTIVE","119B","RIVERVALE DR","07 TO 09",141,"Premium Apartment",2001,"75 years 10 months",871888
"2024-06","SERANGOON","5 ROOM","405","SERANGOON AVE 1","01 TO 03",121,"Improved",1989,"63 years 09 months",790000
"2024-06","TAMPINES","3 ROOM","809","TAMPINES AVE 4","04 TO 06",73,"Model A",1984,"58 years 11 months",425000
"2024-06","TAMPINES","3 ROOM","251","TAMPINES ST 21","10 TO 12",78,"Model A",1985,"59 years 08 months",438000
"2024-06","TAMPINES","4 ROOM","520A","TAMPINES CTRL 8","13 TO 15",84,"DBSS",2014,"89 years 01 month",805000
"2024-06","TAMPINES","4 ROOM","350","TAMPINES ST 33","07 TO 09",104,"Model A",1996,"71 years",580000
"2024-06","TAMPINES","5 ROOM","110","SIMEI ST 1","01 TO 03",122,"Improved",1988,"63 years 01 month",720000
"2024-06","TOA PAYOH","3 ROOM","9","JOO SENG RD","13 TO 15",68,"Model A",2017,"91 years 09 months",668888
"2024-06","TOA PAYOH","3 ROOM","53","LOR 5 TOA PAYOH","04 TO 06",68,"Improved",1968,"43 years 01 month",388000
"2024-06","TOA PAYOH","3 ROOM","263","TOA PAYOH EAST","22 TO 24",68,"Model A",2019,"94 years 07 months",720000
"2024-06","TOA PAYOH","4 ROOM","264","TOA PAYOH EAST","13 TO 15",93,"Model A",2019,"94 years 07 months",960000
"2024-06","WOODLANDS","EXECUTIVE","419","WOODLANDS ST 41","10 TO 12",179,"Apartment",1995,"70 years 05 months",1020000
"2024-06","YISHUN","3 ROOM","424A","YISHUN AVE 11","04 TO 06",67,"Model A",2015,"90 years 07 months",425000
"2024-06","YISHUN","4 ROOM","426C","YISHUN AVE 11","10 TO 12",92,"Model A",2015,"89 years 10 months",543000
"2024-06","YISHUN","4 ROOM","770","YISHUN AVE 3","07 TO 09",84,"Simplified",1986,"61 years 04 months",472000
"2024-06","YISHUN","4 ROOM","173","YISHUN AVE 7","07 TO 09",84,"Simplified",1987,"62 years 05 months",445000
"2024-06","YISHUN","4 ROOM","752","YISHUN ST 72","07 TO 09",92,"New Generation",1984,"59 years",530000
"2024-06","YISHUN","5 ROOM","318A","YISHUN AVE 9","13 TO 15",112,"Improved",2015,"90 years 05 months",712888
"2024-07","ANG MO KIO","3 ROOM","561","ANG MO KIO AVE 10","04 TO 06",68,"New Generation",1980,"54 years 07 months",385000
"2024-07","ANG MO KIO","4 ROOM","303","ANG MO KIO AVE 1","10 TO 12",97,"New Generation",1977,"51 years 09 months",620000
"2024-07","ANG MO KIO","4 ROOM","577","ANG MO KIO AVE 10","07 TO 09",91,"New Generation",1980,"54 years 07 months",530000
"2024-07","BEDOK","4 ROOM","183","BEDOK NTH RD","10 TO 12",85,"Model A",2005,"80 years 06 months",705000
"2024-07","BEDOK","4 ROOM","747C","BEDOK RESERVOIR CRES","10 TO 12",87,"DBSS",2014,"89 years 03 months",860000
"2024-07","BEDOK","5 ROOM","99","BEDOK NTH AVE 4","13 TO 15",120,"Standard",1978,"53 years 05 months",720000
"2024-07","BEDOK","5 ROOM","649","JLN TENAGA","13 TO 15",122,"Improved",1993,"67 years 11 months",845000
"2024-07","BUKIT BATOK","3 ROOM","263","BT BATOK EAST AVE 4","10 TO 12",73,"Model A",1985,"60 years",375000
"2024-07","BUKIT BATOK","3 ROOM","503","BT BATOK ST 52","04 TO 06",64,"Simplified",1987,"62 years 01 month",370000
"2024-07","BUKIT BATOK","3 ROOM","182","BT BATOK WEST AVE 8","04 TO 06",67,"New Generation",1984,"59 years 05 months",380000
"2024-07","BUKIT BATOK","3 ROOM","180","BT BATOK WEST AVE 8","04 TO 06",67,"New Generation",1984,"59 years 04 months",368000
"2024-07","BUKIT BATOK","3 ROOM","460B","BT BATOK WEST AVE 9","10 TO 12",68,"Model A",2020,"94 years 11 months",470000
"2024-07","BUKIT BATOK","4 ROOM","296C","BT BATOK ST 22","28 TO 30",92,"Premium Apartment",2018,"92 years 09 months",810000
"2024-07","BUKIT BATOK","4 ROOM","438B","BT BATOK WEST AVE 8","07 TO 09",93,"Model A",2020,"94 years 07 months",620000
"2024-07","BUKIT BATOK","5 ROOM","296A","BT BATOK ST 22","07 TO 09",115,"Premium Apartment",2018,"92 years 09 months",865888
"2024-07","BUKIT BATOK","5 ROOM","441B","BT BATOK WEST AVE 8","10 TO 12",112,"Improved",2019,"93 years 09 months",828888
"2024-07","BUKIT BATOK","EXECUTIVE","288A","BT BATOK ST 25","07 TO 09",144,"Apartment",1997,"72 years 06 months",1050000
"2024-07","BUKIT BATOK","EXECUTIVE","406","BT BATOK WEST AVE 7","01 TO 03",145,"Apartment",1993,"67 years 10 months",8e+05
"2024-07","BUKIT MERAH","3 ROOM","92B","TELOK BLANGAH ST 31","07 TO 09",68,"Model A",2018,"93 years 05 months",668000
"2024-07","BUKIT PANJANG","4 ROOM","613","BT PANJANG RING RD","07 TO 09",90,"Model A",2002,"76 years 10 months",523000
"2024-07","BUKIT PANJANG","5 ROOM","613","BT PANJANG RING RD","04 TO 06",110,"Improved",2002,"76 years 11 months",662000
"2024-07","BUKIT PANJANG","5 ROOM","443B","FAJAR RD","07 TO 09",113,"Improved",2016,"91 years 06 months",718000
"2024-07","CHOA CHU KANG","4 ROOM","487A","CHOA CHU KANG AVE 5","04 TO 06",93,"Model A",2016,"91 years",528000
"2024-07","CHOA CHU KANG","4 ROOM","484D","CHOA CHU KANG AVE 5","13 TO 15",100,"Model A",1999,"73 years 10 months",540000
"2024-07","CHOA CHU KANG","4 ROOM","801C","KEAT HONG CL","01 TO 03",92,"Model A",2018,"92 years 08 months",515000
"2024-07","CHOA CHU KANG","4 ROOM","801C","KEAT HONG CL","04 TO 06",92,"Model A",2018,"92 years 08 months",528000
"2024-07","CHOA CHU KANG","4 ROOM","11","TECK WHYE LANE","01 TO 03",99,"New Generation",1978,"52 years 11 months",438000
"2024-07","CHOA CHU KANG","5 ROOM","446","CHOA CHU KANG AVE 4","04 TO 06",118,"Improved",1997,"71 years 10 months",580000
"2024-07","CLEMENTI","4 ROOM","351","CLEMENTI AVE 2","07 TO 09",92,"New Generation",1978,"53 years 02 months",6e+05
"2024-07","GEYLANG","3 ROOM","83B","CIRCUIT RD","04 TO 06",68,"Model A",2020,"94 years 11 months",670000
"2024-07","HOUGANG","3 ROOM","475B","UPP SERANGOON CRES","16 TO 18",67,"DBSS",2014,"89 years 05 months",580000
"2024-07","HOUGANG","4 ROOM","932B","HOUGANG AVE 9","04 TO 06",92,"Model A",2017,"92 years 05 months",666000
"2024-07","HOUGANG","5 ROOM","541","HOUGANG AVE 8","01 TO 03",121,"Improved",1989,"64 years 04 months",620000
"2024-07","HOUGANG","5 ROOM","952","HOUGANG AVE 9","07 TO 09",120,"Improved",1999,"73 years 10 months",780000
"2024-07","JURONG EAST","4 ROOM","282","TOH GUAN RD","01 TO 03",90,"Model A2",1998,"73 years 05 months",506888
"2024-07","JURONG WEST","3 ROOM","484","JURONG WEST AVE 1","07 TO 09",67,"New Generation",1985,"60 years 01 month",360080
"2024-07","JURONG WEST","4 ROOM","543","JURONG WEST ST 42","07 TO 09",103,"Model A",1984,"59 years 06 months",468000
"2024-07","JURONG WEST","4 ROOM","755","JURONG WEST ST 74","01 TO 03",109,"Model A",1996,"71 years 04 months",505000
"2024-07","JURONG WEST","4 ROOM","339B","KANG CHING RD","04 TO 06",92,"Model A",2012,"86 years 09 months",612000
"2024-07","JURONG WEST","5 ROOM","201","BOON LAY DR","04 TO 06",122,"Standard",1976,"51 years",515000
"2024-07","KALLANG/WHAMPOA","5 ROOM","10","JLN BATU","07 TO 09",131,"Improved",1986,"60 years 07 months",830000
"2024-07","PASIR RIS","4 ROOM","626","PASIR RIS DR 3","04 TO 06",104,"Model A",1995,"70 years 01 month",588000
"2024-07","PASIR RIS","4 ROOM","112","PASIR RIS ST 11","04 TO 06",106,"Model A",1990,"64 years 10 months",580000
"2024-07","PASIR RIS","4 ROOM","528B","PASIR RIS ST 51","07 TO 09",93,"Model A",2015,"90 years 01 month",738888
"2024-07","PUNGGOL","4 ROOM","305A","PUNGGOL RD","04 TO 06",96,"Premium Apartment",2012,"87 years 01 month",682000
"2024-07","PUNGGOL","4 ROOM","260B","PUNGGOL WAY","04 TO 06",93,"Model A",2016,"91 years",610000
"2024-07","PUNGGOL","4 ROOM","224A","SUMANG LANE","13 TO 15",93,"Model A",2018,"93 years 05 months",628000
"2024-07","PUNGGOL","5 ROOM","231B","SUMANG LANE","13 TO 15",113,"Improved",2018,"93 years 05 months",745000
"2024-07","PUNGGOL","5 ROOM","323B","SUMANG WALK","22 TO 24",113,"Premium Apartment",2020,"94 years 06 months",908000
"2024-07","QUEENSTOWN","3 ROOM","93","C'WEALTH DR","01 TO 03",60,"Standard",1967,"41 years 07 months",340000
"2024-07","SEMBAWANG","3 ROOM","115B","CANBERRA WALK","04 TO 06",68,"Model A",2018,"93 years",487000
"2024-07","SEMBAWANG","4 ROOM","334","SEMBAWANG CL","04 TO 06",100,"Model A",1999,"74 years 06 months",510000
"2024-07","SENGKANG","4 ROOM","274C","COMPASSVALE BOW","04 TO 06",92,"Model A",2017,"92 years 05 months",780000
"2024-07","SENGKANG","4 ROOM","185B","RIVERVALE CRES","13 TO 15",85,"Model A2",2000,"75 years 06 months",530000
"2024-07","SENGKANG","4 ROOM","432B","SENGKANG WEST WAY","22 TO 24",93,"Model A",2014,"89 years 03 months",645000
"2024-07","SENGKANG","5 ROOM","258A","COMPASSVALE RD","10 TO 12",110,"Improved",2001,"75 years 09 months",670000
"2024-07","TAMPINES","3 ROOM","878A","TAMPINES AVE 8","04 TO 06",68,"Model A",2017,"92 years",525000
"2024-07","TAMPINES","3 ROOM","295","TAMPINES ST 22","07 TO 09",73,"Model A",1984,"58 years 09 months",420000
"2024-07","TAMPINES","3 ROOM","215","TAMPINES ST 23","04 TO 06",67,"New Generation",1985,"60 years 03 months",425000
"2024-07","TAMPINES","4 ROOM","601C","TAMPINES AVE 9","13 TO 15",92,"Model A",2020,"94 years 08 months",785000
"2024-07","TAMPINES","4 ROOM","715","TAMPINES ST 71","10 TO 12",99,"Model A",1997,"71 years 10 months",640000
"2024-07","TAMPINES","4 ROOM","726","TAMPINES ST 71","07 TO 09",103,"Model A",1997,"72 years 02 months",620000
"2024-07","TAMPINES","5 ROOM","489B","TAMPINES ST 45","07 TO 09",127,"Improved",1993,"68 years 03 months",670000
"2024-07","TOA PAYOH","4 ROOM","226","LOR 8 TOA PAYOH","04 TO 06",82,"Improved",1976,"50 years 11 months",470000
"2024-07","WOODLANDS","3 ROOM","2","MARSILING DR","04 TO 06",65,"Improved",1974,"49 years 01 month",328000
"2024-07","WOODLANDS","3 ROOM","180A","MARSILING RD","16 TO 18",67,"Model A",2015,"90 years 02 months",475000
"2024-07","WOODLANDS","4 ROOM","691C","WOODLANDS DR 73","13 TO 15",93,"Model A",2018,"93 years 01 month",660000
"2024-07","WOODLANDS","4 ROOM","843","WOODLANDS ST 82","04 TO 06",104,"Model A",1994,"69 years",530000
"2024-07","WOODLANDS","5 ROOM","553","WOODLANDS DR 44","10 TO 12",115,"Improved",2000,"74 years 11 months",650000
"2024-07","YISHUN","3 ROOM","424C","YISHUN AVE 11","07 TO 09",67,"Model A",2015,"90 years 06 months",468000
"2024-07","YISHUN","4 ROOM","429A","YISHUN AVE 11","04 TO 06",92,"Model A",2015,"90 years 06 months",535000
"2024-07","YISHUN","4 ROOM","672B","YISHUN AVE 4","10 TO 12",93,"Model A",2018,"92 years 06 months",610000
"2024-07","YISHUN","4 ROOM","218","YISHUN ST 21","04 TO 06",93,"New Generation",1985,"60 years",510000
"2024-07","YISHUN","4 ROOM","468A","YISHUN ST 43","07 TO 09",93,"Model A",2019,"94 years 05 months",580000
"2024-07","YISHUN","4 ROOM","468A","YISHUN ST 43","04 TO 06",93,"Model A",2019,"94 years 05 months",563888
"2024-07","YISHUN","5 ROOM","673A","YISHUN AVE 4","04 TO 06",112,"Improved",2018,"93 years 05 months",713000
"2024-07","YISHUN","5 ROOM","175","YISHUN AVE 7","01 TO 03",133,"Improved",1986,"61 years 03 months",660000
"2024-07","YISHUN","5 ROOM","315C","YISHUN AVE 9","04 TO 06",112,"Improved",2015,"90 years 04 months",690000
"2024-07","YISHUN","5 ROOM","297","YISHUN ST 20","01 TO 03",112,"Improved",2000,"75 years 04 months",615000
"2024-08","ANG MO KIO","3 ROOM","223","ANG MO KIO AVE 1","01 TO 03",67,"New Generation",1978,"52 years 06 months",375000
"2024-08","ANG MO KIO","3 ROOM","212","ANG MO KIO AVE 3","01 TO 03",67,"New Generation",1977,"51 years 09 months",360000
"2024-08","ANG MO KIO","3 ROOM","603","ANG MO KIO AVE 5","07 TO 09",67,"New Generation",1980,"54 years 11 months",380000
"2024-08","ANG MO KIO","3 ROOM","646","ANG MO KIO AVE 6","10 TO 12",75,"New Generation",1980,"55 years 04 months",462000
"2024-08","ANG MO KIO","4 ROOM","427","ANG MO KIO AVE 3","10 TO 12",92,"New Generation",1978,"53 years 03 months",560000
"2024-08","ANG MO KIO","5 ROOM","460","ANG MO KIO AVE 10","10 TO 12",120,"Improved",1980,"54 years 06 months",695000
"2024-08","BEDOK","5 ROOM","516","BEDOK NTH AVE 2","22 TO 24",119,"Improved",1979,"54 years 01 month",775000
"2024-08","BEDOK","5 ROOM","601","BEDOK RESERVOIR RD","04 TO 06",121,"Improved",1982,"56 years 10 months",640000
"2024-08","BISHAN","4 ROOM","232","BISHAN ST 22","01 TO 03",105,"Model A",1992,"66 years 10 months",710000
"2024-08","BUKIT BATOK","4 ROOM","292C","BT BATOK EAST AVE 6","16 TO 18",92,"Model A",2019,"93 years 06 months",718000
"2024-08","BUKIT BATOK","4 ROOM","439C","BT BATOK WEST AVE 8","04 TO 06",93,"Model A",2020,"94 years 07 months",602000
"2024-08","BUKIT MERAH","4 ROOM","26D","JLN MEMBINA","19 TO 21",90,"Model A",2009,"83 years 06 months",943000
"2024-08","BUKIT PANJANG","4 ROOM","257","BANGKIT RD","13 TO 15",104,"Model A",1989,"64 years",538000
"2024-08","BUKIT PANJANG","4 ROOM","458","SEGAR RD","10 TO 12",93,"Premium Apartment",2012,"87 years 04 months",6e+05
"2024-08","BUKIT PANJANG","5 ROOM","447","BT PANJANG RING RD","10 TO 12",120,"Improved",1997,"71 years 11 months",590000
"2024-08","BUKIT PANJANG","5 ROOM","538","JELAPANG RD","10 TO 12",120,"Improved",1999,"73 years 10 months",723000
"2024-08","CHOA CHU KANG","4 ROOM","281","CHOA CHU KANG AVE 3","13 TO 15",104,"Model A",1992,"67 years",546888
"2024-08","CHOA CHU KANG","5 ROOM","345","CHOA CHU KANG LOOP","10 TO 12",129,"Improved",1993,"67 years 11 months",725000
"2024-08","CLEMENTI","4 ROOM","301","CLEMENTI AVE 4","10 TO 12",92,"New Generation",1979,"53 years 08 months",602000
"2024-08","GEYLANG","3 ROOM","34","CASSIA CRES","10 TO 12",68,"New Generation",1981,"56 years",498000
"2024-08","GEYLANG","4 ROOM","82B","CIRCUIT RD","07 TO 09",93,"Model A",2020,"94 years 10 months",972000
"2024-08","GEYLANG","4 ROOM","82B","CIRCUIT RD","13 TO 15",93,"Model A",2020,"94 years 10 months",995000
"2024-08","HOUGANG","3 ROOM","110","HOUGANG AVE 1","04 TO 06",67,"New Generation",1982,"57 years 03 months",401000
"2024-08","HOUGANG","3 ROOM","19","HOUGANG AVE 3","04 TO 06",88,"New Generation",1978,"52 years 10 months",455000
"2024-08","HOUGANG","4 ROOM","996C","BUANGKOK CRES","10 TO 12",93,"Model A",2019,"94 years 02 months",650000
"2024-08","JURONG EAST","4 ROOM","56","TEBAN GDNS RD","19 TO 21",92,"Model A",2016,"91 years 04 months",620000
"2024-08","JURONG WEST","3 ROOM","216B","BOON LAY AVE","10 TO 12",68,"Model A",2018,"93 years 01 month",466000
"2024-08","JURONG WEST","5 ROOM","468","JURONG WEST ST 41","01 TO 03",130,"Improved",1985,"59 years 11 months",585000
"2024-08","JURONG WEST","5 ROOM","652C","JURONG WEST ST 61","10 TO 12",110,"Improved",2002,"76 years 11 months",625000
"2024-08","JURONG WEST","5 ROOM","654C","JURONG WEST ST 61","01 TO 03",111,"Improved",2002,"77 years 02 months",585000
"2024-08","JURONG WEST","EXECUTIVE","549","JURONG WEST ST 42","01 TO 03",151,"Maisonette",1986,"60 years 10 months",740000
"2024-08","JURONG WEST","EXECUTIVE","627","JURONG WEST ST 65","13 TO 15",130,"Apartment",2001,"76 years 01 month",746888
"2024-08","KALLANG/WHAMPOA","4 ROOM","116B","JLN TENTERAM","04 TO 06",93,"Model A",2017,"92 years 03 months",790000
"2024-08","KALLANG/WHAMPOA","4 ROOM","25A","ST. GEORGE'S LANE","01 TO 03",92,"Model A",2020,"94 years 10 months",950000
"2024-08","MARINE PARADE","3 ROOM","30","MARINE CRES","13 TO 15",65,"Improved",1975,"49 years 10 months",440000
"2024-08","MARINE PARADE","3 ROOM","4","MARINE TER","07 TO 09",76,"Improved",1975,"49 years 06 months",510000
"2024-08","PASIR RIS","4 ROOM","524A","PASIR RIS ST 51","04 TO 06",93,"Model A",2015,"90 years",705000
"2024-08","PASIR RIS","5 ROOM","767","PASIR RIS ST 71","04 TO 06",128,"Improved",1996,"71 years 02 months",708000
"2024-08","PUNGGOL","4 ROOM","120A","EDGEDALE PLAINS","16 TO 18",93,"Model A",2017,"91 years 11 months",640000
"2024-08","PUNGGOL","4 ROOM","271A","PUNGGOL WALK","13 TO 15",93,"Premium Apartment",2014,"88 years 09 months",778666
"2024-08","PUNGGOL","4 ROOM","220C","SUMANG LANE","04 TO 06",93,"Model A",2018,"93 years 05 months",6e+05
"2024-08","PUNGGOL","4 ROOM","313C","SUMANG LINK","07 TO 09",92,"Model A",2015,"89 years 11 months",680000
"2024-08","PUNGGOL","5 ROOM","110A","PUNGGOL FIELD","07 TO 09",110,"Improved",2003,"77 years 11 months",610000
"2024-08","QUEENSTOWN","3 ROOM","11","HOLLAND DR","19 TO 21",65,"Improved",1975,"49 years 06 months",460000
"2024-08","QUEENSTOWN","4 ROOM","30","GHIM MOH LINK","19 TO 21",93,"Model A",2018,"92 years 11 months",970000
"2024-08","QUEENSTOWN","4 ROOM","15","GHIM MOH RD","10 TO 12",82,"Improved",1977,"51 years 06 months",593000
"2024-08","QUEENSTOWN","4 ROOM","2","HOLLAND AVE","19 TO 21",88,"Improved",1974,"48 years 10 months",610388
"2024-08","QUEENSTOWN","4 ROOM","49","STRATHMORE AVE","04 TO 06",90,"Model A",2006,"81 years",928000
"2024-08","SEMBAWANG","4 ROOM","463C","SEMBAWANG DR","01 TO 03",92,"Model A",2015,"89 years 10 months",548000
"2024-08","SEMBAWANG","4 ROOM","508C","WELLINGTON CIRCLE","07 TO 09",85,"Model A",2004,"79 years 01 month",520000
"2024-08","SENGKANG","5 ROOM","216A","COMPASSVALE DR","10 TO 12",112,"Premium Apartment",2017,"91 years 09 months",992288
"2024-08","SENGKANG","5 ROOM","404B","FERNVALE LANE","25 TO 27",114,"Premium Apartment",2004,"78 years 10 months",668888
"2024-08","TAMPINES","3 ROOM","293","TAMPINES ST 22","07 TO 09",73,"Model A",1984,"58 years 11 months",427000
"2024-08","TAMPINES","4 ROOM","338","TAMPINES ST 33","04 TO 06",107,"Model A",1995,"70 years 05 months",570000
"2024-08","TAMPINES","4 ROOM","606B","TAMPINES ST 61","16 TO 18",92,"Model A",2020,"94 years 07 months",790000
"2024-08","TAMPINES","5 ROOM","322","TAMPINES ST 33","10 TO 12",129,"Improved",1995,"70 years 03 months",728000
"2024-08","TOA PAYOH","3 ROOM","9","JOO SENG RD","10 TO 12",68,"Model A",2017,"91 years 07 months",665000
"2024-08","TOA PAYOH","3 ROOM","262","TOA PAYOH EAST","31 TO 33",68,"Model A",2019,"94 years 05 months",785000
"2024-08","TOA PAYOH","4 ROOM","122","LOR 2 TOA PAYOH","07 TO 09",100,"Model A",1999,"74 years 05 months",838000
"2024-08","WOODLANDS","4 ROOM","758","WOODLANDS AVE 6","07 TO 09",102,"Model A",1998,"72 years 07 months",530000
"2024-08","WOODLANDS","4 ROOM","429","WOODLANDS ST 41","01 TO 03",90,"Simplified",1996,"71 years",470000
"2024-08","WOODLANDS","5 ROOM","787D","WOODLANDS CRES","04 TO 06",122,"Improved",1997,"72 years 02 months",695000
"2024-08","YISHUN","4 ROOM","512B","YISHUN ST 51","07 TO 09",93,"Model A",2017,"92 years 01 month",610000
"2024-08","YISHUN","4 ROOM","762","YISHUN ST 72","10 TO 12",84,"Simplified",1985,"60 years 03 months",488000
"2024-09","ANG MO KIO","3 ROOM","433","ANG MO KIO AVE 10","04 TO 06",67,"New Generation",1979,"53 years 05 months",408888
"2024-09","ANG MO KIO","3 ROOM","561","ANG MO KIO AVE 10","01 TO 03",68,"New Generation",1980,"54 years 05 months",395000
"2024-09","ANG MO KIO","5 ROOM","716","ANG MO KIO AVE 6","16 TO 18",119,"Improved",1980,"54 years 10 months",760000
"2024-09","BEDOK","3 ROOM","123","BEDOK NTH ST 2","04 TO 06",67,"New Generation",1978,"52 years 07 months",393000
"2024-09","BEDOK","4 ROOM","650","JLN TENAGA","01 TO 03",107,"Model A",1996,"70 years 11 months",665000
"2024-09","BEDOK","5 ROOM","604","BEDOK RESERVOIR RD","07 TO 09",126,"Improved",1982,"56 years 09 months",648000
"2024-09","BEDOK","5 ROOM","62","CHAI CHEE RD","04 TO 06",133,"Model A",1983,"58 years 01 month",630000
"2024-09","BUKIT MERAH","3 ROOM","22","TELOK BLANGAH CRES","10 TO 12",59,"Improved",1975,"49 years 09 months",370000
"2024-09","BUKIT MERAH","3 ROOM","44","TELOK BLANGAH DR","07 TO 09",65,"Improved",1976,"50 years 05 months",4e+05
"2024-09","BUKIT MERAH","5 ROOM","126A","KIM TIAN RD","40 TO 42",113,"Improved",2013,"87 years 06 months",1580000
"2024-09","CHOA CHU KANG","EXECUTIVE","109","TECK WHYE LANE","10 TO 12",146,"Maisonette",1989,"63 years 07 months",838000
"2024-09","GEYLANG","3 ROOM","17","EUNOS CRES","10 TO 12",59,"Improved",1977,"51 years 09 months",360000
"2024-09","GEYLANG","4 ROOM","56","CASSIA CRES","13 TO 15",102,"Model A",1998,"72 years 06 months",940000
"2024-09","GEYLANG","4 ROOM","327","UBI AVE 1","10 TO 12",105,"Model A",1985,"60 years 03 months",590000
"2024-09","HOUGANG","5 ROOM","249","HOUGANG AVE 3","01 TO 03",121,"Improved",1985,"59 years 05 months",660000
"2024-09","JURONG EAST","5 ROOM","227","JURONG EAST ST 21","13 TO 15",120,"Improved",1984,"58 years 10 months",715000
"2024-09","JURONG EAST","5 ROOM","260","JURONG EAST ST 24","10 TO 12",127,"Improved",1983,"57 years 06 months",635000
"2024-09","JURONG WEST","4 ROOM","668D","JURONG WEST ST 64","04 TO 06",85,"Model A2",2000,"74 years 11 months",535000
"2024-09","JURONG WEST","4 ROOM","165B","YUNG KUANG RD","13 TO 15",93,"Model A",2018,"93 years 02 months",620000
"2024-09","PUNGGOL","4 ROOM","325B","SUMANG WALK","07 TO 09",93,"Premium Apartment",2020,"94 years 05 months",613000
"2024-09","PUNGGOL","5 ROOM","322A","SUMANG WALK","01 TO 03",113,"Premium Apartment",2019,"93 years 07 months",740000
"2024-09","QUEENSTOWN","4 ROOM","91","TANGLIN HALT RD","28 TO 30",85,"Model A",2008,"83 years",992000
"2024-09","SEMBAWANG","3 ROOM","117A","CANBERRA CRES","04 TO 06",68,"Model A",2020,"94 years 09 months",5e+05
"2024-09","SEMBAWANG","4 ROOM","466A","SEMBAWANG DR","13 TO 15",90,"Premium Apartment",2006,"80 years 06 months",545000
"2024-09","SEMBAWANG","5 ROOM","121D","CANBERRA ST","07 TO 09",113,"Improved",2018,"92 years 05 months",752000
"2024-09","SENGKANG","5 ROOM","335C","ANCHORVALE CRES","07 TO 09",111,"Premium Apartment",2015,"90 years 04 months",822000
"2024-09","SENGKANG","5 ROOM","293B","COMPASSVALE CRES","10 TO 12",113,"Improved",2016,"91 years 03 months",800888
"2024-09","SERANGOON","3 ROOM","225","SERANGOON AVE 4","10 TO 12",67,"New Generation",1985,"59 years 07 months",475000
"2024-09","SERANGOON","5 ROOM","334","SERANGOON AVE 3","07 TO 09",121,"Improved",1987,"61 years 09 months",790000
"2024-09","SERANGOON","EXECUTIVE","520","SERANGOON NTH AVE 4","01 TO 03",147,"Maisonette",1992,"67 years 02 months",880000
"2024-09","TAMPINES","3 ROOM","819","TAMPINES ST 81","01 TO 03",68,"New Generation",1984,"59 years 04 months",465000
"2024-09","TAMPINES","4 ROOM","263","TAMPINES ST 21","07 TO 09",105,"Model A",1984,"59 years 01 month",623000
"2024-09","TAMPINES","4 ROOM","498G","TAMPINES ST 45","01 TO 03",106,"Premium Apartment",1997,"71 years 11 months",595000
"2024-09","TOA PAYOH","4 ROOM","130A","LOR 1 TOA PAYOH","37 TO 39",93,"Model A",2018,"93 years",1200888
"2024-09","TOA PAYOH","4 ROOM","79E","TOA PAYOH CTRL","04 TO 06",92,"Model A",2009,"83 years 08 months",810000
"2024-09","WOODLANDS","4 ROOM","693C","WOODLANDS AVE 6","13 TO 15",92,"Model A",2018,"93 years 01 month",610000
"2024-09","WOODLANDS","4 ROOM","519","WOODLANDS DR 14","04 TO 06",104,"Premium Apartment",2000,"75 years 01 month",576888
"2024-09","WOODLANDS","5 ROOM","782A","WOODLANDS CRES","13 TO 15",112,"Improved",2015,"89 years 10 months",650000
"2024-09","WOODLANDS","5 ROOM","514","WOODLANDS DR 14","07 TO 09",128,"Premium Apartment",1999,"73 years 07 months",745000
"2024-09","YISHUN","3 ROOM","712","YISHUN AVE 5","10 TO 12",68,"New Generation",1984,"58 years 08 months",420000
"2024-09","YISHUN","4 ROOM","431C","YISHUN AVE 1","13 TO 15",92,"Model A",2015,"90 years 01 month",580000
"2024-09","YISHUN","4 ROOM","390","YISHUN AVE 6","01 TO 03",84,"Simplified",1988,"63 years",485000
"2024-09","YISHUN","4 ROOM","225","YISHUN ST 21","10 TO 12",100,"New Generation",1985,"60 years 04 months",538000
"2024-09","YISHUN","5 ROOM","432C","YISHUN AVE 1","01 TO 03",112,"Improved",2015,"90 years 02 months",610000
"2024-10","ANG MO KIO","3 ROOM","462","ANG MO KIO AVE 10","01 TO 03",68,"New Generation",1980,"54 years 05 months",385000
"2024-10","ANG MO KIO","3 ROOM","577","ANG MO KIO AVE 10","07 TO 09",67,"New Generation",1980,"54 years 04 months",410000
"2024-10","ANG MO KIO","4 ROOM","118","ANG MO KIO AVE 4","01 TO 03",99,"New Generation",1978,"52 years 09 months",538000
"2024-10","BEDOK","3 ROOM","69","BEDOK STH AVE 3","07 TO 09",67,"New Generation",1978,"52 years 05 months",410000
"2024-10","BEDOK","3 ROOM","55","CHAI CHEE DR","10 TO 12",76,"Model A",1984,"58 years 07 months",420000
"2024-10","BEDOK","3 ROOM","54","CHAI CHEE ST","04 TO 06",68,"New Generation",1981,"55 years 08 months",395000
"2024-10","BEDOK","5 ROOM","666","JLN DAMAI","04 TO 06",126,"Improved",1996,"71 years 02 months",815000
"2024-10","BISHAN","EXECUTIVE","103","BISHAN ST 12","22 TO 24",163,"Maisonette",1986,"61 years 02 months",1410000
"2024-10","BISHAN","EXECUTIVE","261","BISHAN ST 22","10 TO 12",149,"Maisonette",1992,"66 years 11 months",1339000
"2024-10","BUKIT BATOK","4 ROOM","460C","BT BATOK WEST AVE 9","10 TO 12",93,"Model A",2020,"94 years 08 months",652800
"2024-10","BUKIT MERAH","3 ROOM","107","BT PURMEI RD","10 TO 12",67,"New Generation",1983,"57 years 04 months",510000
"2024-10","BUKIT MERAH","4 ROOM","142","JLN BT MERAH","04 TO 06",92,"New Generation",1979,"53 years 04 months",568000
"2024-10","BUKIT MERAH","4 ROOM","38","JLN RUMAH TINGGI","19 TO 21",99,"Model A",1997,"71 years 09 months",760000
"2024-10","BUKIT MERAH","4 ROOM","92B","TELOK BLANGAH ST 31","28 TO 30",93,"Model A",2018,"93 years 03 months",980000
"2024-10","BUKIT MERAH","5 ROOM","4A","BOON TIONG RD","04 TO 06",115,"Improved",2005,"80 years 01 month",1188888
"2024-10","CHOA CHU KANG","4 ROOM","219","CHOA CHU KANG CTRL","07 TO 09",106,"Model A",1990,"64 years 06 months",548888
"2024-10","CLEMENTI","3 ROOM","440A","CLEMENTI AVE 3","22 TO 24",69,"Model A",2018,"92 years 11 months",840000
"2024-10","CLEMENTI","3 ROOM","345","CLEMENTI AVE 5","04 TO 06",67,"New Generation",1979,"53 years 07 months",410000
"2024-10","GEYLANG","3 ROOM","82B","CIRCUIT RD","13 TO 15",68,"Model A",2020,"94 years 08 months",750000
"2024-10","GEYLANG","4 ROOM","18B","CIRCUIT RD","19 TO 21",93,"Model A",2016,"91 years 02 months",1010000
"2024-10","HOUGANG","3 ROOM","244","HOUGANG ST 22","10 TO 12",67,"New Generation",1984,"59 years",428000
"2024-10","HOUGANG","4 ROOM","987C","BUANGKOK GREEN","07 TO 09",93,"Model A",2015,"89 years 05 months",638000
"2024-10","JURONG EAST","3 ROOM","248","JURONG EAST ST 24","10 TO 12",82,"New Generation",1983,"57 years 06 months",455000
"2024-10","JURONG EAST","4 ROOM","228","JURONG EAST ST 21","10 TO 12",84,"Simplified",1987,"62 years 03 months",510000
"2024-10","JURONG WEST","3 ROOM","908","JURONG WEST ST 91","07 TO 09",73,"Model A",1989,"63 years 08 months",390000
"2024-10","JURONG WEST","4 ROOM","339B","KANG CHING RD","04 TO 06",92,"Model A",2012,"86 years 06 months",630000
"2024-10","JURONG WEST","5 ROOM","653A","JURONG WEST ST 61","01 TO 03",111,"Improved",2002,"77 years 01 month",580000
"2024-10","JURONG WEST","5 ROOM","678B","JURONG WEST ST 64","04 TO 06",110,"Premium Apartment",2008,"82 years 09 months",610000
"2024-10","KALLANG/WHAMPOA","3 ROOM","98","WHAMPOA DR","07 TO 09",65,"Improved",1974,"48 years 06 months",360000
"2024-10","PASIR RIS","4 ROOM","467","PASIR RIS DR 6","04 TO 06",105,"Model A",1989,"63 years 09 months",595000
"2024-10","PUNGGOL","4 ROOM","613C","PUNGGOL DR","07 TO 09",93,"Model A",2012,"87 years 03 months",640000
"2024-10","PUNGGOL","5 ROOM","677C","PUNGGOL DR","16 TO 18",113,"Premium Apartment",2016,"91 years 01 month",892000
"2024-10","PUNGGOL","5 ROOM","618C","PUNGGOL DR","13 TO 15",120,"Premium Apartment",2013,"88 years",925000
"2024-10","PUNGGOL","5 ROOM","677D","PUNGGOL DR","07 TO 09",113,"Premium Apartment",2016,"91 years",846000
"2024-10","PUNGGOL","5 ROOM","323D","SUMANG WALK","10 TO 12",113,"Premium Apartment",2020,"94 years 04 months",888000
"2024-10","QUEENSTOWN","3 ROOM","27","GHIM MOH LINK","28 TO 30",67,"Model A",2013,"87 years 08 months",735000
"2024-10","QUEENSTOWN","4 ROOM","130","CLARENCE LANE","13 TO 15",104,"Model A",1996,"70 years 11 months",988000
"2024-10","QUEENSTOWN","4 ROOM","168A","QUEENSWAY","13 TO 15",84,"Improved",1974,"48 years 09 months",489000
"2024-10","QUEENSTOWN","4 ROOM","51","STRATHMORE AVE","19 TO 21",90,"Model A",2006,"81 years 02 months",925000
"2024-10","SEMBAWANG","2 ROOM","590A","MONTREAL LINK","13 TO 15",47,"Model A",2015,"89 years 07 months",370000
"2024-10","SEMBAWANG","3 ROOM","128B","CANBERRA ST","10 TO 12",68,"Model A",2018,"93 years 01 month",518888
"2024-10","SEMBAWANG","4 ROOM","132B","CANBERRA VIEW","01 TO 03",92,"Model A",2020,"95 years",726000
"2024-10","SEMBAWANG","4 ROOM","362A","SEMBAWANG CRES","13 TO 15",93,"Model A",2019,"93 years 08 months",638000
"2024-10","SENGKANG","4 ROOM","336C","ANCHORVALE CRES","10 TO 12",92,"Premium Apartment",2015,"90 years 03 months",670000
"2024-10","SENGKANG","4 ROOM","331B","ANCHORVALE ST","07 TO 09",92,"Model A",2015,"89 years 11 months",650000
"2024-10","SENGKANG","5 ROOM","196","RIVERVALE DR","10 TO 12",111,"Improved",2001,"75 years 07 months",680000
"2024-10","TAMPINES","4 ROOM","606D","TAMPINES ST 61","13 TO 15",92,"Model A",2020,"94 years 05 months",768000
"2024-10","TOA PAYOH","3 ROOM","3","UPP ALJUNIED LANE","04 TO 06",57,"Standard",1968,"42 years 09 months",331000
"2024-10","TOA PAYOH","4 ROOM","131B","LOR 1 TOA PAYOH","25 TO 27",93,"Model A",2018,"92 years 11 months",1150000
"2024-10","TOA PAYOH","4 ROOM","209","TOA PAYOH NTH","04 TO 06",81,"Improved",1973,"47 years 10 months",478000
"2024-10","WOODLANDS","3 ROOM","204","MARSILING DR","10 TO 12",68,"New Generation",1981,"55 years 07 months",370000
"2024-10","WOODLANDS","4 ROOM","739","WOODLANDS CIRCLE","04 TO 06",91,"Model A2",1997,"71 years 11 months",510000
"2024-10","WOODLANDS","4 ROOM","577","WOODLANDS DR 16","04 TO 06",91,"Model A",2000,"75 years 02 months",535000
"2024-10","WOODLANDS","4 ROOM","886B","WOODLANDS DR 50","07 TO 09",92,"Premium Apartment",2015,"89 years 05 months",620000
"2024-10","WOODLANDS","4 ROOM","887B","WOODLANDS DR 50","13 TO 15",92,"Premium Apartment",2015,"89 years 05 months",645000
"2024-10","WOODLANDS","EXECUTIVE","797","WOODLANDS DR 72","10 TO 12",141,"Maisonette",1997,"72 years 01 month",810000
"2024-10","YISHUN","3 ROOM","462D","YISHUN AVE 6","10 TO 12",68,"Model A",2019,"93 years 11 months",488000
"2024-10","YISHUN","4 ROOM","798","YISHUN RING RD","10 TO 12",103,"Model A",1986,"61 years 01 month",580000
"2024-10","YISHUN","5 ROOM","930","YISHUN CTRL 1","07 TO 09",122,"Improved",1993,"67 years 05 months",728800
"2024-10","YISHUN","5 ROOM","870","YISHUN ST 81","04 TO 06",122,"Improved",1987,"62 years 04 months",690000
"2024-11","ANG MO KIO","3 ROOM","534","ANG MO KIO AVE 10","04 TO 06",68,"New Generation",1980,"54 years 04 months",418000
"2024-11","BUKIT BATOK","5 ROOM","190","BT BATOK WEST AVE 6","16 TO 18",118,"Improved",1997,"71 years 08 months",778000
"2024-11","BUKIT BATOK","EXECUTIVE","366","BT BATOK ST 31","10 TO 12",146,"Maisonette",1986,"60 years 05 months",9e+05
"2024-11","BUKIT MERAH","4 ROOM","80A","TELOK BLANGAH ST 31","04 TO 06",95,"Premium Apartment",2013,"87 years 10 months",9e+05
"2024-11","BUKIT PANJANG","4 ROOM","447","BT PANJANG RING RD","10 TO 12",101,"Model A",1997,"71 years 08 months",520000
"2024-11","CENTRAL AREA","3 ROOM","34","UPP CROSS ST","04 TO 06",65,"Improved",1975,"49 years 08 months",448000
"2024-11","CHOA CHU KANG","4 ROOM","636","CHOA CHU KANG NTH 6","04 TO 06",113,"Premium Apartment",1998,"72 years 03 months",610000
"2024-11","CHOA CHU KANG","EXECUTIVE","208","CHOA CHU KANG CTRL","01 TO 03",146,"Maisonette",1989,"63 years 11 months",780000
"2024-11","CLEMENTI","4 ROOM","609","CLEMENTI WEST ST 1","04 TO 06",92,"New Generation",1979,"54 years 01 month",482000
"2024-11","GEYLANG","4 ROOM","82A","CIRCUIT RD","04 TO 06",93,"Model A",2020,"94 years 07 months",963000
"2024-11","HOUGANG","4 ROOM","574","HOUGANG ST 51","07 TO 09",98,"Model A",1997,"71 years 07 months",615000
"2024-11","HOUGANG","4 ROOM","693","HOUGANG ST 61","07 TO 09",84,"Simplified",1987,"61 years 08 months",5e+05
"2024-11","HOUGANG","5 ROOM","477B","UPP SERANGOON VIEW","01 TO 03",112,"Premium Apartment",2016,"90 years 07 months",765000
"2024-11","JURONG EAST","4 ROOM","22","TEBAN GDNS RD","40 TO 42",92,"Model A",2013,"88 years",690000
"2024-11","JURONG EAST","4 ROOM","286D","TOH GUAN RD","13 TO 15",104,"Model A",1999,"73 years 03 months",635000
"2024-11","JURONG WEST","4 ROOM","949","JURONG WEST ST 91","01 TO 03",111,"Model A",1988,"63 years",505000
"2024-11","JURONG WEST","5 ROOM","729","JURONG WEST AVE 5","07 TO 09",121,"Improved",1989,"64 years 02 months",6e+05
"2024-11","KALLANG/WHAMPOA","3 ROOM","34","WHAMPOA WEST","04 TO 06",68,"Improved",1972,"46 years 04 months",385000
"2024-11","PUNGGOL","5 ROOM","663B","PUNGGOL DR","10 TO 12",110,"Improved",2016,"90 years 08 months",828888
"2024-11","PUNGGOL","5 ROOM","310C","PUNGGOL WALK","16 TO 18",112,"Premium Apartment",2016,"90 years 08 months",880000
"2024-11","SEMBAWANG","4 ROOM","131C","CANBERRA CRES","04 TO 06",92,"Model A",2020,"94 years 11 months",730000
"2024-11","SEMBAWANG","4 ROOM","362C","SEMBAWANG CRES","13 TO 15",93,"Model A",2019,"93 years 07 months",655888
"2024-11","SENGKANG","4 ROOM","213B","COMPASSVALE LANE","04 TO 06",95,"Premium Apartment",2012,"87 years",618000
"2024-11","SENGKANG","5 ROOM","132","RIVERVALE ST","04 TO 06",120,"Improved",1999,"73 years 06 months",620000
"2024-11","TAMPINES","3 ROOM","609D","TAMPINES NTH DR 1","07 TO 09",68,"Model A",2020,"95 years",6e+05
"2024-11","TAMPINES","3 ROOM","434","TAMPINES ST 43","01 TO 03",74,"Model A",1986,"60 years 10 months",468000
"2024-11","TAMPINES","4 ROOM","150","SIMEI ST 1","04 TO 06",84,"Simplified",1987,"62 years 02 months",555688
"2024-11","TAMPINES","4 ROOM","261","TAMPINES ST 21","07 TO 09",103,"Model A",1984,"59 years",6e+05
"2024-11","TAMPINES","5 ROOM","130","SIMEI ST 1","07 TO 09",121,"Improved",1987,"62 years 01 month",810000
"2024-11","TAMPINES","5 ROOM","457","TAMPINES ST 42","04 TO 06",122,"Improved",1986,"61 years",7e+05
"2024-11","TAMPINES","EXECUTIVE","860","TAMPINES AVE 5","01 TO 03",146,"Maisonette",1987,"62 years 01 month",938000
"2024-11","TOA PAYOH","5 ROOM","139A","LOR 1A TOA PAYOH","22 TO 24",114,"DBSS",2012,"86 years 07 months",1460000
"2024-11","WOODLANDS","4 ROOM","25","MARSILING DR","07 TO 09",91,"New Generation",1977,"51 years 08 months",422000
"2024-11","WOODLANDS","4 ROOM","575","WOODLANDS DR 16","10 TO 12",86,"Model A2",2000,"75 years 02 months",520000
"2024-11","WOODLANDS","5 ROOM","555","WOODLANDS DR 53","04 TO 06",120,"Improved",1999,"74 years 02 months",640000
"2024-11","YISHUN","4 ROOM","166","YISHUN RING RD","04 TO 06",83,"Simplified",1987,"62 years 02 months",502000
"2024-11","YISHUN","4 ROOM","260","YISHUN ST 22","01 TO 03",84,"Simplified",1985,"59 years 10 months",455000
"2024-11","YISHUN","EXECUTIVE","405","YISHUN AVE 6","04 TO 06",148,"Maisonette",1988,"62 years 10 months",855500
"2024-12","ANG MO KIO","4 ROOM","638","ANG MO KIO AVE 6","04 TO 06",91,"New Generation",1980,"54 years 08 months",590000
"2024-12","ANG MO KIO","4 ROOM","316A","ANG MO KIO ST 31","10 TO 12",95,"Model A",2006,"80 years 05 months",825000
"2024-12","BEDOK","4 ROOM","404","BEDOK NTH AVE 3","04 TO 06",92,"New Generation",1980,"54 years 05 months",523000
"2024-12","BEDOK","4 ROOM","761","BEDOK RESERVOIR VIEW","10 TO 12",105,"Premium Apartment",2000,"75 years 01 month",790000
"2024-12","BISHAN","5 ROOM","155","BISHAN ST 13","10 TO 12",121,"Improved",1987,"62 years 01 month",925000
"2024-12","BUKIT BATOK","2 ROOM","448A","BT BATOK WEST AVE 9","19 TO 21",38,"Model A",2019,"93 years 05 months",340000
"2024-12","BUKIT BATOK","3 ROOM","322","BT BATOK ST 33","07 TO 09",68,"New Generation",1985,"60 years",390000
"2024-12","BUKIT BATOK","3 ROOM","451A","BT BATOK WEST AVE 6","07 TO 09",67,"Model A",2019,"93 years 05 months",480000
"2024-12","BUKIT BATOK","3 ROOM","167","BT BATOK WEST AVE 8","04 TO 06",74,"Model A",1984,"59 years 02 months",420000
"2024-12","BUKIT BATOK","4 ROOM","160","BT BATOK ST 11","04 TO 06",104,"Model A",1984,"58 years 06 months",555000
"2024-12","BUKIT BATOK","4 ROOM","452A","BT BATOK WEST AVE 6","13 TO 15",93,"Model A",2019,"93 years 05 months",685000
"2024-12","BUKIT BATOK","4 ROOM","442B","BT BATOK WEST AVE 8","07 TO 09",92,"Model A",2019,"93 years 04 months",650000
"2024-12","BUKIT MERAH","2 ROOM","45","TELOK BLANGAH DR","01 TO 03",45,"Improved",1976,"50 years 02 months",312000
"2024-12","BUKIT MERAH","3 ROOM","26D","JLN MEMBINA","22 TO 24",60,"Model A",2009,"83 years 02 months",7e+05
"2024-12","BUKIT PANJANG","4 ROOM","181","JELEBU RD","22 TO 24",94,"Premium Apartment",2003,"77 years 06 months",822000
"2024-12","CHOA CHU KANG","EXECUTIVE","164","JLN TECK WHYE","07 TO 09",142,"Apartment",1998,"72 years 05 months",825000
"2024-12","GEYLANG","3 ROOM","19","EUNOS CRES","01 TO 03",65,"Improved",1977,"51 years 06 months",370000
"2024-12","HOUGANG","4 ROOM","630","HOUGANG AVE 8","07 TO 09",84,"Simplified",1986,"61 years 01 month",483000
"2024-12","HOUGANG","5 ROOM","408","HOUGANG AVE 10","07 TO 09",121,"Improved",1986,"60 years 06 months",765000
"2024-12","JURONG EAST","3 ROOM","242","JURONG EAST ST 24","01 TO 03",67,"New Generation",1982,"56 years 09 months",390000
"2024-12","JURONG WEST","4 ROOM","430","JURONG WEST AVE 1","04 TO 06",103,"Model A",1985,"59 years 02 months",490000
"2024-12","JURONG WEST","4 ROOM","661C","JURONG WEST ST 64","04 TO 06",91,"Model A",2001,"75 years 09 months",588000
"2024-12","JURONG WEST","4 ROOM","621","JURONG WEST ST 65","01 TO 03",90,"Model A2",2000,"75 years 01 month",518000
"2024-12","PASIR RIS","EXECUTIVE","459","PASIR RIS DR 4","07 TO 09",142,"Apartment",1992,"67 years 01 month",890000
"2024-12","PUNGGOL","2 ROOM","210C","PUNGGOL PL","01 TO 03",46,"Model A",2014,"89 years 01 month",338000
"2024-12","PUNGGOL","3 ROOM","220B","SUMANG LANE","13 TO 15",68,"Model A",2018,"93 years 01 month",535888
"2024-12","PUNGGOL","4 ROOM","603A","PUNGGOL RD","13 TO 15",92,"Model A",2012,"86 years 10 months",685000
"2024-12","PUNGGOL","4 ROOM","308B","PUNGGOL WALK","04 TO 06",92,"Premium Apartment",2016,"90 years 04 months",655888
"2024-12","PUNGGOL","EXECUTIVE","115","EDGEFIELD PLAINS","01 TO 03",130,"Premium Apartment",2003,"77 years 08 months",788000
"2024-12","QUEENSTOWN","2 ROOM","111","C'WEALTH CRES","07 TO 09",47,"Standard",1969,"43 years 02 months",288000
"2024-12","QUEENSTOWN","4 ROOM","28C","DOVER CRES","16 TO 18",95,"Model A",2012,"86 years 04 months",948000
"2024-12","QUEENSTOWN","4 ROOM","31","GHIM MOH LINK","13 TO 15",93,"Model A",2018,"92 years 08 months",1038000
"2024-12","SEMBAWANG","2 ROOM","101B","CANBERRA ST","01 TO 03",47,"2-room",2020,"95 years 01 month",360000
"2024-12","SEMBAWANG","2 ROOM","593B","MONTREAL LINK","07 TO 09",47,"Model A",2015,"89 years 05 months",368000
"2024-12","SEMBAWANG","4 ROOM","362A","SEMBAWANG CRES","10 TO 12",93,"Model A",2019,"93 years 07 months",651888
"2024-12","SEMBAWANG","5 ROOM","413","SEMBAWANG DR","10 TO 12",110,"Improved",2001,"75 years 05 months",610000
"2024-12","SEMBAWANG","EXECUTIVE","423","CANBERRA RD","01 TO 03",130,"Apartment",2001,"75 years 05 months",690000
"2024-12","SENGKANG","3 ROOM","302B","ANCHORVALE LINK","13 TO 15",83,"Model A",2007,"81 years 09 months",520000
"2024-12","SENGKANG","4 ROOM","212A","COMPASSVALE DR","13 TO 15",98,"Premium Apartment",2012,"86 years 11 months",660000
"2024-12","SENGKANG","4 ROOM","275B","COMPASSVALE LINK","04 TO 06",92,"Premium Apartment",2009,"83 years 08 months",800800
"2024-12","SENGKANG","4 ROOM","277D","COMPASSVALE LINK","13 TO 15",90,"Premium Apartment",2009,"83 years 08 months",828800
"2024-12","SENGKANG","4 ROOM","115","RIVERVALE WALK","04 TO 06",100,"Model A",1998,"73 years 02 months",560000
"2024-12","SENGKANG","5 ROOM","197","RIVERVALE DR","07 TO 09",111,"Improved",2001,"75 years 06 months",650000
"2024-12","SENGKANG","5 ROOM","325C","SENGKANG EAST WAY","13 TO 15",110,"Improved",2003,"77 years 04 months",718888
"2024-12","TAMPINES","4 ROOM","519A","TAMPINES CTRL 8","13 TO 15",83,"DBSS",2014,"88 years 07 months",880000
"2024-12","TAMPINES","4 ROOM","114","TAMPINES ST 11","04 TO 06",104,"Model A",1982,"56 years 09 months",622000
"2024-12","TAMPINES","5 ROOM","609B","TAMPINES NTH DR 1","04 TO 06",113,"Improved",2020,"94 years 11 months",9e+05
"2024-12","TOA PAYOH","4 ROOM","228","LOR 8 TOA PAYOH","16 TO 18",82,"Improved",1976,"50 years 11 months",455000
"2024-12","WOODLANDS","4 ROOM","154","WOODLANDS ST 13","04 TO 06",93,"New Generation",1986,"60 years 10 months",450000
"2024-12","YISHUN","4 ROOM","272","YISHUN ST 22","07 TO 09",84,"Simplified",1987,"61 years 06 months",490000
"2024-12","YISHUN","EXECUTIVE","828","YISHUN ST 81","07 TO 09",146,"Maisonette",1988,"62 years 03 months",990000
"2025-01","ANG MO KIO","3 ROOM","468","ANG MO KIO AVE 10","04 TO 06",67,"New Generation",1979,"53 years 11 months",413000
"2025-01","ANG MO KIO","3 ROOM","503","ANG MO KIO AVE 5","10 TO 12",68,"New Generation",1981,"55 years 01 month",450000
"2025-01","ANG MO KIO","4 ROOM","455C","ANG MO KIO ST 44","25 TO 27",93,"Model A",2018,"92 years 04 months",980000
"2025-01","BEDOK","3 ROOM","424","BEDOK NTH AVE 1","01 TO 03",67,"New Generation",1979,"53 years 03 months",450000
"2025-01","BEDOK","4 ROOM","36","BEDOK STH AVE 2","01 TO 03",84,"Improved",1977,"51 years 09 months",440000
"2025-01","BEDOK","5 ROOM","711","BEDOK RESERVOIR RD","10 TO 12",121,"Improved",1980,"54 years 11 months",712000
"2025-01","BUKIT BATOK","4 ROOM","244","BT BATOK EAST AVE 5","01 TO 03",96,"New Generation",1985,"59 years 10 months",488000
"2025-01","BUKIT BATOK","4 ROOM","445A","BT BATOK WEST AVE 8","07 TO 09",92,"Model A",2019,"93 years 02 months",668000
"2025-01","BUKIT BATOK","4 ROOM","460A","BT BATOK WEST AVE 9","04 TO 06",93,"Model A",2020,"94 years 06 months",630000
"2025-01","BUKIT BATOK","5 ROOM","288G","BT BATOK ST 25","04 TO 06",120,"Improved",1997,"71 years 11 months",688000
"2025-01","BUKIT MERAH","3 ROOM","34","JLN BT HO SWEE","01 TO 03",59,"Standard",1971,"45 years 01 month",378000
"2025-01","BUKIT MERAH","3 ROOM","77","TELOK BLANGAH DR","04 TO 06",67,"New Generation",1978,"52 years 02 months",425000
"2025-01","BUKIT MERAH","4 ROOM","54","HAVELOCK RD","07 TO 09",89,"Model A",2013,"87 years 06 months",930000
"2025-01","BUKIT MERAH","5 ROOM","4A","BOON TIONG RD","28 TO 30",115,"Improved",2005,"79 years 11 months",1333000
"2025-01","BUKIT MERAH","5 ROOM","25B","JLN MEMBINA","10 TO 12",110,"Improved",2009,"83 years 01 month",1118000
"2025-01","BUKIT PANJANG","4 ROOM","480","SEGAR RD","04 TO 06",92,"Premium Apartment",2002,"77 years",515000
"2025-01","CHOA CHU KANG","4 ROOM","685C","CHOA CHU KANG CRES","13 TO 15",85,"Model A2",2002,"76 years 11 months",512000
"2025-01","CHOA CHU KANG","4 ROOM","802C","KEAT HONG CL","01 TO 03",92,"Model A",2018,"92 years 02 months",548000
"2025-01","CHOA CHU KANG","EXECUTIVE","528","CHOA CHU KANG ST 51","07 TO 09",149,"Apartment",1995,"69 years 04 months",780000
"2025-01","CHOA CHU KANG","EXECUTIVE","527","CHOA CHU KANG ST 51","10 TO 12",143,"Apartment",1995,"69 years 02 months",760000
"2025-01","CLEMENTI","4 ROOM","342","CLEMENTI AVE 5","10 TO 12",98,"New Generation",1979,"53 years 04 months",610000
"2025-01","GEYLANG","3 ROOM","70","CIRCUIT RD","01 TO 03",56,"Standard",1969,"43 years 01 month",330000
"2025-01","HOUGANG","3 ROOM","22","HOUGANG AVE 3","04 TO 06",73,"New Generation",1978,"52 years 05 months",430000
"2025-01","HOUGANG","4 ROOM","988C","BUANGKOK GREEN","13 TO 15",93,"Model A",2015,"89 years 03 months",660000
"2025-01","JURONG WEST","EXECUTIVE","548","JURONG WEST ST 42","10 TO 12",148,"Maisonette",1985,"59 years 05 months",725000
"2025-01","KALLANG/WHAMPOA","3 ROOM","123","MCNAIR RD","04 TO 06",64,"Simplified",1987,"61 years 04 months",508000
"2025-01","KALLANG/WHAMPOA","4 ROOM","14A","UPP BOON KENG RD","01 TO 03",100,"Model A",1999,"73 years 06 months",760000
"2025-01","PASIR RIS","4 ROOM","139","PASIR RIS ST 11","01 TO 03",106,"Model A",1994,"68 years 04 months",6e+05
"2025-01","PUNGGOL","5 ROOM","162A","PUNGGOL CTRL","07 TO 09",114,"Premium Apartment",2004,"78 years 06 months",750000
"2025-01","PUNGGOL","5 ROOM","110C","PUNGGOL FIELD","16 TO 18",111,"Improved",2003,"77 years 05 months",705000
"2025-01","QUEENSTOWN","3 ROOM","32","HOLLAND CL","07 TO 09",59,"Improved",1974,"48 years 05 months",390000
"2025-01","QUEENSTOWN","4 ROOM","160","MEI LING ST","07 TO 09",85,"Improved",1970,"44 years 07 months",504888
"2025-01","QUEENSTOWN","5 ROOM","88","DAWSON RD","10 TO 12",108,"Premium Apartment",2016,"90 years 08 months",1340000
"2025-01","SEMBAWANG","4 ROOM","357","ADMIRALTY DR","16 TO 18",94,"Premium Apartment",2001,"75 years 07 months",611000
"2025-01","SEMBAWANG","4 ROOM","131A","CANBERRA CRES","04 TO 06",92,"Model A",2020,"94 years 09 months",735000
"2025-01","SEMBAWANG","5 ROOM","486","ADMIRALTY LINK","04 TO 06",112,"Improved",2004,"78 years 04 months",570000
"2025-01","SEMBAWANG","5 ROOM","341B","SEMBAWANG CL","10 TO 12",110,"Premium Apartment",2001,"75 years 07 months",660000
"2025-01","SENGKANG","4 ROOM","293C","COMPASSVALE CRES","13 TO 15",93,"Model A",2016,"90 years 11 months",695000
"2025-01","SENGKANG","4 ROOM","288A","COMPASSVALE CRES","01 TO 03",93,"Premium Apartment",2017,"91 years 11 months",600888
"2025-01","SENGKANG","4 ROOM","458A","SENGKANG WEST RD","04 TO 06",93,"Model A",2020,"94 years 09 months",625000
"2025-01","SERANGOON","4 ROOM","546","SERANGOON NTH AVE 3","10 TO 12",100,"Model A",1998,"72 years 01 month",608000
"2025-01","TAMPINES","4 ROOM","498M","TAMPINES ST 45","07 TO 09",106,"Premium Apartment",1997,"71 years 07 months",638888
"2025-01","TAMPINES","4 ROOM","916","TAMPINES ST 91","01 TO 03",103,"Model A",1984,"58 years 09 months",635000
"2025-01","TAMPINES","5 ROOM","609A","TAMPINES NTH DR 1","04 TO 06",113,"Improved",2020,"94 years 10 months",890000
"2025-01","TAMPINES","5 ROOM","425","TAMPINES ST 41","04 TO 06",122,"Improved",1985,"60 years",755000
"2025-01","TAMPINES","5 ROOM","871B","TAMPINES ST 86","04 TO 06",114,"Improved",2017,"91 years 03 months",840000
"2025-01","WOODLANDS","5 ROOM","602","WOODLANDS DR 42","07 TO 09",122,"Improved",1997,"71 years 05 months",634000
"2025-01","YISHUN","3 ROOM","210","YISHUN ST 21","04 TO 06",67,"New Generation",1985,"59 years 10 months",423000
"2025-01","YISHUN","4 ROOM","674A","YISHUN AVE 4","01 TO 03",93,"Model A",2018,"93 years",588000
"2025-02","BEDOK","3 ROOM","39","BEDOK STH RD","07 TO 09",67,"New Generation",1978,"52 years 08 months",430000
"2025-01","YISHUN","5 ROOM","109","YISHUN RING RD","07 TO 09",121,"Improved",1982,"56 years 06 months",695000
"2025-02","ANG MO KIO","3 ROOM","308A","ANG MO KIO AVE 1","01 TO 03",70,"Model A",2012,"87 years 02 months",550000
"2025-02","ANG MO KIO","3 ROOM","558","ANG MO KIO AVE 10","10 TO 12",67,"New Generation",1980,"54 years 01 month",403000
"2025-02","ANG MO KIO","3 ROOM","541","ANG MO KIO AVE 10","01 TO 03",68,"New Generation",1981,"55 years",405000
"2025-02","ANG MO KIO","3 ROOM","424","ANG MO KIO AVE 3","04 TO 06",73,"New Generation",1979,"53 years",485000
"2025-02","ANG MO KIO","4 ROOM","178","ANG MO KIO AVE 4","10 TO 12",93,"New Generation",1981,"55 years 03 months",610000
"2025-02","BEDOK","3 ROOM","29","NEW UPP CHANGI RD","04 TO 06",65,"Improved",1977,"51 years 05 months",390000
"2025-02","BUKIT BATOK","3 ROOM","225","BT BATOK CTRL","04 TO 06",67,"New Generation",1985,"59 years 07 months",408000
"2025-02","BUKIT BATOK","4 ROOM","346","BT BATOK ST 34","10 TO 12",103,"Model A",1986,"60 years",580000
"2025-02","BUKIT BATOK","4 ROOM","449A","BT BATOK WEST AVE 9","16 TO 18",93,"Model A",2019,"93 years 03 months",685000
"2025-02","BUKIT BATOK","5 ROOM","511","BT BATOK ST 52","07 TO 09",122,"Improved",1986,"60 years 09 months",650000
"2025-02","BUKIT MERAH","2 ROOM","45","TELOK BLANGAH DR","16 TO 18",45,"Improved",1976,"50 years 01 month",395000
"2025-02","BUKIT MERAH","3 ROOM","32","TELOK BLANGAH RISE","04 TO 06",70,"Improved",1976,"50 years 04 months",428000
"2025-02","BUKIT MERAH","4 ROOM","126A","KIM TIAN RD","16 TO 18",93,"Model A",2013,"87 years 01 month",1033000
"2025-02","BUKIT PANJANG","4 ROOM","620","BT PANJANG RING RD","13 TO 15",90,"Model A",2001,"75 years 09 months",532000
"2025-02","BUKIT PANJANG","4 ROOM","472","SEGAR RD","13 TO 15",90,"Premium Apartment",2002,"76 years 06 months",488000
"2025-02","BUKIT PANJANG","EXECUTIVE","239","BT PANJANG RING RD","10 TO 12",146,"Maisonette",1989,"63 years 01 month",855888
"2025-02","CHOA CHU KANG","5 ROOM","474","CHOA CHU KANG AVE 3","01 TO 03",120,"Improved",1999,"73 years 04 months",590000
"2025-02","CHOA CHU KANG","5 ROOM","751","CHOA CHU KANG NTH 5","10 TO 12",128,"Improved",1995,"69 years 05 months",7e+05
"2025-02","CHOA CHU KANG","EXECUTIVE","461","CHOA CHU KANG AVE 4","10 TO 12",142,"Premium Apartment",2000,"74 years 03 months",732000
"2025-02","CHOA CHU KANG","EXECUTIVE","341","CHOA CHU KANG LOOP","07 TO 09",143,"Apartment",1993,"67 years 06 months",938000
"2025-02","CLEMENTI","3 ROOM","325","CLEMENTI AVE 5","04 TO 06",67,"New Generation",1978,"52 years 07 months",455000
"2025-02","CLEMENTI","4 ROOM","420","CLEMENTI AVE 1","25 TO 27",92,"Model A",2013,"87 years 08 months",948888
"2025-02","CLEMENTI","4 ROOM","358","CLEMENTI AVE 2","04 TO 06",92,"New Generation",1978,"52 years 01 month",623800
"2025-02","GEYLANG","3 ROOM","87","CIRCUIT RD","01 TO 03",60,"Improved",1970,"44 years",345000
"2025-02","GEYLANG","3 ROOM","91","PAYA LEBAR WAY","10 TO 12",58,"Improved",1972,"46 years 08 months",340000
"2025-02","HOUGANG","3 ROOM","112","HOUGANG AVE 1","04 TO 06",67,"New Generation",1981,"55 years 11 months",445000
"2025-02","JURONG EAST","3 ROOM","249","JURONG EAST ST 24","04 TO 06",67,"New Generation",1983,"57 years",408000
"2025-02","JURONG EAST","3 ROOM","308","JURONG EAST ST 32","04 TO 06",74,"Model A",1984,"58 years 03 months",440000
"2025-02","JURONG WEST","3 ROOM","210","BOON LAY PL","22 TO 24",65,"Improved",1977,"51 years 09 months",348000
"2025-02","JURONG WEST","3 ROOM","119","HO CHING RD","01 TO 03",67,"Improved",1972,"46 years",323000
"2025-02","JURONG WEST","3 ROOM","914","JURONG WEST ST 91","10 TO 12",73,"Model A",1988,"62 years 06 months",4e+05
"2025-02","KALLANG/WHAMPOA","2 ROOM","9","JLN BATU","04 TO 06",48,"Standard",1970,"44 years 05 months",350000
"2025-02","KALLANG/WHAMPOA","3 ROOM","28","BENDEMEER RD","10 TO 12",71,"Improved",1972,"46 years",480000
"2025-02","KALLANG/WHAMPOA","4 ROOM","116A","JLN TENTERAM","16 TO 18",93,"Model A",2017,"91 years 10 months",850000
"2025-02","KALLANG/WHAMPOA","4 ROOM","25A","ST. GEORGE'S LANE","07 TO 09",92,"Model A",2020,"94 years 05 months",1025888
"2025-02","KALLANG/WHAMPOA","5 ROOM","56","GEYLANG BAHRU","13 TO 15",117,"Standard",1974,"48 years 06 months",760000
"2025-02","PUNGGOL","4 ROOM","612B","PUNGGOL DR","10 TO 12",93,"Model A",2012,"87 years",665000
"2025-02","PUNGGOL","4 ROOM","310B","PUNGGOL WALK","07 TO 09",92,"Premium Apartment",2016,"90 years 05 months",720000
"2025-02","PUNGGOL","4 ROOM","232C","SUMANG LANE","13 TO 15",93,"Model A",2018,"92 years 10 months",657000
"2025-02","PUNGGOL","5 ROOM","664B","PUNGGOL DR","10 TO 12",110,"Improved",2016,"90 years 05 months",828000
"2025-02","PUNGGOL","5 ROOM","203A","PUNGGOL FIELD","04 TO 06",110,"Improved",2004,"78 years 09 months",662000
"2025-02","QUEENSTOWN","2 ROOM","27","GHIM MOH LINK","01 TO 03",47,"Model A",2013,"87 years 03 months",430000
"2025-02","QUEENSTOWN","4 ROOM","78","DAWSON RD","10 TO 12",88,"Model A",2020,"94 years 10 months",1028000
"2025-02","QUEENSTOWN","4 ROOM","31","GHIM MOH LINK","22 TO 24",93,"Model A",2018,"92 years 05 months",1138000
"2025-02","SENGKANG","3 ROOM","353A","ANCHORVALE LANE","10 TO 12",68,"Model A",2021,"95 years 02 months",560000
"2025-02","SENGKANG","4 ROOM","239","COMPASSVALE WALK","13 TO 15",101,"Model A",1999,"73 years 09 months",605000
"2025-02","SENGKANG","5 ROOM","290A","COMPASSVALE CRES","07 TO 09",110,"Improved",2002,"76 years 01 month",658000
"2025-02","SENGKANG","5 ROOM","290B","COMPASSVALE CRES","01 TO 03",110,"Improved",2001,"75 years 11 months",620688
"2025-02","SERANGOON","EXECUTIVE","537","SERANGOON NTH AVE 4","01 TO 03",147,"Maisonette",1992,"66 years 10 months",975000
"2025-02","TAMPINES","3 ROOM","609C","TAMPINES NTH DR 1","13 TO 15",68,"Model A",2020,"94 years 09 months",575000
"2025-02","TAMPINES","3 ROOM","217","TAMPINES ST 23","04 TO 06",67,"New Generation",1986,"60 years 01 month",460000
"2025-02","TAMPINES","4 ROOM","486C","TAMPINES AVE 9","07 TO 09",108,"Model A",1993,"67 years 08 months",620000
"2025-02","TAMPINES","4 ROOM","508","TAMPINES CTRL 1","01 TO 03",103,"Model A",1989,"63 years 10 months",710000
"2025-02","TAMPINES","4 ROOM","930","TAMPINES ST 91","10 TO 12",104,"Model A",1984,"58 years 11 months",668000
"2025-02","TAMPINES","EXECUTIVE","858","TAMPINES AVE 5","04 TO 06",146,"Maisonette",1988,"62 years 01 month",1120000
"2025-02","TOA PAYOH","4 ROOM","9","JOO SENG RD","16 TO 18",93,"Model A",2017,"91 years 01 month",899000
"2025-02","TOA PAYOH","4 ROOM","131A","LOR 1 TOA PAYOH","07 TO 09",93,"Model A",2018,"92 years 07 months",1070000
"2025-02","WOODLANDS","3 ROOM","886A","WOODLANDS DR 50","07 TO 09",67,"Premium Apartment",2015,"89 years 01 month",488800
"2025-02","WOODLANDS","4 ROOM","369","WOODLANDS AVE 1","10 TO 12",102,"Model A",1996,"70 years 10 months",618888
"2025-02","YISHUN","3 ROOM","399","YISHUN AVE 6","07 TO 09",73,"Model A",1989,"63 years 03 months",450000
"2025-02","YISHUN","4 ROOM","726","YISHUN ST 71","04 TO 06",84,"Simplified",1985,"59 years 09 months",5e+05
